Timestamp,EstadoClasificado,Subsistema,DestinoRed,NeuralEngineActivo,TiempoRespuestaMs,Consulta,MensajeSistemaCrudo
2026-09-20 17:03:06.236,"Privado — todo en tu Mac","com.apple.intelligenceplatform","Sin conexiones activas",false,22055,"ViewUpdate: Finished update job for live","ViewUpdate: Finished update job for live"
2026-09-20 17:03:06.235,"Privado — todo en tu Mac","com.apple.intelligenceplatform","Sin conexiones activas",false,22055,"Procesando solicitud…","ViewUpdate: 37:AppsRecentlyFocused: Ending view update attempt"
2026-09-20 17:03:06.235,"Privado — todo en tu Mac","com.apple.intelligenceplatform","Sin conexiones activas",false,22055,"Procesando solicitud…","ViewUpdate: 37:AppsRecentlyFocused: No update required"
2026-09-20 17:03:06.213,"Privado — todo en tu Mac","com.apple.intelligenceplatform","Sin conexiones activas",false,22054,"Procesando solicitud…","ViewUpdate: 37:AppsRecentlyFocused: Beginning view update attempt"
2026-09-20 17:03:06.212,"Privado — todo en tu Mac","com.apple.intelligenceplatform","Sin conexiones activas",false,22054,"ViewUpdate: Initially have 1 views that may need updating","ViewUpdate: Initially have 1 views that may need updating"
2026-09-20 17:03:06.211,"Privado — todo en tu Mac","com.apple.intelligenceplatform","Sin conexiones activas",false,22054,"ViewUpdate: Starting schedule run <private>","ViewUpdate: Starting schedule run <private>"
2026-09-20 17:03:06.211,"Privado — todo en tu Mac","com.apple.intelligenceplatform","Sin conexiones activas",false,22054,"Procesando solicitud…","ViewUpdate: Beginning update job for live [runMode: update, checkSLA: true]"
2026-09-20 17:03:06.211,"Privado — todo en tu Mac","com.apple.intelligenceplatform","Sin conexiones activas",false,22054,"SourceUpdater: <private> triggered 37 to run on the live schedule","SourceUpdater: <private> triggered 37 to run on the live schedule"
2026-09-20 17:03:06.180,"Privado — todo en tu Mac","com.apple.intelligenceplatform","Sin conexiones activas",false,22054,"ViewUpdate: Finished update job for live","ViewUpdate: Finished update job for live"
2026-09-20 17:03:06.179,"Privado — todo en tu Mac","com.apple.intelligenceplatform","Sin conexiones activas",false,22054,"Procesando solicitud…","ViewUpdate: 37:AppsRecentlyFocused: Ending view update attempt"
2026-09-20 17:03:06.179,"Privado — todo en tu Mac","com.apple.intelligenceplatform","Sin conexiones activas",false,22054,"ViewUpdate: completed update","ViewUpdate: completed update"
2026-09-20 17:03:06.179,"Privado — todo en tu Mac","com.apple.intelligenceplatform","Sin conexiones activas",false,22054,"Procesando solicitud…","ViewUpdate: 37:AppsRecentlyFocused: View was updated"
2026-09-20 17:03:06.170,"Privado — todo en tu Mac","com.apple.intelligenceplatform","Sin conexiones activas",false,22054,"Procesando solicitud…","ViewUpdate: <private>: <private>: Finished update"
2026-09-20 17:03:06.170,"Privado — todo en tu Mac","com.apple.intelligenceplatform","Sin conexiones activas",false,22053,"Procesando solicitud…","ViewUpdate: <private>: Finished update"
2026-09-20 17:03:06.126,"Privado — todo en tu Mac","com.apple.intelligenceplatform","Sin conexiones activas",false,22053,"Using target provided in IntelligencePlatform for view: (<private>)","Using target provided in IntelligencePlatform for view: (<private>)"
2026-09-20 17:03:06.118,"Privado — todo en tu Mac","com.apple.intelligenceplatform","Sin conexiones activas",false,22053,"Procesando solicitud…","ViewUpdate: <private>: Update is required"
2026-09-20 17:03:06.102,"Privado — todo en tu Mac","com.apple.intelligenceplatform","Sin conexiones activas",false,22052,"Procesando solicitud…","ViewUpdate: 37:AppsRecentlyFocused: Beginning view update attempt"
2026-09-20 17:03:06.102,"Privado — todo en tu Mac","com.apple.intelligenceplatform","Sin conexiones activas",false,22052,"ViewUpdate: Initially have 1 views that may need updating","ViewUpdate: Initially have 1 views that may need updating"
2026-09-20 17:03:06.101,"Privado — todo en tu Mac","com.apple.intelligenceplatform","Sin conexiones activas",false,22052,"ViewUpdate: Starting schedule run <private>","ViewUpdate: Starting schedule run <private>"
2026-09-20 17:03:06.101,"Privado — todo en tu Mac","com.apple.intelligenceplatform","Sin conexiones activas",false,22052,"Procesando solicitud…","ViewUpdate: Beginning update job for live [runMode: update, checkSLA: true]"
2026-09-20 17:03:06.084,"Privado — todo en tu Mac","com.apple.intelligenceplatform","Sin conexiones activas",false,22052,"SourceUpdater: <private> triggered 37 to run on the live schedule","SourceUpdater: <private> triggered 37 to run on the live schedule"
2026-09-20 17:03:03.836,"Privado — todo en tu Mac","com.apple.intelligenceplatform","Sin conexiones activas",false,19719,"ViewUpdate: Finished update job for live","ViewUpdate: Finished update job for live"
2026-09-20 17:03:03.836,"Privado — todo en tu Mac","com.apple.intelligenceplatform","Sin conexiones activas",false,19719,"ViewUpdate: Initially have 0 views that may need updating","ViewUpdate: Initially have 0 views that may need updating"
2026-09-20 17:03:03.836,"Privado — todo en tu Mac","com.apple.intelligenceplatform","Sin conexiones activas",false,19719,"ViewUpdate: Starting schedule run <private>","ViewUpdate: Starting schedule run <private>"
2026-09-20 17:03:03.836,"Privado — todo en tu Mac","com.apple.intelligenceplatform","Sin conexiones activas",false,19719,"Procesando solicitud…","ViewUpdate: Beginning update job for live [runMode: update, checkSLA: true]"
2026-09-20 17:03:03.836,"Privado — todo en tu Mac","com.apple.intelligenceplatform","Sin conexiones activas",false,19719,"ViewUpdate: Finished update job for live","ViewUpdate: Finished update job for live"
2026-09-20 17:03:03.836,"Privado — todo en tu Mac","com.apple.intelligenceplatform","Sin conexiones activas",false,19719,"Procesando solicitud…","ViewUpdate: 37:AppsRecentlyFocused: Ending view update attempt"
2026-09-20 17:03:03.836,"Privado — todo en tu Mac","com.apple.intelligenceplatform","Sin conexiones activas",false,19719,"Procesando solicitud…","ViewUpdate: 37:AppsRecentlyFocused: No update required"
2026-09-20 17:03:03.830,"Privado — todo en tu Mac","com.apple.intelligenceplatform","Sin conexiones activas",false,19719,"Procesando solicitud…","ViewUpdate: 37:AppsRecentlyFocused: Beginning view update attempt"
2026-09-20 17:03:03.830,"Privado — todo en tu Mac","com.apple.intelligenceplatform","Sin conexiones activas",false,19719,"Procesando solicitud…","ViewUpdate: 37:AppsRecentlyFocused: Ending view update attempt"
2026-09-20 17:03:03.830,"Privado — todo en tu Mac","com.apple.intelligenceplatform","Sin conexiones activas",false,19719,"ViewUpdate: completed update","ViewUpdate: completed update"
2026-09-20 17:03:03.829,"Privado — todo en tu Mac","com.apple.intelligenceplatform","Sin conexiones activas",false,19719,"Procesando solicitud…","ViewUpdate: 37:AppsRecentlyFocused: View was updated"
2026-09-20 17:03:03.829,"Privado — todo en tu Mac","com.apple.intelligenceplatform","Sin conexiones activas",false,19718,"App.InFocus","ViewUpdate: 37:AppsRecentlyFocused: re-adding to schedule live as source timestamp has changed since the update for SourceState(sourceId: 22, sourceType: IntelligencePlatformCore.ViewUpdate.SourceType.biome, sourceIdentifier: ""App.InFocus"", updateType: IntelligencePlatformCore.ViewUpdate.UpdateType.normal, modifiedTimestamp: 811609383.808119, available: true, lastQueriedSourceData: nil)"
2026-09-20 17:03:03.828,"Privado — todo en tu Mac","com.apple.intelligenceplatform","Sin conexiones activas",false,19718,"Procesando solicitud…","ViewUpdate: <private>: <private>: Finished update"
2026-09-20 17:03:03.828,"Privado — todo en tu Mac","com.apple.intelligenceplatform","Sin conexiones activas",false,19718,"Procesando solicitud…","ViewUpdate: <private>: Finished update"
2026-09-20 17:03:03.815,"Privado — todo en tu Mac","com.apple.intelligenceplatform","Sin conexiones activas",false,19718,"Using target provided in IntelligencePlatform for view: (<private>)","Using target provided in IntelligencePlatform for view: (<private>)"
2026-09-20 17:03:03.811,"Privado — todo en tu Mac","com.apple.intelligenceplatform","Sin conexiones activas",false,19718,"SourceUpdater: <private> triggered 37 to run on the live schedule","SourceUpdater: <private> triggered 37 to run on the live schedule"
2026-09-20 17:03:03.811,"Privado — todo en tu Mac","com.apple.intelligenceplatform","Sin conexiones activas",false,19718,"Procesando solicitud…","ViewUpdate: <private>: Update is required"
2026-09-20 17:03:03.795,"Privado — todo en tu Mac","com.apple.intelligenceplatform","Sin conexiones activas",false,19718,"Procesando solicitud…","ViewUpdate: 37:AppsRecentlyFocused: Beginning view update attempt"
2026-09-20 17:03:03.794,"Privado — todo en tu Mac","com.apple.intelligenceplatform","Sin conexiones activas",false,19718,"ViewUpdate: Initially have 1 views that may need updating","ViewUpdate: Initially have 1 views that may need updating"
2026-09-20 17:03:03.789,"Privado — todo en tu Mac","com.apple.intelligenceplatform","Sin conexiones activas",false,19718,"ViewUpdate: Starting schedule run <private>","ViewUpdate: Starting schedule run <private>"
2026-09-20 17:03:03.789,"Privado — todo en tu Mac","com.apple.intelligenceplatform","Sin conexiones activas",false,19717,"Procesando solicitud…","ViewUpdate: Beginning update job for live [runMode: update, checkSLA: true]"
2026-09-20 17:03:03.789,"Privado — todo en tu Mac","com.apple.intelligenceplatform","Sin conexiones activas",false,19717,"SourceUpdater: <private> triggered 37 to run on the live schedule","SourceUpdater: <private> triggered 37 to run on the live schedule"
2026-09-20 17:02:54.614,"Privado — todo en tu Mac","com.apple.siri","Sin conexiones activas",false,10677,"Procesando solicitud…","-[CampoUISiriChatPresentationController _scheduleAudioResumptionAfterDelayInSec:]_block_invoke Resuming interrupted audio"
2026-09-20 17:02:54.614,"Privado — todo en tu Mac","com.apple.siri","Sin conexiones activas",false,10677,"Procesando solicitud…","-[CampoUISiriChatPresentationController _isSiriIdleAndQuiet] #idle YES - inIdleState:1 requestActive:0 speaking:0 audioPlaying:0 waitingForStartRequest:0 delayingSessionEndForInPlacePunchout:0"
2026-09-20 17:02:53.646,"Privado — todo en tu Mac","com.apple.intelligenceplatform","Sin conexiones activas",false,8380,"Procesando solicitud…","ViewUpdate: <private>: <private>: Finished update"
2026-09-20 17:02:53.646,"Privado — todo en tu Mac","com.apple.intelligenceplatform","Sin conexiones activas",false,8380,"Procesando solicitud…","ViewUpdate: <private>: Finished update"
2026-09-20 17:02:53.641,"Privado — todo en tu Mac","com.apple.intelligenceplatform","Sin conexiones activas",false,8380,"Using target provided in IntelligencePlatform for view: (<private>)","Using target provided in IntelligencePlatform for view: (<private>)"
2026-09-20 17:02:53.633,"Privado — todo en tu Mac","com.apple.intelligenceplatform","Sin conexiones activas",false,8380,"Procesando solicitud…","ViewUpdate: <private>: <private>: Finished update"
2026-09-20 17:02:53.633,"Privado — todo en tu Mac","com.apple.intelligenceplatform","Sin conexiones activas",false,8380,"Procesando solicitud…","ViewUpdate: <private>: Finished update"
2026-09-20 17:02:53.628,"Privado — todo en tu Mac","com.apple.intelligenceplatform","Sin conexiones activas",false,8380,"Using target provided in IntelligencePlatform for view: (<private>)","Using target provided in IntelligencePlatform for view: (<private>)"
2026-09-20 17:02:53.620,"Privado — todo en tu Mac","com.apple.intelligenceplatform","Sin conexiones activas",false,8380,"Procesando solicitud…","ViewUpdate: <private>: <private>: Finished update"
2026-09-20 17:02:53.620,"Privado — todo en tu Mac","com.apple.intelligenceplatform","Sin conexiones activas",false,8380,"Procesando solicitud…","ViewUpdate: <private>: Finished update"
2026-09-20 17:02:53.617,"Privado — todo en tu Mac","com.apple.siri","Sin conexiones activas",false,8380,"Procesando solicitud…","-[SRUIFSpeechSynthesizer stopStream:] #tts [stopStream] No stream found in task queue for streamId: <private>, dispatching completion"
2026-09-20 17:02:53.617,"Privado — todo en tu Mac","com.apple.siri","Sin conexiones activas",false,8380,"Procesando solicitud…","-[SRUIFSpeechSynthesizer stopStream:] #tts [stopStream] No active stream found for streamId: <private>"
2026-09-20 17:02:53.613,"Privado — todo en tu Mac","com.apple.intelligenceplatform","Sin conexiones activas",false,8380,"Using target provided in IntelligencePlatform for view: (<private>)","Using target provided in IntelligencePlatform for view: (<private>)"
2026-09-20 17:02:53.612,"Privado — todo en tu Mac","com.apple.intelligenceplatform","Sin conexiones activas",false,8380,"Procesando solicitud…","ViewUpdate: <private>: Update is required"
2026-09-20 17:02:53.605,"Privado — todo en tu Mac","com.apple.siri","Sin conexiones activas",false,8380,"Procesando solicitud…","-[SRUIFAceCommandRecords registerAceCommand:completion:] #aceCommandRecord identifier=<private>"
2026-09-20 17:02:53.601,"Privado — todo en tu Mac","com.apple.siri","Sin conexiones activas",false,8380,"Procesando solicitud…","-[SRUIFInstrumentationManager _storeCurrentInstrumentationTurnContextInLatestResponseProducingTurn] #instrumentation New turn produced output <private>"
2026-09-20 17:02:53.601,"Privado — todo en tu Mac","com.apple.siri","Sin conexiones activas",false,8380,"Procesando solicitud…","-[SRUIFInstrumentationManager _willInstrument:forTurn:] #noisy #instrumentation <private> in turn <private>:  <private>"
2026-09-20 17:02:53.601,"Privado — todo en tu Mac","com.apple.siri","Sin conexiones activas",false,8380,"Procesando solicitud…","-[CampoUISiriChatPresentationController siriPresentation:viewDidAppearWithAceObject:] Dialog phase is unexpectedly nil for aceObject : <private>"
2026-09-20 17:02:53.601,"Privado — todo en tu Mac","com.apple.siri","Sin conexiones activas",false,8380,"Procesando solicitud…","-[SRUIFAceCommandRecord incrementNumberOfSuccessfullyCompletedActions] #aceCommandRecord Marking ace command <private> as succeeded. 2 StartedActions == 2 SuccessfullyCompletedActions + 0 StoppedActions"
2026-09-20 17:02:53.601,"Privado — todo en tu Mac","com.apple.siri","Sin conexiones activas",false,8380,"Procesando solicitud…","-[SRUIFAceCommandRecords recordActionCompletedForAceCommand:success:] #aceCommandRecord aceCommand=<private> result=SRUIFAceCommandResultNone StartedActions=2 StoppedActions=0 SuccessfulActions=1 UnsuccessfulActions=0"
2026-09-20 17:02:53.601,"Privado — todo en tu Mac","com.apple.siri","Sin conexiones activas",false,8380,"Procesando solicitud…","-[SRUIFAceCommandRecords registerAceCommand:completion:] #aceCommandRecord identifier=<private>"
2026-09-20 17:02:53.601,"Privado — todo en tu Mac","com.apple.siri","Sin conexiones activas",false,8380,"Procesando solicitud…","-[CampoUISiriChatPresentationController _didCompleteActionForAceCommand:success:] #tts 33 recording command completed for aceCommand=<private> success=1"
2026-09-20 17:02:53.601,"Privado — todo en tu Mac","com.apple.siri","Sin conexiones activas",false,8380,"Procesando solicitud…","-[CampoUISiriChatPresentationController _delayAceCommandSuccess:forDuration:]_block_invoke #aceCommandRecord completing scheduled delayed action after 1.000000 seconds for command <private>"
2026-09-20 17:02:53.596,"Privado — todo en tu Mac","com.apple.intelligenceplatform","Sin conexiones activas",false,8380,"Procesando solicitud…","ViewUpdate: 32:ITDDatestampEventIDIndexView: Beginning view update attempt"
2026-09-20 17:02:53.596,"Privado — todo en tu Mac","com.apple.intelligenceplatform","Sin conexiones activas",false,8380,"Procesando solicitud…","ViewUpdate: 100:ITDDatestampClientSessionIDClientRequestIDIndexView: Ending view update attempt"
2026-09-20 17:02:53.596,"Privado — todo en tu Mac","com.apple.intelligenceplatform","Sin conexiones activas",false,8380,"ViewUpdate: completed update","ViewUpdate: completed update"
2026-09-20 17:02:53.595,"Privado — todo en tu Mac","com.apple.intelligenceplatform","Sin conexiones activas",false,8380,"Procesando solicitud…","ViewUpdate: 100:ITDDatestampClientSessionIDClientRequestIDIndexView: View was updated"
2026-09-20 17:02:53.595,"Privado — todo en tu Mac","com.apple.intelligenceplatform","Sin conexiones activas",false,8376,"IntelligenceFlow.Transcript.Datastream","ViewUpdate: 100:ITDDatestampClientSessionIDClientRequestIDIndexView: re-adding to schedule live as source timestamp has changed since the update for SourceState(sourceId: 44, sourceType: IntelligencePlatformCore.ViewUpdate.SourceType.biome, sourceIdentifier: ""IntelligenceFlow.Transcript.Datastream"", updateType: IntelligencePlatformCore.ViewUpdate.UpdateType.normal, modifiedTimestamp: 811609373.554575, available: true, lastQueriedSourceData: nil)"
2026-09-20 17:02:53.594,"Privado — todo en tu Mac","com.apple.intelligenceplatform","Sin conexiones activas",false,8376,"Procesando solicitud…","ViewUpdate: <private>: <private>: Finished update"
2026-09-20 17:02:53.594,"Privado — todo en tu Mac","com.apple.intelligenceplatform","Sin conexiones activas",false,8376,"Procesando solicitud…","ViewUpdate: <private>: Finished update"
2026-09-20 17:02:53.566,"Privado — todo en tu Mac","com.apple.intelligenceplatform","Sin conexiones activas",false,8375,"SourceUpdater: Dropping notification for <private> - no action needed","SourceUpdater: Dropping notification for <private> - no action needed"
2026-09-20 17:02:53.566,"Privado — todo en tu Mac","com.apple.siri","Sin conexiones activas",false,8375,"Procesando solicitud…","+[ADRequestLifecycleObserver _companionServiceCompletionHandler]_block_invoke Error Domain=kAFAssistantErrorDomain Code=1000"
2026-09-20 17:02:53.566,"Privado — todo en tu Mac","com.apple.siri","Sin conexiones activas",false,8375,"Processsing latency progress update: <private>","Processsing latency progress update: <private>"
2026-09-20 17:02:53.565,"Privado — todo en tu Mac","com.apple.siri","Sin conexiones activas",false,8375,"Procesando solicitud…","-[SRUIFSpeechSynthesizer _cancelByCancellingActiveTasksOnly:matching:]_block_invoke #tts Canceling speech synthesis"
2026-09-20 17:02:53.565,"Privado — todo en tu Mac","com.apple.siri","Sin conexiones activas",false,8375,"Procesando solicitud…","-[SRUIFSpeechSynthesizer _cancelByCancellingActiveTasksOnly:matching:]_block_invoke #tts cancelActiveTasksOnly=0; predicate=<private>"
2026-09-20 17:02:53.565,"Privado — todo en tu Mac","com.apple.siri","Sin conexiones activas",false,8375,"Procesando solicitud…","-[CampoUISiriChatPresentationController _checkAndUpdateSiriIdleAndQuietStatusIfNeededWithError:]_block_invoke Notifying presentation that Siri's active request options changed, siriIsIdleAndQuiet=1"
2026-09-20 17:02:53.565,"Privado — todo en tu Mac","com.apple.siri","Sin conexiones activas",false,8375,"Procesando solicitud…","-[CampoUISiriChatPresentationController _checkAndUpdateSiriIdleAndQuietStatusIfNeededWithError:]_block_invoke_2 #idleTimer Notifying presentation that Siri's idle and quiet status changed, siriIsIdleAndQuiet=1 isAttending=0"
2026-09-20 17:02:53.565,"Privado — todo en tu Mac","com.apple.siri","Sin conexiones activas",false,8375,"Procesando solicitud…","-[CampoUISiriChatPresentationController _scheduleAudioResumptionAfterDelayInSec:] Scheduling interrupted audio to be resumed in 1.000000 seconds"
2026-09-20 17:02:53.565,"Privado — todo en tu Mac","com.apple.siri","Sin conexiones activas",false,8375,"Procesando solicitud…","-[CampoUISiriChatPresentationController _scheduleInterruptedAudioResumingIfNeeded]_block_invoke Scheduling interrupted audio to be resumed if needed, isAttending: 0"
2026-09-20 17:02:53.565,"Privado — todo en tu Mac","com.apple.siri","Sin conexiones activas",false,8375,"Procesando solicitud…","-[CampoUISiriChatPresentationController _isSiriIdleAndQuiet] #idle YES - inIdleState:1 requestActive:0 speaking:0 audioPlaying:0 waitingForStartRequest:0 delayingSessionEndForInPlacePunchout:0"
2026-09-20 17:02:53.565,"Privado — todo en tu Mac","com.apple.siri","Sin conexiones activas",false,8375,"Procesando solicitud…","-[CampoUISiriChatPresentationController siriSessionDidFinishRequestWithError:]_block_invoke Should start listen after speaking 0 1"
2026-09-20 17:02:53.565,"Privado — todo en tu Mac","com.apple.siri","Sin conexiones activas",false,8375,"Procesando solicitud…","-[ADAssetManager _fetchAssetStatusForLanguage:] Retrieved asset status ASR: 1, NL: 1, Morphun: 1, Attention: 1, NLRouter: 1, IF: 1, TB: 1 (lang:en-US, uod:1, hybrid:0)"
2026-09-20 17:02:53.565,"Privado — todo en tu Mac","com.apple.siri","Sin conexiones activas",false,8375,"Procesando solicitud…","-[CampoUISiriChatPresentationController _setListenAfterSpeakingForRequestFinished:] listenAfterSpeaking - 0"
2026-09-20 17:02:53.565,"Privado — todo en tu Mac","com.apple.siri","Sin conexiones activas",false,8375,"Procesando solicitud…","-[SRUIFSpeechSynthesizer cancelProvisionalTasks] #tts predicate=<private>: { [task isProvisional] }"
2026-09-20 17:02:53.565,"Privado — todo en tu Mac","com.apple.siri","Sin conexiones activas",false,8375,"Procesando solicitud…","-[CampoUISiriChatPresentationController siriSessionDidFinishRequestWithError:] #session success"
2026-09-20 17:02:53.565,"Privado — todo en tu Mac","com.apple.siri","Sin conexiones activas",false,8375,"Procesando solicitud…","-[CampoUISiriChatPresentationController siriSessionDidTransitionFromState:toState:event:machAbsoluteTransitionTime:] #state changing fromState: SRUIFSiriSessionStateSuccess toState: SRUIFSiriSessionStateSuccess, event: SRUIFSiriSessionEventRequestFinished"
2026-09-20 17:02:53.565,"Privado — todo en tu Mac","com.apple.siri","Sin conexiones activas",false,8374,"Procesando solicitud…","-[CampoUISiriChatPresentationController _isSiriIdleAndQuiet] #idle NO  - inIdleState:1 requestActive:1 speaking:0 audioPlaying:0 waitingForStartRequest:0 delayingSessionEndForInPlacePunchout:0"
2026-09-20 17:02:53.565,"Privado — todo en tu Mac","com.apple.siri","Sin conexiones activas",false,8374,"Procesando solicitud…","-[SRUIFAudioPowerLevelUpdater sessionStateDidChangeTo:isAttending:] #IntuitiveConversation state=SRUIFSiriSessionStateSuccess attending=0"
2026-09-20 17:02:53.565,"Privado — todo en tu Mac","com.apple.siri","Sin conexiones activas",false,8374,"Procesando solicitud…","-[SRUIFStateFeedbackManager _cancelFeedbackWithCompletion:] #statefeedback cancelling state feedback"
2026-09-20 17:02:53.565,"Privado — todo en tu Mac","com.apple.siri","Sin conexiones activas",false,8374,"Procesando solicitud…","-[SRUIFStateFeedbackManager didTransitionFromState:toState:] #statefeedback Transitioning fromState: SRUIFSiriSessionStateSuccess toState: SRUIFSiriSessionStateSuccess"
2026-09-20 17:02:53.565,"Privado — todo en tu Mac","com.apple.siri","Sin conexiones activas",false,8374,"Procesando solicitud…","-[SRUIFSiriSessionStateHandler stateMachine:didTransitionFromState:forEvent:eventTimeStamp:] From SRUIFSiriSessionStateSuccess; To SRUIFSiriSessionStateSuccess; Event SRUIFSiriSessionEventRequestFinished"
2026-09-20 17:02:53.565,"Privado — todo en tu Mac","com.apple.siri","Sin conexiones activas",false,8374,"Procesando solicitud…","-[SRUIFSiriSessionStateHandler performTransitionForEvent:eventTimeStamp:] Current state SRUIFSiriSessionStateSuccess; event SRUIFSiriSessionEventRequestFinished"
2026-09-20 17:02:53.565,"Privado — todo en tu Mac","com.apple.siri","Sin conexiones activas",false,8374,"Procesando solicitud…","-[CampoUISiriChatSession assistantConnectionRequestFinished:]"
2026-09-20 17:02:53.565,"Privado — todo en tu Mac","com.apple.siri","Sin conexiones activas",false,8374,"Procesando solicitud…","+[AFAggregator logSiriRequestSucceeded]"
2026-09-20 17:02:53.565,"Privado — todo en tu Mac","com.apple.siri","Sin conexiones activas",false,8374,"Procesando solicitud…","-[CampoUISiriChatPresentationController siriSessionDidReceiveAddViewsCommand:completion:] Received an empty SAUIAssistantUtteranceView with no dialog from a SAUIAddViews with aceID:<private> refID:<private>. Marking command as SACommandSucceeded"
2026-09-20 17:02:53.565,"Privado — todo en tu Mac","com.apple.siri","Sin conexiones activas",false,8374,"Procesando solicitud…","-[CampoUISiriChatPresentationController siriSessionDidReceiveAddViewsCommand:completion:] #modes SAUIAddViews view class: SAUIAssistantUtteranceView"
2026-09-20 17:02:53.565,"Privado — todo en tu Mac","com.apple.siri","Sin conexiones activas",false,8374,"Procesando solicitud…","-[CampoUISiriChatPresentationController siriSessionDidReceiveAddViewsCommand:completion:] #Replay isReplaying: 0, wrapper: 0x0"
2026-09-20 17:02:53.565,"Privado — todo en tu Mac","com.apple.siri","Sin conexiones activas",false,8374,"Procesando solicitud…","-[CampoUISiriChatPresentationController siriSessionDidReceiveAddViewsCommand:completion:] #Replay receivedReplayCommand SAUIAddViews: <private>"
2026-09-20 17:02:53.564,"Privado — todo en tu Mac","com.apple.siri","Sin conexiones activas",false,8374,"Procesando solicitud…","-[AFConnection _extendExistingRequestTimeoutForReason:durationInSeconds:] reason = requestDidAskForTimeoutExtension:"
2026-09-20 17:02:53.564,"Privado — todo en tu Mac","com.apple.siri","Sin conexiones activas",false,8374,"Procesando solicitud…","-[SRUIFInstrumentationManager _willInstrument:forTurn:] #noisy #instrumentation <private> in turn <private>:  <private>"
2026-09-20 17:02:53.564,"Privado — todo en tu Mac","com.apple.siri","Sin conexiones activas",false,8374,"Procesando solicitud…","-[CampoUISiriChatPresentationController siriSessionDidReceiveUpdateVisualResponseSnippetCommand:completion:] command with viewId: <private> handled by presentation: YES"
2026-09-20 17:02:53.564,"Privado — todo en tu Mac","com.apple.siri","Sin conexiones activas",false,8374,"Procesando solicitud…","-[CampoUISiriChatPresentationController siriSessionDidReceiveAddViewsCommand:completion:] Received an empty SAUIAssistantUtteranceView with no dialog from a SAUIAddViews with aceID:<private> refID:<private>. Marking command as SACommandSucceeded"
2026-09-20 17:02:53.564,"Privado — todo en tu Mac","com.apple.siri","Sin conexiones activas",false,8374,"Procesando solicitud…","-[CampoUISiriChatPresentationController siriSessionDidReceiveAddViewsCommand:completion:] #modes SAUIAddViews view class: SAUIAssistantUtteranceView"
2026-09-20 17:02:53.564,"Privado — todo en tu Mac","com.apple.siri","Sin conexiones activas",false,8374,"Procesando solicitud…","-[CampoUISiriChatPresentationController siriSessionDidReceiveAddViewsCommand:completion:] #Replay isReplaying: 0, wrapper: 0x0"
2026-09-20 17:02:53.564,"Privado — todo en tu Mac","com.apple.siri","Sin conexiones activas",false,8374,"Procesando solicitud…","-[CampoUISiriChatPresentationController siriSessionDidReceiveAddViewsCommand:completion:] #Replay receivedReplayCommand SAUIAddViews: <private>"
2026-09-20 17:02:53.562,"Privado — todo en tu Mac","com.apple.siri","Sin conexiones activas",false,8374,"Procesando solicitud…","-[CampoUISiriChatPresentationController siriSessionDidReceiveUpdateVisualResponseSnippetCommand:completion:] command with viewId: <private> handled by presentation: YES"
2026-09-20 17:02:53.562,"Privado — todo en tu Mac","com.apple.siri","Sin conexiones activas",false,8374,"Procesando solicitud…","-[CampoUISiriChatPresentationController siriSessionDidReceiveStreamChunkCommand:completion:] #tts No utterances in stream or TTS suppressed, calling completion immediately"
2026-09-20 17:02:53.561,"Privado — todo en tu Mac","com.apple.siri","Sin conexiones activas",false,8374,"Procesando solicitud…","-[CampoUISiriChatSession assistantConnection:receivedCommand:completion:] Received Command: StreamChunk aceId: <private>"
2026-09-20 17:02:53.561,"Privado — todo en tu Mac","com.apple.siri","Sin conexiones activas",false,8374,"Procesando solicitud…","-[AFConnection _dispatchCommand:isInterstitial:interstitialPhase:interstitialDelay:reply:] command = <private>, isInterstitial = 0"
2026-09-20 17:02:53.561,"Privado — todo en tu Mac","com.apple.siri","Sin conexiones activas",false,8374,"Procesando solicitud…","-[AFConnection _handleCommand:reply:] command = <private>"
2026-09-20 17:02:53.561,"Privado — todo en tu Mac","com.apple.siri","Sin conexiones activas",false,8374,"Processsing latency progress update: <private>","Processsing latency progress update: <private>"
2026-09-20 17:02:53.561,"Privado — todo en tu Mac","com.apple.siri","Sin conexiones activas",false,8374,"Procesando solicitud…","-[AFConnection _extendExistingRequestTimeoutForReason:durationInSeconds:] No existing timeout timer set. Skipping."
2026-09-20 17:02:53.561,"Privado — todo en tu Mac","com.apple.siri","Sin conexiones activas",false,8374,"Procesando solicitud…","-[AFConnection _extendExistingRequestTimeoutForReason:durationInSeconds:] reason = requestDidAskForTimeoutExtension:"
2026-09-20 17:02:53.561,"Privado — todo en tu Mac","com.apple.siri","Sin conexiones activas",false,8374,"Procesando solicitud…","-[AFConnection _extendExistingRequestTimeoutForReason:durationInSeconds:] No existing timeout timer set. Skipping."
2026-09-20 17:02:53.561,"Privado — todo en tu Mac","com.apple.siri","Sin conexiones activas",false,8374,"Procesando solicitud…","-[AFConnection _extendExistingRequestTimeoutForReason:durationInSeconds:] reason = requestDidAskForTimeoutExtension:"
2026-09-20 17:02:53.561,"Privado — todo en tu Mac","com.apple.siri","Sin conexiones activas",false,8373,"Processsing latency progress update: <private>","Processsing latency progress update: <private>"
2026-09-20 17:02:53.561,"Privado — todo en tu Mac","com.apple.siri","Sin conexiones activas",false,8373,"Procesando solicitud…","-[CampoUISiriChatSession assistantConnection:receivedCommand:completion:] Received Command: StreamChunk aceId: <private>"
2026-09-20 17:02:53.561,"Privado — todo en tu Mac","com.apple.siri","Sin conexiones activas",false,8373,"Procesando solicitud…","-[AFConnection _dispatchCommand:isInterstitial:interstitialPhase:interstitialDelay:reply:] command = <private>, isInterstitial = 0"
2026-09-20 17:02:53.561,"Privado — todo en tu Mac","com.apple.siri","Sin conexiones activas",false,8373,"Procesando solicitud…","-[AFConnection _handleCommand:reply:] command = <private>"
2026-09-20 17:02:53.561,"Privado — todo en tu Mac","com.apple.siri","Sin conexiones activas",false,8373,"Procesando solicitud…","-[AFConnection _extendExistingRequestTimeoutForReason:durationInSeconds:] reason = requestDidAskForTimeoutExtension:"
2026-09-20 17:02:53.559,"Privado — todo en tu Mac","com.apple.intelligenceplatform","Sin conexiones activas",false,8373,"SourceUpdater: Dropping notification for <private> - no action needed","SourceUpdater: Dropping notification for <private> - no action needed"
2026-09-20 17:02:53.556,"Privado — todo en tu Mac","com.apple.intelligenceplatform","Sin conexiones activas",false,8373,"SourceUpdater: <private> triggered 100 to run on the live schedule","SourceUpdater: <private> triggered 100 to run on the live schedule"
2026-09-20 17:02:53.556,"Privado — todo en tu Mac","com.apple.intelligenceplatform","Sin conexiones activas",false,8373,"SourceUpdater: <private> triggered 99 to run on the live schedule","SourceUpdater: <private> triggered 99 to run on the live schedule"
2026-09-20 17:02:53.556,"Privado — todo en tu Mac","com.apple.intelligenceplatform","Sin conexiones activas",false,8373,"SourceUpdater: <private> triggered 32 to run on the live schedule","SourceUpdater: <private> triggered 32 to run on the live schedule"
2026-09-20 17:02:53.555,"Privado — todo en tu Mac","com.apple.intelligenceplatform","Sin conexiones activas",false,8373,"Using target provided in IntelligencePlatform for view: (<private>)","Using target provided in IntelligencePlatform for view: (<private>)"
2026-09-20 17:02:53.554,"Privado — todo en tu Mac","com.apple.intelligenceplatform","Sin conexiones activas",false,8373,"Procesando solicitud…","ViewUpdate: <private>: Update is required"
2026-09-20 17:02:53.553,"Privado — todo en tu Mac","com.apple.intelligenceplatform","Sin conexiones activas",false,8373,"Procesando solicitud…","ViewUpdate: 100:ITDDatestampClientSessionIDClientRequestIDIndexView: Beginning view update attempt"
2026-09-20 17:02:53.553,"Privado — todo en tu Mac","com.apple.intelligenceplatform","Sin conexiones activas",false,8373,"Procesando solicitud…","ViewUpdate: 99:ITDDatestampSessionIDIndexView: Ending view update attempt"
2026-09-20 17:02:53.553,"Privado — todo en tu Mac","com.apple.intelligenceplatform","Sin conexiones activas",false,8373,"ViewUpdate: completed update","ViewUpdate: completed update"
2026-09-20 17:02:53.553,"Privado — todo en tu Mac","com.apple.intelligenceplatform","Sin conexiones activas",false,8373,"Procesando solicitud…","ViewUpdate: 99:ITDDatestampSessionIDIndexView: View was updated"
2026-09-20 17:02:53.551,"Privado — todo en tu Mac","com.apple.intelligenceplatform","Sin conexiones activas",false,8373,"Procesando solicitud…","ViewUpdate: <private>: <private>: Finished update"
2026-09-20 17:02:53.551,"Privado — todo en tu Mac","com.apple.intelligenceplatform","Sin conexiones activas",false,8373,"Procesando solicitud…","ViewUpdate: <private>: Finished update"
2026-09-20 17:02:53.548,"Privado — todo en tu Mac","com.apple.intelligenceplatform","Sin conexiones activas",false,8373,"Using target provided in IntelligencePlatform for view: (<private>)","Using target provided in IntelligencePlatform for view: (<private>)"
2026-09-20 17:02:53.547,"Privado — todo en tu Mac","com.apple.intelligenceplatform","Sin conexiones activas",false,8373,"Procesando solicitud…","ViewUpdate: <private>: Update is required"
2026-09-20 17:02:53.544,"Privado — todo en tu Mac","com.apple.intelligenceplatform","Sin conexiones activas",false,8373,"Procesando solicitud…","ViewUpdate: 99:ITDDatestampSessionIDIndexView: Beginning view update attempt"
2026-09-20 17:02:53.543,"Privado — todo en tu Mac","com.apple.intelligenceplatform","Sin conexiones activas",false,8373,"Procesando solicitud…","ViewUpdate: 32:ITDDatestampEventIDIndexView: Ending view update attempt"
2026-09-20 17:02:53.543,"Privado — todo en tu Mac","com.apple.intelligenceplatform","Sin conexiones activas",false,8373,"Procesando solicitud…","ViewUpdate: 32:ITDDatestampEventIDIndexView: No update required"
2026-09-20 17:02:53.538,"Privado — todo en tu Mac","com.apple.intelligenceplatform","Sin conexiones activas",false,8372,"Procesando solicitud…","ViewUpdate: 32:ITDDatestampEventIDIndexView: Beginning view update attempt"
2026-09-20 17:02:53.538,"Privado — todo en tu Mac","com.apple.intelligenceplatform","Sin conexiones activas",false,8372,"Procesando solicitud…","ViewUpdate: 32:ITDDatestampEventIDIndexView: Ending view update attempt"
2026-09-20 17:02:53.538,"Privado — todo en tu Mac","com.apple.intelligenceplatform","Sin conexiones activas",false,8372,"ViewUpdate: completed update","ViewUpdate: completed update"
2026-09-20 17:02:53.537,"Privado — todo en tu Mac","com.apple.intelligenceplatform","Sin conexiones activas",false,8372,"Procesando solicitud…","ViewUpdate: 32:ITDDatestampEventIDIndexView: View was updated"
2026-09-20 17:02:53.537,"Privado — todo en tu Mac","com.apple.intelligenceplatform","Sin conexiones activas",false,8372,"IntelligenceFlow.Transcript.Datastream","ViewUpdate: 32:ITDDatestampEventIDIndexView: re-adding to schedule live as source timestamp has changed since the update for SourceState(sourceId: 44, sourceType: IntelligencePlatformCore.ViewUpdate.SourceType.biome, sourceIdentifier: ""IntelligenceFlow.Transcript.Datastream"", updateType: IntelligencePlatformCore.ViewUpdate.UpdateType.normal, modifiedTimestamp: 811609373.527909, available: true, lastQueriedSourceData: nil)"
2026-09-20 17:02:53.536,"Privado — todo en tu Mac","com.apple.intelligenceplatform","Sin conexiones activas",false,8372,"Procesando solicitud…","ViewUpdate: <private>: <private>: Finished update"
2026-09-20 17:02:53.536,"Privado — todo en tu Mac","com.apple.intelligenceplatform","Sin conexiones activas",false,8372,"Procesando solicitud…","ViewUpdate: <private>: Finished update"
2026-09-20 17:02:53.530,"Privado — todo en tu Mac","com.apple.intelligenceplatform","Sin conexiones activas",false,8372,"Using target provided in IntelligencePlatform for view: (<private>)","Using target provided in IntelligencePlatform for view: (<private>)"
2026-09-20 17:02:53.530,"Privado — todo en tu Mac","com.apple.intelligenceplatform","Sin conexiones activas",false,8372,"SourceUpdater: <private> triggered 32 to run on the live schedule","SourceUpdater: <private> triggered 32 to run on the live schedule"
2026-09-20 17:02:53.530,"Privado — todo en tu Mac","com.apple.intelligenceplatform","Sin conexiones activas",false,8372,"Procesando solicitud…","ViewUpdate: <private>: Update is required"
2026-09-20 17:02:53.529,"Privado — todo en tu Mac","com.apple.siri","Sin conexiones activas",false,8372,"Procesando solicitud…","-[CampoUISiriChatPresentationController siriSessionDidReceiveAddViewsCommand:completion:] Received an empty SAUIAssistantUtteranceView with no dialog from a SAUIAddViews with aceID:<private> refID:<private>. Marking command as SACommandSucceeded"
2026-09-20 17:02:53.529,"Privado — todo en tu Mac","com.apple.siri","Sin conexiones activas",false,8372,"Procesando solicitud…","-[CampoUISiriChatPresentationController siriSessionDidReceiveAddViewsCommand:completion:] #modes SAUIAddViews view class: SAUIAssistantUtteranceView"
2026-09-20 17:02:53.529,"Privado — todo en tu Mac","com.apple.siri","Sin conexiones activas",false,8372,"Procesando solicitud…","-[CampoUISiriChatPresentationController siriSessionDidReceiveAddViewsCommand:completion:] #Replay isReplaying: 0, wrapper: 0x0"
2026-09-20 17:02:53.529,"Privado — todo en tu Mac","com.apple.siri","Sin conexiones activas",false,8372,"Procesando solicitud…","-[CampoUISiriChatPresentationController siriSessionDidReceiveAddViewsCommand:completion:] #Replay receivedReplayCommand SAUIAddViews: <private>"
2026-09-20 17:02:53.529,"Privado — todo en tu Mac","com.apple.siri","Sin conexiones activas",false,8372,"Procesando solicitud…","-[CampoUISiriChatPresentationController siriSessionDidReceiveUpdateVisualResponseSnippetCommand:completion:] command with viewId: <private> handled by presentation: YES"
2026-09-20 17:02:53.528,"Privado — todo en tu Mac","com.apple.siri","Sin conexiones activas",false,8372,"Processsing latency progress update: <private>","Processsing latency progress update: <private>"
2026-09-20 17:02:53.528,"Privado — todo en tu Mac","com.apple.siri","Sin conexiones activas",false,8372,"Procesando solicitud…","-[CampoUISiriChatSession assistantConnection:receivedCommand:completion:] Received Command: StreamChunk aceId: <private>"
2026-09-20 17:02:53.528,"Privado — todo en tu Mac","com.apple.siri","Sin conexiones activas",false,8372,"Procesando solicitud…","-[AFConnection _dispatchCommand:isInterstitial:interstitialPhase:interstitialDelay:reply:] command = <private>, isInterstitial = 0"
2026-09-20 17:02:53.528,"Privado — todo en tu Mac","com.apple.siri","Sin conexiones activas",false,8372,"Procesando solicitud…","-[AFConnection _handleCommand:reply:] command = <private>"
2026-09-20 17:02:53.527,"Privado — todo en tu Mac","com.apple.siri","Sin conexiones activas",false,8372,"Procesando solicitud…","-[AFConnection _extendExistingRequestTimeoutForReason:durationInSeconds:] reason = requestDidAskForTimeoutExtension:"
2026-09-20 17:02:53.527,"Privado — todo en tu Mac","com.apple.intelligenceplatform","Sin conexiones activas",false,8372,"Procesando solicitud…","ViewUpdate: 32:ITDDatestampEventIDIndexView: Beginning view update attempt"
2026-09-20 17:02:53.527,"Privado — todo en tu Mac","com.apple.intelligenceplatform","Sin conexiones activas",false,8372,"SourceUpdater: <private> triggered 99 to run on the live schedule","SourceUpdater: <private> triggered 99 to run on the live schedule"
2026-09-20 17:02:53.527,"Privado — todo en tu Mac","com.apple.intelligenceplatform","Sin conexiones activas",false,8372,"SourceUpdater: <private> triggered 32 to run on the live schedule","SourceUpdater: <private> triggered 32 to run on the live schedule"
2026-09-20 17:02:53.527,"Privado — todo en tu Mac","com.apple.intelligenceplatform","Sin conexiones activas",false,8372,"Procesando solicitud…","ViewUpdate: 99:ITDDatestampSessionIDIndexView: Ending view update attempt"
2026-09-20 17:02:53.527,"Privado — todo en tu Mac","com.apple.intelligenceplatform","Sin conexiones activas",false,8372,"ViewUpdate: completed update","ViewUpdate: completed update"
2026-09-20 17:02:53.527,"Privado — todo en tu Mac","com.apple.siri","Sin conexiones activas",false,8372,"Procesando solicitud…","-[AFConnection _extendExistingRequestTimeoutForReason:durationInSeconds:] reason = requestDidAskForTimeoutExtension:"
2026-09-20 17:02:53.527,"Privado — todo en tu Mac","com.apple.intelligenceplatform","Sin conexiones activas",false,8372,"Procesando solicitud…","ViewUpdate: 99:ITDDatestampSessionIDIndexView: View was updated"
2026-09-20 17:02:53.526,"Privado — todo en tu Mac","com.apple.intelligenceplatform","Sin conexiones activas",false,8372,"Procesando solicitud…","ViewUpdate: <private>: <private>: Finished update"
2026-09-20 17:02:53.526,"Privado — todo en tu Mac","com.apple.intelligenceplatform","Sin conexiones activas",false,8372,"Procesando solicitud…","ViewUpdate: <private>: Finished update"
2026-09-20 17:02:53.498,"Privado — todo en tu Mac","com.apple.intelligenceplatform","Sin conexiones activas",false,8372,"Using target provided in IntelligencePlatform for view: (<private>)","Using target provided in IntelligencePlatform for view: (<private>)"
2026-09-20 17:02:53.497,"Privado — todo en tu Mac","com.apple.intelligenceplatform","Sin conexiones activas",false,8372,"Procesando solicitud…","ViewUpdate: <private>: Update is required"
2026-09-20 17:02:53.493,"Privado — todo en tu Mac","com.apple.intelligenceplatform","Sin conexiones activas",false,8372,"Procesando solicitud…","ViewUpdate: 99:ITDDatestampSessionIDIndexView: Beginning view update attempt"
2026-09-20 17:02:53.493,"Privado — todo en tu Mac","com.apple.intelligenceplatform","Sin conexiones activas",false,8372,"Procesando solicitud…","ViewUpdate: 32:ITDDatestampEventIDIndexView: Ending view update attempt"
2026-09-20 17:02:53.493,"Privado — todo en tu Mac","com.apple.intelligenceplatform","Sin conexiones activas",false,8372,"Procesando solicitud…","ViewUpdate: 32:ITDDatestampEventIDIndexView: No update required"
2026-09-20 17:02:53.490,"Privado — todo en tu Mac","com.apple.intelligenceplatform","Sin conexiones activas",false,8371,"Procesando solicitud…","ViewUpdate: 32:ITDDatestampEventIDIndexView: Beginning view update attempt"
2026-09-20 17:02:53.489,"Privado — todo en tu Mac","com.apple.intelligenceplatform","Sin conexiones activas",false,8371,"SourceUpdater: <private> triggered 32 to run on the live schedule","SourceUpdater: <private> triggered 32 to run on the live schedule"
2026-09-20 17:02:53.489,"Privado — todo en tu Mac","com.apple.intelligenceplatform","Sin conexiones activas",false,8371,"Procesando solicitud…","ViewUpdate: 32:ITDDatestampEventIDIndexView: Ending view update attempt"
2026-09-20 17:02:53.489,"Privado — todo en tu Mac","com.apple.intelligenceplatform","Sin conexiones activas",false,8371,"Procesando solicitud…","ViewUpdate: 32:ITDDatestampEventIDIndexView: No update required"
2026-09-20 17:02:53.488,"Privado — todo en tu Mac","com.apple.intelligenceplatform","Sin conexiones activas",false,8371,"Procesando solicitud…","ViewUpdate: 32:ITDDatestampEventIDIndexView: Beginning view update attempt"
2026-09-20 17:02:53.488,"Privado — todo en tu Mac","com.apple.intelligenceplatform","Sin conexiones activas",false,8371,"SourceUpdater: Dropping notification for <private> - no action needed","SourceUpdater: Dropping notification for <private> - no action needed"
2026-09-20 17:02:53.488,"Privado — todo en tu Mac","com.apple.intelligenceplatform","Sin conexiones activas",false,8371,"SourceUpdater: <private> triggered 32 to run on the live schedule","SourceUpdater: <private> triggered 32 to run on the live schedule"
2026-09-20 17:02:53.488,"Privado — todo en tu Mac","com.apple.intelligenceplatform","Sin conexiones activas",false,8371,"Procesando solicitud…","ViewUpdate: 32:ITDDatestampEventIDIndexView: Ending view update attempt"
2026-09-20 17:02:53.488,"Privado — todo en tu Mac","com.apple.intelligenceplatform","Sin conexiones activas",false,8371,"Procesando solicitud…","ViewUpdate: 32:ITDDatestampEventIDIndexView: No update required"
2026-09-20 17:02:53.487,"Privado — todo en tu Mac","com.apple.intelligenceplatform","Sin conexiones activas",false,8371,"Procesando solicitud…","ViewUpdate: 32:ITDDatestampEventIDIndexView: Beginning view update attempt"
2026-09-20 17:02:53.487,"Privado — todo en tu Mac","com.apple.intelligenceplatform","Sin conexiones activas",false,8371,"SourceUpdater: Dropping notification for <private> - no action needed","SourceUpdater: Dropping notification for <private> - no action needed"
2026-09-20 17:02:53.487,"Privado — todo en tu Mac","com.apple.intelligenceplatform","Sin conexiones activas",false,8371,"SourceUpdater: <private> triggered 32 to run on the live schedule","SourceUpdater: <private> triggered 32 to run on the live schedule"
2026-09-20 17:02:53.487,"Privado — todo en tu Mac","com.apple.intelligenceplatform","Sin conexiones activas",false,8371,"Procesando solicitud…","ViewUpdate: 32:ITDDatestampEventIDIndexView: Ending view update attempt"
2026-09-20 17:02:53.487,"Privado — todo en tu Mac","com.apple.intelligenceplatform","Sin conexiones activas",false,8371,"Procesando solicitud…","ViewUpdate: 32:ITDDatestampEventIDIndexView: No update required"
2026-09-20 17:02:53.486,"Privado — todo en tu Mac","com.apple.intelligenceplatform","Sin conexiones activas",false,8371,"Procesando solicitud…","ViewUpdate: 32:ITDDatestampEventIDIndexView: Beginning view update attempt"
2026-09-20 17:02:53.485,"Privado — todo en tu Mac","com.apple.intelligenceplatform","Sin conexiones activas",false,8371,"SourceUpdater: Dropping notification for <private> - no action needed","SourceUpdater: Dropping notification for <private> - no action needed"
2026-09-20 17:02:53.485,"Privado — todo en tu Mac","com.apple.intelligenceplatform","Sin conexiones activas",false,8371,"SourceUpdater: <private> triggered 32 to run on the live schedule","SourceUpdater: <private> triggered 32 to run on the live schedule"
2026-09-20 17:02:53.485,"Privado — todo en tu Mac","com.apple.intelligenceplatform","Sin conexiones activas",false,8371,"Procesando solicitud…","ViewUpdate: 32:ITDDatestampEventIDIndexView: Ending view update attempt"
2026-09-20 17:02:53.485,"Privado — todo en tu Mac","com.apple.intelligenceplatform","Sin conexiones activas",false,8371,"Procesando solicitud…","ViewUpdate: 32:ITDDatestampEventIDIndexView: No update required"
2026-09-20 17:02:53.484,"Privado — todo en tu Mac","com.apple.intelligenceplatform","Sin conexiones activas",false,8371,"Procesando solicitud…","ViewUpdate: 32:ITDDatestampEventIDIndexView: Beginning view update attempt"
2026-09-20 17:02:53.484,"Privado — todo en tu Mac","com.apple.intelligenceplatform","Sin conexiones activas",false,8371,"SourceUpdater: Dropping notification for <private> - no action needed","SourceUpdater: Dropping notification for <private> - no action needed"
2026-09-20 17:02:53.484,"Privado — todo en tu Mac","com.apple.intelligenceplatform","Sin conexiones activas",false,8371,"SourceUpdater: <private> triggered 32 to run on the live schedule","SourceUpdater: <private> triggered 32 to run on the live schedule"
2026-09-20 17:02:53.484,"Privado — todo en tu Mac","com.apple.intelligenceplatform","Sin conexiones activas",false,8371,"Procesando solicitud…","ViewUpdate: 32:ITDDatestampEventIDIndexView: Ending view update attempt"
2026-09-20 17:02:53.484,"Privado — todo en tu Mac","com.apple.intelligenceplatform","Sin conexiones activas",false,8371,"Procesando solicitud…","ViewUpdate: 32:ITDDatestampEventIDIndexView: No update required"
2026-09-20 17:02:53.482,"Privado — todo en tu Mac","com.apple.intelligenceplatform","Sin conexiones activas",false,8371,"SourceUpdater: Dropping notification for <private> - no action needed","SourceUpdater: Dropping notification for <private> - no action needed"
2026-09-20 17:02:53.482,"Privado — todo en tu Mac","com.apple.intelligenceplatform","Sin conexiones activas",false,8371,"Procesando solicitud…","ViewUpdate: 32:ITDDatestampEventIDIndexView: Beginning view update attempt"
2026-09-20 17:02:53.482,"Privado — todo en tu Mac","com.apple.intelligenceplatform","Sin conexiones activas",false,8371,"SourceUpdater: <private> triggered 32 to run on the live schedule","SourceUpdater: <private> triggered 32 to run on the live schedule"
2026-09-20 17:02:53.482,"Privado — todo en tu Mac","com.apple.intelligenceplatform","Sin conexiones activas",false,8371,"Procesando solicitud…","ViewUpdate: 32:ITDDatestampEventIDIndexView: Ending view update attempt"
2026-09-20 17:02:53.482,"Privado — todo en tu Mac","com.apple.intelligenceplatform","Sin conexiones activas",false,8371,"Procesando solicitud…","ViewUpdate: 32:ITDDatestampEventIDIndexView: No update required"
2026-09-20 17:02:53.481,"Privado — todo en tu Mac","com.apple.intelligenceplatform","Sin conexiones activas",false,8371,"Procesando solicitud…","ViewUpdate: 32:ITDDatestampEventIDIndexView: Beginning view update attempt"
2026-09-20 17:02:53.481,"Privado — todo en tu Mac","com.apple.intelligenceplatform","Sin conexiones activas",false,8371,"SourceUpdater: Dropping notification for <private> - no action needed","SourceUpdater: Dropping notification for <private> - no action needed"
2026-09-20 17:02:53.481,"Privado — todo en tu Mac","com.apple.intelligenceplatform","Sin conexiones activas",false,8371,"SourceUpdater: <private> triggered 32 to run on the live schedule","SourceUpdater: <private> triggered 32 to run on the live schedule"
2026-09-20 17:02:53.481,"Privado — todo en tu Mac","com.apple.intelligenceplatform","Sin conexiones activas",false,8371,"Procesando solicitud…","ViewUpdate: 32:ITDDatestampEventIDIndexView: Ending view update attempt"
2026-09-20 17:02:53.481,"Privado — todo en tu Mac","com.apple.intelligenceplatform","Sin conexiones activas",false,8371,"Procesando solicitud…","ViewUpdate: 32:ITDDatestampEventIDIndexView: No update required"
2026-09-20 17:02:53.479,"Privado — todo en tu Mac","com.apple.intelligenceplatform","Sin conexiones activas",false,8370,"SourceUpdater: Dropping notification for <private> - no action needed","SourceUpdater: Dropping notification for <private> - no action needed"
2026-09-20 17:02:53.479,"Privado — todo en tu Mac","com.apple.intelligenceplatform","Sin conexiones activas",false,8370,"Procesando solicitud…","ViewUpdate: 32:ITDDatestampEventIDIndexView: Beginning view update attempt"
2026-09-20 17:02:53.479,"Privado — todo en tu Mac","com.apple.intelligenceplatform","Sin conexiones activas",false,8370,"SourceUpdater: <private> triggered 32 to run on the live schedule","SourceUpdater: <private> triggered 32 to run on the live schedule"
2026-09-20 17:02:53.479,"Privado — todo en tu Mac","com.apple.intelligenceplatform","Sin conexiones activas",false,8370,"Procesando solicitud…","ViewUpdate: 32:ITDDatestampEventIDIndexView: Ending view update attempt"
2026-09-20 17:02:53.479,"Privado — todo en tu Mac","com.apple.intelligenceplatform","Sin conexiones activas",false,8370,"Procesando solicitud…","ViewUpdate: 32:ITDDatestampEventIDIndexView: No update required"
2026-09-20 17:02:53.477,"Privado — todo en tu Mac","com.apple.intelligenceplatform","Sin conexiones activas",false,8370,"Procesando solicitud…","ViewUpdate: 32:ITDDatestampEventIDIndexView: Beginning view update attempt"
2026-09-20 17:02:53.477,"Privado — todo en tu Mac","com.apple.intelligenceplatform","Sin conexiones activas",false,8370,"SourceUpdater: Dropping notification for <private> - no action needed","SourceUpdater: Dropping notification for <private> - no action needed"
2026-09-20 17:02:53.477,"Privado — todo en tu Mac","com.apple.intelligenceplatform","Sin conexiones activas",false,8370,"SourceUpdater: <private> triggered 32 to run on the live schedule","SourceUpdater: <private> triggered 32 to run on the live schedule"
2026-09-20 17:02:53.477,"Privado — todo en tu Mac","com.apple.intelligenceplatform","Sin conexiones activas",false,8370,"Procesando solicitud…","ViewUpdate: 32:ITDDatestampEventIDIndexView: Ending view update attempt"
2026-09-20 17:02:53.477,"Privado — todo en tu Mac","com.apple.intelligenceplatform","Sin conexiones activas",false,8370,"Procesando solicitud…","ViewUpdate: 32:ITDDatestampEventIDIndexView: No update required"
2026-09-20 17:02:53.476,"Privado — todo en tu Mac","com.apple.intelligenceplatform","Sin conexiones activas",false,8370,"Procesando solicitud…","ViewUpdate: 32:ITDDatestampEventIDIndexView: Beginning view update attempt"
2026-09-20 17:02:53.475,"Privado — todo en tu Mac","com.apple.intelligenceplatform","Sin conexiones activas",false,8370,"SourceUpdater: Dropping notification for <private> - no action needed","SourceUpdater: Dropping notification for <private> - no action needed"
2026-09-20 17:02:53.475,"Privado — todo en tu Mac","com.apple.intelligenceplatform","Sin conexiones activas",false,8370,"SourceUpdater: <private> triggered 32 to run on the live schedule","SourceUpdater: <private> triggered 32 to run on the live schedule"
2026-09-20 17:02:53.475,"Privado — todo en tu Mac","com.apple.intelligenceplatform","Sin conexiones activas",false,8370,"Procesando solicitud…","ViewUpdate: 32:ITDDatestampEventIDIndexView: Ending view update attempt"
2026-09-20 17:02:53.475,"Privado — todo en tu Mac","com.apple.intelligenceplatform","Sin conexiones activas",false,8370,"Procesando solicitud…","ViewUpdate: 32:ITDDatestampEventIDIndexView: No update required"
2026-09-20 17:02:53.474,"Privado — todo en tu Mac","com.apple.intelligenceplatform","Sin conexiones activas",false,8370,"Procesando solicitud…","ViewUpdate: 32:ITDDatestampEventIDIndexView: Beginning view update attempt"
2026-09-20 17:02:53.473,"Privado — todo en tu Mac","com.apple.intelligenceplatform","Sin conexiones activas",false,8370,"SourceUpdater: <private> triggered 32 to run on the live schedule","SourceUpdater: <private> triggered 32 to run on the live schedule"
2026-09-20 17:02:53.473,"Privado — todo en tu Mac","com.apple.intelligenceplatform","Sin conexiones activas",false,8370,"Procesando solicitud…","ViewUpdate: 32:ITDDatestampEventIDIndexView: Ending view update attempt"
2026-09-20 17:02:53.473,"Privado — todo en tu Mac","com.apple.intelligenceplatform","Sin conexiones activas",false,8370,"Procesando solicitud…","ViewUpdate: 32:ITDDatestampEventIDIndexView: No update required"
2026-09-20 17:02:53.472,"Privado — todo en tu Mac","com.apple.intelligenceplatform","Sin conexiones activas",false,8370,"Procesando solicitud…","ViewUpdate: 32:ITDDatestampEventIDIndexView: Beginning view update attempt"
2026-09-20 17:02:53.471,"Privado — todo en tu Mac","com.apple.intelligenceplatform","Sin conexiones activas",false,8370,"SourceUpdater: Dropping notification for <private> - no action needed","SourceUpdater: Dropping notification for <private> - no action needed"
2026-09-20 17:02:53.471,"Privado — todo en tu Mac","com.apple.intelligenceplatform","Sin conexiones activas",false,8370,"Procesando solicitud…","ViewUpdate: 32:ITDDatestampEventIDIndexView: Ending view update attempt"
2026-09-20 17:02:53.471,"Privado — todo en tu Mac","com.apple.intelligenceplatform","Sin conexiones activas",false,8370,"ViewUpdate: completed update","ViewUpdate: completed update"
2026-09-20 17:02:53.471,"Privado — todo en tu Mac","com.apple.intelligenceplatform","Sin conexiones activas",false,8370,"Procesando solicitud…","ViewUpdate: 32:ITDDatestampEventIDIndexView: View was updated"
2026-09-20 17:02:53.471,"Privado — todo en tu Mac","com.apple.intelligenceplatform","Sin conexiones activas",false,8370,"IntelligenceFlow.Transcript.Datastream","ViewUpdate: 32:ITDDatestampEventIDIndexView: re-adding to schedule live as source timestamp has changed since the update for SourceState(sourceId: 44, sourceType: IntelligencePlatformCore.ViewUpdate.SourceType.biome, sourceIdentifier: ""IntelligenceFlow.Transcript.Datastream"", updateType: IntelligencePlatformCore.ViewUpdate.UpdateType.normal, modifiedTimestamp: 811609373.453065, available: true, lastQueriedSourceData: nil)"
2026-09-20 17:02:53.471,"Privado — todo en tu Mac","com.apple.intelligenceplatform","Sin conexiones activas",false,8370,"SourceUpdater: Dropping notification for <private> - no action needed","SourceUpdater: Dropping notification for <private> - no action needed"
2026-09-20 17:02:53.471,"Privado — todo en tu Mac","com.apple.intelligenceplatform","Sin conexiones activas",false,8370,"Procesando solicitud…","ViewUpdate: <private>: <private>: Finished update"
2026-09-20 17:02:53.471,"Privado — todo en tu Mac","com.apple.intelligenceplatform","Sin conexiones activas",false,8370,"Procesando solicitud…","ViewUpdate: <private>: Finished update"
2026-09-20 17:02:53.458,"Privado — todo en tu Mac","com.apple.intelligenceplatform","Sin conexiones activas",false,8359,"SourceUpdater: Dropping notification for <private> - no action needed","SourceUpdater: Dropping notification for <private> - no action needed"
2026-09-20 17:02:53.456,"Privado — todo en tu Mac","com.apple.intelligenceplatform","Sin conexiones activas",false,8359,"Using target provided in IntelligencePlatform for view: (<private>)","Using target provided in IntelligencePlatform for view: (<private>)"
2026-09-20 17:02:53.455,"Privado — todo en tu Mac","com.apple.intelligenceplatform","Sin conexiones activas",false,8359,"SourceUpdater: Dropping notification for <private> - no action needed","SourceUpdater: Dropping notification for <private> - no action needed"
2026-09-20 17:02:53.455,"Privado — todo en tu Mac","com.apple.intelligenceplatform","Sin conexiones activas",false,8359,"SourceUpdater: <private> triggered 32 to run on the live schedule","SourceUpdater: <private> triggered 32 to run on the live schedule"
2026-09-20 17:02:53.455,"Privado — todo en tu Mac","com.apple.intelligenceplatform","Sin conexiones activas",false,8358,"Procesando solicitud…","ViewUpdate: <private>: Update is required"
2026-09-20 17:02:53.454,"Privado — todo en tu Mac","com.apple.intelligenceplatform","Sin conexiones activas",false,8358,"Procesando solicitud…","ViewUpdate: 32:ITDDatestampEventIDIndexView: Beginning view update attempt"
2026-09-20 17:02:53.453,"Privado — todo en tu Mac","com.apple.intelligenceplatform","Sin conexiones activas",false,8358,"Procesando solicitud…","ViewUpdate: 32:ITDDatestampEventIDIndexView: Ending view update attempt"
2026-09-20 17:02:53.453,"Privado — todo en tu Mac","com.apple.intelligenceplatform","Sin conexiones activas",false,8358,"ViewUpdate: completed update","ViewUpdate: completed update"
2026-09-20 17:02:53.448,"Privado — todo en tu Mac","com.apple.intelligenceplatform","Sin conexiones activas",false,8357,"SourceUpdater: Dropping notification for <private> - no action needed","SourceUpdater: Dropping notification for <private> - no action needed"
2026-09-20 17:02:53.446,"Privado — todo en tu Mac","com.apple.siri","Sin conexiones activas",false,8357,"Processsing latency progress update: <private>","Processsing latency progress update: <private>"
2026-09-20 17:02:53.446,"Privado — todo en tu Mac","com.apple.siri","Sin conexiones activas",false,8357,"Procesando solicitud…","-[AFConnection _extendExistingRequestTimeoutForReason:durationInSeconds:] reason = requestDidAskForTimeoutExtension:"
2026-09-20 17:02:53.446,"Privado — todo en tu Mac","com.apple.intelligenceplatform","Sin conexiones activas",false,8357,"SourceUpdater: Dropping notification for <private> - no action needed","SourceUpdater: Dropping notification for <private> - no action needed"
2026-09-20 17:02:53.446,"Privado — todo en tu Mac","com.apple.siri","Sin conexiones activas",false,8357,"Processsing latency progress update: <private>","Processsing latency progress update: <private>"
2026-09-20 17:02:53.446,"Privado — todo en tu Mac","com.apple.siri","Sin conexiones activas",false,8357,"Procesando solicitud…","-[AFConnection _extendExistingRequestTimeoutForReason:durationInSeconds:] reason = requestDidAskForTimeoutExtension:"
2026-09-20 17:02:53.446,"Privado — todo en tu Mac","com.apple.siri","Sin conexiones activas",false,8356,"Processsing latency progress update: <private>","Processsing latency progress update: <private>"
2026-09-20 17:02:53.446,"Privado — todo en tu Mac","com.apple.siri","Sin conexiones activas",false,8356,"Procesando solicitud…","-[AFConnection _extendExistingRequestTimeoutForReason:durationInSeconds:] reason = requestDidAskForTimeoutExtension:"
2026-09-20 17:02:53.446,"Privado — todo en tu Mac","com.apple.siri","Sin conexiones activas",false,8356,"Processsing latency progress update: <private>","Processsing latency progress update: <private>"
2026-09-20 17:02:53.446,"Privado — todo en tu Mac","com.apple.siri","Sin conexiones activas",false,8356,"Procesando solicitud…","-[AFConnection _extendExistingRequestTimeoutForReason:durationInSeconds:] reason = requestDidAskForTimeoutExtension:"
2026-09-20 17:02:53.446,"Privado — todo en tu Mac","com.apple.siri","Sin conexiones activas",false,8356,"Processsing latency progress update: <private>","Processsing latency progress update: <private>"
2026-09-20 17:02:53.446,"Privado — todo en tu Mac","com.apple.siri","Sin conexiones activas",false,8356,"Procesando solicitud…","-[AFConnection _extendExistingRequestTimeoutForReason:durationInSeconds:] No existing timeout timer set. Skipping."
2026-09-20 17:02:53.446,"Privado — todo en tu Mac","com.apple.siri","Sin conexiones activas",false,8356,"Procesando solicitud…","-[AFConnection _extendExistingRequestTimeoutForReason:durationInSeconds:] reason = requestDidAskForTimeoutExtension:"
2026-09-20 17:02:53.446,"Privado — todo en tu Mac","com.apple.siri","Sin conexiones activas",false,8356,"Processsing latency progress update: <private>","Processsing latency progress update: <private>"
2026-09-20 17:02:53.445,"Privado — todo en tu Mac","com.apple.siri","Sin conexiones activas",false,8356,"Procesando solicitud…","-[AFConnection _extendExistingRequestTimeoutForReason:durationInSeconds:] reason = requestDidAskForTimeoutExtension:"
2026-09-20 17:02:53.445,"Privado — todo en tu Mac","com.apple.siri","Sin conexiones activas",false,8356,"Processsing latency progress update: <private>","Processsing latency progress update: <private>"
2026-09-20 17:02:53.445,"Privado — todo en tu Mac","com.apple.siri","Sin conexiones activas",false,8356,"Procesando solicitud…","-[AFConnection _extendExistingRequestTimeoutForReason:durationInSeconds:] No existing timeout timer set. Skipping."
2026-09-20 17:02:53.445,"Privado — todo en tu Mac","com.apple.siri","Sin conexiones activas",false,8356,"Procesando solicitud…","-[AFConnection _extendExistingRequestTimeoutForReason:durationInSeconds:] reason = requestDidAskForTimeoutExtension:"
2026-09-20 17:02:53.445,"Privado — todo en tu Mac","com.apple.siri","Sin conexiones activas",false,8356,"Processsing latency progress update: <private>","Processsing latency progress update: <private>"
2026-09-20 17:02:53.445,"Privado — todo en tu Mac","com.apple.siri","Sin conexiones activas",false,8355,"Procesando solicitud…","-[AFConnection _extendExistingRequestTimeoutForReason:durationInSeconds:] No existing timeout timer set. Skipping."
2026-09-20 17:02:53.445,"Privado — todo en tu Mac","com.apple.siri","Sin conexiones activas",false,8355,"Procesando solicitud…","-[AFConnection _extendExistingRequestTimeoutForReason:durationInSeconds:] reason = requestDidAskForTimeoutExtension:"
2026-09-20 17:02:53.445,"Privado — todo en tu Mac","com.apple.siri","Sin conexiones activas",false,8355,"Processsing latency progress update: <private>","Processsing latency progress update: <private>"
2026-09-20 17:02:53.445,"Privado — todo en tu Mac","com.apple.siri","Sin conexiones activas",false,8355,"Procesando solicitud…","-[AFConnection _extendExistingRequestTimeoutForReason:durationInSeconds:] reason = requestDidAskForTimeoutExtension:"
2026-09-20 17:02:53.441,"Privado — todo en tu Mac","com.apple.intelligenceplatform","Sin conexiones activas",false,8355,"SourceUpdater: Dropping notification for <private> - no action needed","SourceUpdater: Dropping notification for <private> - no action needed"
2026-09-20 17:02:53.441,"Privado — todo en tu Mac","com.apple.intelligenceplatform","Sin conexiones activas",false,8354,"Procesando solicitud…","ViewUpdate: 32:ITDDatestampEventIDIndexView: View was updated"
2026-09-20 17:02:53.441,"Privado — todo en tu Mac","com.apple.intelligenceplatform","Sin conexiones activas",false,8354,"IntelligenceFlow.Transcript.Datastream","ViewUpdate: 32:ITDDatestampEventIDIndexView: re-adding to schedule live as source timestamp has changed since the update for SourceState(sourceId: 44, sourceType: IntelligencePlatformCore.ViewUpdate.SourceType.biome, sourceIdentifier: ""IntelligenceFlow.Transcript.Datastream"", updateType: IntelligencePlatformCore.ViewUpdate.UpdateType.normal, modifiedTimestamp: 811609373.400297, available: true, lastQueriedSourceData: nil)"
2026-09-20 17:02:53.439,"Privado — todo en tu Mac","com.apple.intelligenceplatform","Sin conexiones activas",false,8354,"SourceUpdater: Dropping notification for <private> - no action needed","SourceUpdater: Dropping notification for <private> - no action needed"
2026-09-20 17:02:53.439,"Privado — todo en tu Mac","com.apple.siri","Sin conexiones activas",false,8354,"Processsing latency progress update: <private>","Processsing latency progress update: <private>"
2026-09-20 17:02:53.438,"Privado — todo en tu Mac","com.apple.siri","Sin conexiones activas",false,8354,"Procesando solicitud…","-[AFConnection _extendExistingRequestTimeoutForReason:durationInSeconds:] No existing timeout timer set. Skipping."
2026-09-20 17:02:53.438,"Privado — todo en tu Mac","com.apple.siri","Sin conexiones activas",false,8354,"Procesando solicitud…","-[AFConnection _extendExistingRequestTimeoutForReason:durationInSeconds:] reason = requestDidAskForTimeoutExtension:"
2026-09-20 17:02:53.438,"Privado — todo en tu Mac","com.apple.siri","Sin conexiones activas",false,8354,"Procesando solicitud…","-[CampoUISiriChatPresentationController siriSessionDidReceiveAddViewsCommand:completion:] Received an empty SAUIAssistantUtteranceView with no dialog from a SAUIAddViews with aceID:<private> refID:<private>. Marking command as SACommandSucceeded"
2026-09-20 17:02:53.438,"Privado — todo en tu Mac","com.apple.siri","Sin conexiones activas",false,8353,"Procesando solicitud…","-[CampoUISiriChatPresentationController siriSessionDidReceiveAddViewsCommand:completion:] #modes SAUIAddViews view class: SAUIAssistantUtteranceView"
2026-09-20 17:02:53.438,"Privado — todo en tu Mac","com.apple.siri","Sin conexiones activas",false,8353,"Procesando solicitud…","-[CampoUISiriChatPresentationController siriSessionDidReceiveAddViewsCommand:completion:] #Replay isReplaying: 0, wrapper: 0x0"
2026-09-20 17:02:53.438,"Privado — todo en tu Mac","com.apple.siri","Sin conexiones activas",false,8353,"Procesando solicitud…","-[CampoUISiriChatPresentationController siriSessionDidReceiveAddViewsCommand:completion:] #Replay receivedReplayCommand SAUIAddViews: <private>"
2026-09-20 17:02:53.438,"Privado — todo en tu Mac","com.apple.siri","Sin conexiones activas",false,8353,"Procesando solicitud…","-[CampoUISiriChatPresentationController siriSessionDidReceiveUpdateVisualResponseSnippetCommand:completion:] command with viewId: <private> handled by presentation: YES"
2026-09-20 17:02:53.438,"Privado — todo en tu Mac","com.apple.siri","Sin conexiones activas",false,8353,"Procesando solicitud…","-[CampoUISiriChatPresentationController siriSessionDidReceiveAddViewsCommand:completion:] Received an empty SAUIAssistantUtteranceView with no dialog from a SAUIAddViews with aceID:<private> refID:<private>. Marking command as SACommandSucceeded"
2026-09-20 17:02:53.438,"Privado — todo en tu Mac","com.apple.siri","Sin conexiones activas",false,8353,"Procesando solicitud…","-[CampoUISiriChatPresentationController siriSessionDidReceiveAddViewsCommand:completion:] #modes SAUIAddViews view class: SAUIAssistantUtteranceView"
2026-09-20 17:02:53.438,"Privado — todo en tu Mac","com.apple.siri","Sin conexiones activas",false,8353,"Procesando solicitud…","-[CampoUISiriChatPresentationController siriSessionDidReceiveAddViewsCommand:completion:] #Replay isReplaying: 0, wrapper: 0x0"
2026-09-20 17:02:53.438,"Privado — todo en tu Mac","com.apple.siri","Sin conexiones activas",false,8353,"Procesando solicitud…","-[CampoUISiriChatPresentationController siriSessionDidReceiveAddViewsCommand:completion:] #Replay receivedReplayCommand SAUIAddViews: <private>"
2026-09-20 17:02:53.438,"Privado — todo en tu Mac","com.apple.siri","Sin conexiones activas",false,8353,"Procesando solicitud…","-[CampoUISiriChatPresentationController siriSessionDidReceiveUpdateVisualResponseSnippetCommand:completion:] command with viewId: <private> handled by presentation: YES"
2026-09-20 17:02:53.438,"Privado — todo en tu Mac","com.apple.siri","Sin conexiones activas",false,8353,"Processsing latency progress update: <private>","Processsing latency progress update: <private>"
2026-09-20 17:02:53.437,"Privado — todo en tu Mac","com.apple.siri","Sin conexiones activas",false,8353,"Procesando solicitud…","-[AFConnection _extendExistingRequestTimeoutForReason:durationInSeconds:] No existing timeout timer set. Skipping."
2026-09-20 17:02:53.437,"Privado — todo en tu Mac","com.apple.siri","Sin conexiones activas",false,8352,"Procesando solicitud…","-[AFConnection _extendExistingRequestTimeoutForReason:durationInSeconds:] reason = requestDidAskForTimeoutExtension:"
2026-09-20 17:02:53.437,"Privado — todo en tu Mac","com.apple.siri","Sin conexiones activas",false,8352,"Procesando solicitud…","-[CampoUISiriChatPresentationController siriSessionDidReceiveAddViewsCommand:completion:] Received an empty SAUIAssistantUtteranceView with no dialog from a SAUIAddViews with aceID:<private> refID:<private>. Marking command as SACommandSucceeded"
2026-09-20 17:02:53.437,"Privado — todo en tu Mac","com.apple.siri","Sin conexiones activas",false,8352,"Procesando solicitud…","-[CampoUISiriChatPresentationController siriSessionDidReceiveAddViewsCommand:completion:] #modes SAUIAddViews view class: SAUIAssistantUtteranceView"
2026-09-20 17:02:53.437,"Privado — todo en tu Mac","com.apple.siri","Sin conexiones activas",false,8352,"Procesando solicitud…","-[CampoUISiriChatPresentationController siriSessionDidReceiveAddViewsCommand:completion:] #Replay isReplaying: 0, wrapper: 0x0"
2026-09-20 17:02:53.437,"Privado — todo en tu Mac","com.apple.siri","Sin conexiones activas",false,8352,"Procesando solicitud…","-[CampoUISiriChatPresentationController siriSessionDidReceiveAddViewsCommand:completion:] #Replay receivedReplayCommand SAUIAddViews: <private>"
2026-09-20 17:02:53.437,"Privado — todo en tu Mac","com.apple.siri","Sin conexiones activas",false,8352,"Procesando solicitud…","-[CampoUISiriChatPresentationController siriSessionDidReceiveUpdateVisualResponseSnippetCommand:completion:] command with viewId: <private> handled by presentation: YES"
2026-09-20 17:02:53.437,"Privado — todo en tu Mac","com.apple.siri","Sin conexiones activas",false,8352,"Procesando solicitud…","-[CampoUISiriChatPresentationController siriSessionDidReceiveAddViewsCommand:completion:] Received an empty SAUIAssistantUtteranceView with no dialog from a SAUIAddViews with aceID:<private> refID:<private>. Marking command as SACommandSucceeded"
2026-09-20 17:02:53.437,"Privado — todo en tu Mac","com.apple.siri","Sin conexiones activas",false,8352,"Procesando solicitud…","-[CampoUISiriChatPresentationController siriSessionDidReceiveAddViewsCommand:completion:] #modes SAUIAddViews view class: SAUIAssistantUtteranceView"
2026-09-20 17:02:53.437,"Privado — todo en tu Mac","com.apple.siri","Sin conexiones activas",false,8352,"Procesando solicitud…","-[CampoUISiriChatPresentationController siriSessionDidReceiveAddViewsCommand:completion:] #Replay isReplaying: 0, wrapper: 0x0"
2026-09-20 17:02:53.437,"Privado — todo en tu Mac","com.apple.siri","Sin conexiones activas",false,8352,"Procesando solicitud…","-[CampoUISiriChatPresentationController siriSessionDidReceiveAddViewsCommand:completion:] #Replay receivedReplayCommand SAUIAddViews: <private>"
2026-09-20 17:02:53.437,"Privado — todo en tu Mac","com.apple.siri","Sin conexiones activas",false,8352,"Procesando solicitud…","-[CampoUISiriChatPresentationController siriSessionDidReceiveUpdateVisualResponseSnippetCommand:completion:] command with viewId: <private> handled by presentation: YES"
2026-09-20 17:02:53.437,"Privado — todo en tu Mac","com.apple.siri","Sin conexiones activas",false,8351,"Procesando solicitud…","-[CampoUISiriChatPresentationController siriSessionDidReceiveAddViewsCommand:completion:] Received an empty SAUIAssistantUtteranceView with no dialog from a SAUIAddViews with aceID:<private> refID:<private>. Marking command as SACommandSucceeded"
2026-09-20 17:02:53.437,"Privado — todo en tu Mac","com.apple.siri","Sin conexiones activas",false,8351,"Procesando solicitud…","-[CampoUISiriChatPresentationController siriSessionDidReceiveAddViewsCommand:completion:] #modes SAUIAddViews view class: SAUIAssistantUtteranceView"
2026-09-20 17:02:53.437,"Privado — todo en tu Mac","com.apple.siri","Sin conexiones activas",false,8351,"Procesando solicitud…","-[CampoUISiriChatPresentationController siriSessionDidReceiveAddViewsCommand:completion:] #Replay receivedReplayCommand SAUIAddViews: <private>"
2026-09-20 17:02:53.437,"Privado — todo en tu Mac","com.apple.siri","Sin conexiones activas",false,8351,"Procesando solicitud…","-[CampoUISiriChatPresentationController siriSessionDidReceiveUpdateVisualResponseSnippetCommand:completion:] command with viewId: <private> handled by presentation: YES"
2026-09-20 17:02:53.437,"Privado — todo en tu Mac","com.apple.siri","Sin conexiones activas",false,8351,"Procesando solicitud…","-[CampoUISiriChatPresentationController siriSessionDidReceiveAddViewsCommand:completion:] Received an empty SAUIAssistantUtteranceView with no dialog from a SAUIAddViews with aceID:<private> refID:<private>. Marking command as SACommandSucceeded"
2026-09-20 17:02:53.437,"Privado — todo en tu Mac","com.apple.siri","Sin conexiones activas",false,8351,"Procesando solicitud…","-[CampoUISiriChatPresentationController siriSessionDidReceiveAddViewsCommand:completion:] #modes SAUIAddViews view class: SAUIAssistantUtteranceView"
2026-09-20 17:02:53.437,"Privado — todo en tu Mac","com.apple.siri","Sin conexiones activas",false,8351,"Procesando solicitud…","-[CampoUISiriChatPresentationController siriSessionDidReceiveAddViewsCommand:completion:] #Replay isReplaying: 0, wrapper: 0x0"
2026-09-20 17:02:53.437,"Privado — todo en tu Mac","com.apple.siri","Sin conexiones activas",false,8351,"Procesando solicitud…","-[CampoUISiriChatPresentationController siriSessionDidReceiveAddViewsCommand:completion:] #Replay receivedReplayCommand SAUIAddViews: <private>"
2026-09-20 17:02:53.437,"Privado — todo en tu Mac","com.apple.siri","Sin conexiones activas",false,8351,"Procesando solicitud…","-[CampoUISiriChatPresentationController siriSessionDidReceiveUpdateVisualResponseSnippetCommand:completion:] command with viewId: <private> handled by presentation: YES"
2026-09-20 17:02:53.437,"Privado — todo en tu Mac","com.apple.siri","Sin conexiones activas",false,8351,"Procesando solicitud…","-[CampoUISiriChatPresentationController siriSessionDidReceiveAddViewsCommand:completion:] Received an empty SAUIAssistantUtteranceView with no dialog from a SAUIAddViews with aceID:<private> refID:<private>. Marking command as SACommandSucceeded"
2026-09-20 17:02:53.437,"Privado — todo en tu Mac","com.apple.siri","Sin conexiones activas",false,8350,"Procesando solicitud…","-[CampoUISiriChatPresentationController siriSessionDidReceiveAddViewsCommand:completion:] #modes SAUIAddViews view class: SAUIAssistantUtteranceView"
2026-09-20 17:02:53.437,"Privado — todo en tu Mac","com.apple.siri","Sin conexiones activas",false,8350,"Procesando solicitud…","-[CampoUISiriChatPresentationController siriSessionDidReceiveAddViewsCommand:completion:] #Replay receivedReplayCommand SAUIAddViews: <private>"
2026-09-20 17:02:53.437,"Privado — todo en tu Mac","com.apple.siri","Sin conexiones activas",false,8350,"Procesando solicitud…","-[CampoUISiriChatPresentationController siriSessionDidReceiveUpdateVisualResponseSnippetCommand:completion:] command with viewId: <private> handled by presentation: YES"
2026-09-20 17:02:53.437,"Privado — todo en tu Mac","com.apple.siri","Sin conexiones activas",false,8350,"Processsing latency progress update: <private>","Processsing latency progress update: <private>"
2026-09-20 17:02:53.436,"Privado — todo en tu Mac","com.apple.siri","Sin conexiones activas",false,8350,"Procesando solicitud…","-[CampoUISiriChatPresentationController siriSessionDidReceiveAddViewsCommand:completion:] Received an empty SAUIAssistantUtteranceView with no dialog from a SAUIAddViews with aceID:<private> refID:<private>. Marking command as SACommandSucceeded"
2026-09-20 17:02:53.436,"Privado — todo en tu Mac","com.apple.siri","Sin conexiones activas",false,8350,"Procesando solicitud…","-[CampoUISiriChatPresentationController siriSessionDidReceiveAddViewsCommand:completion:] #modes SAUIAddViews view class: SAUIAssistantUtteranceView"
2026-09-20 17:02:53.436,"Privado — todo en tu Mac","com.apple.siri","Sin conexiones activas",false,8350,"Procesando solicitud…","-[CampoUISiriChatPresentationController siriSessionDidReceiveAddViewsCommand:completion:] #Replay isReplaying: 0, wrapper: 0x0"
2026-09-20 17:02:53.436,"Privado — todo en tu Mac","com.apple.siri","Sin conexiones activas",false,8350,"Procesando solicitud…","-[CampoUISiriChatPresentationController siriSessionDidReceiveAddViewsCommand:completion:] #Replay receivedReplayCommand SAUIAddViews: <private>"
2026-09-20 17:02:53.436,"Privado — todo en tu Mac","com.apple.siri","Sin conexiones activas",false,8350,"Procesando solicitud…","-[AFConnection _extendExistingRequestTimeoutForReason:durationInSeconds:] reason = requestDidAskForTimeoutExtension:"
2026-09-20 17:02:53.436,"Privado — todo en tu Mac","com.apple.siri","Sin conexiones activas",false,8350,"Procesando solicitud…","-[CampoUISiriChatPresentationController siriSessionDidReceiveUpdateVisualResponseSnippetCommand:completion:] command with viewId: <private> handled by presentation: YES"
2026-09-20 17:02:53.436,"Privado — todo en tu Mac","com.apple.siri","Sin conexiones activas",false,8350,"Processsing latency progress update: <private>","Processsing latency progress update: <private>"
2026-09-20 17:02:53.436,"Privado — todo en tu Mac","com.apple.siri","Sin conexiones activas",false,8349,"Procesando solicitud…","-[CampoUISiriChatPresentationController siriSessionDidReceiveAddViewsCommand:completion:] Received an empty SAUIAssistantUtteranceView with no dialog from a SAUIAddViews with aceID:<private> refID:<private>. Marking command as SACommandSucceeded"
2026-09-20 17:02:53.436,"Privado — todo en tu Mac","com.apple.siri","Sin conexiones activas",false,8349,"Procesando solicitud…","-[CampoUISiriChatPresentationController siriSessionDidReceiveAddViewsCommand:completion:] #modes SAUIAddViews view class: SAUIAssistantUtteranceView"
2026-09-20 17:02:53.436,"Privado — todo en tu Mac","com.apple.siri","Sin conexiones activas",false,8349,"Procesando solicitud…","-[CampoUISiriChatPresentationController siriSessionDidReceiveAddViewsCommand:completion:] #Replay isReplaying: 0, wrapper: 0x0"
2026-09-20 17:02:53.436,"Privado — todo en tu Mac","com.apple.siri","Sin conexiones activas",false,8349,"Procesando solicitud…","-[CampoUISiriChatPresentationController siriSessionDidReceiveAddViewsCommand:completion:] #Replay receivedReplayCommand SAUIAddViews: <private>"
2026-09-20 17:02:53.436,"Privado — todo en tu Mac","com.apple.siri","Sin conexiones activas",false,8349,"Procesando solicitud…","-[AFConnection _extendExistingRequestTimeoutForReason:durationInSeconds:] reason = requestDidAskForTimeoutExtension:"
2026-09-20 17:02:53.436,"Privado — todo en tu Mac","com.apple.siri","Sin conexiones activas",false,8349,"Procesando solicitud…","-[CampoUISiriChatPresentationController siriSessionDidReceiveUpdateVisualResponseSnippetCommand:completion:] command with viewId: <private> handled by presentation: YES"
2026-09-20 17:02:53.435,"Privado — todo en tu Mac","com.apple.siri","Sin conexiones activas",false,8349,"Procesando solicitud…","-[CampoUISiriChatPresentationController siriSessionDidReceiveAddViewsCommand:completion:] Received an empty SAUIAssistantUtteranceView with no dialog from a SAUIAddViews with aceID:<private> refID:<private>. Marking command as SACommandSucceeded"
2026-09-20 17:02:53.435,"Privado — todo en tu Mac","com.apple.siri","Sin conexiones activas",false,8349,"Procesando solicitud…","-[CampoUISiriChatPresentationController siriSessionDidReceiveAddViewsCommand:completion:] #modes SAUIAddViews view class: SAUIAssistantUtteranceView"
2026-09-20 17:02:53.435,"Privado — todo en tu Mac","com.apple.siri","Sin conexiones activas",false,8349,"Procesando solicitud…","-[CampoUISiriChatPresentationController siriSessionDidReceiveAddViewsCommand:completion:] #Replay isReplaying: 0, wrapper: 0x0"
2026-09-20 17:02:53.435,"Privado — todo en tu Mac","com.apple.siri","Sin conexiones activas",false,8349,"Procesando solicitud…","-[CampoUISiriChatPresentationController siriSessionDidReceiveAddViewsCommand:completion:] #Replay receivedReplayCommand SAUIAddViews: <private>"
2026-09-20 17:02:53.435,"Privado — todo en tu Mac","com.apple.siri","Sin conexiones activas",false,8348,"Processsing latency progress update: <private>","Processsing latency progress update: <private>"
2026-09-20 17:02:53.435,"Privado — todo en tu Mac","com.apple.siri","Sin conexiones activas",false,8348,"Procesando solicitud…","-[AFConnection _extendExistingRequestTimeoutForReason:durationInSeconds:] reason = requestDidAskForTimeoutExtension:"
2026-09-20 17:02:53.435,"Privado — todo en tu Mac","com.apple.siri","Sin conexiones activas",false,8348,"Procesando solicitud…","-[CampoUISiriChatSession assistantConnection:receivedCommand:completion:] Received Command: StreamChunk aceId: <private>"
2026-09-20 17:02:53.435,"Privado — todo en tu Mac","com.apple.siri","Sin conexiones activas",false,8348,"Procesando solicitud…","-[AFConnection _handleCommand:reply:] command = <private>"
2026-09-20 17:02:53.435,"Privado — todo en tu Mac","com.apple.siri","Sin conexiones activas",false,8348,"Procesando solicitud…","-[CampoUISiriChatPresentationController siriSessionDidReceiveUpdateVisualResponseSnippetCommand:completion:] command with viewId: <private> handled by presentation: YES"
2026-09-20 17:02:53.434,"Privado — todo en tu Mac","com.apple.siri","Sin conexiones activas",false,8348,"Procesando solicitud…","-[CampoUISiriChatPresentationController siriSessionDidReceiveAddViewsCommand:completion:] Received an empty SAUIAssistantUtteranceView with no dialog from a SAUIAddViews with aceID:<private> refID:<private>. Marking command as SACommandSucceeded"
2026-09-20 17:02:53.434,"Privado — todo en tu Mac","com.apple.siri","Sin conexiones activas",false,8348,"Procesando solicitud…","-[CampoUISiriChatPresentationController siriSessionDidReceiveAddViewsCommand:completion:] #modes SAUIAddViews view class: SAUIAssistantUtteranceView"
2026-09-20 17:02:53.434,"Privado — todo en tu Mac","com.apple.siri","Sin conexiones activas",false,8348,"Procesando solicitud…","-[CampoUISiriChatPresentationController siriSessionDidReceiveAddViewsCommand:completion:] #Replay receivedReplayCommand SAUIAddViews: <private>"
2026-09-20 17:02:53.434,"Privado — todo en tu Mac","com.apple.siri","Sin conexiones activas",false,8348,"Procesando solicitud…","-[AFConnection _extendExistingRequestTimeoutForReason:durationInSeconds:] reason = requestDidAskForTimeoutExtension:"
2026-09-20 17:02:53.434,"Privado — todo en tu Mac","com.apple.siri","Sin conexiones activas",false,8348,"Procesando solicitud…","-[CampoUISiriChatPresentationController siriSessionDidReceiveUpdateVisualResponseSnippetCommand:completion:] command with viewId: <private> handled by presentation: YES"
2026-09-20 17:02:53.434,"Privado — todo en tu Mac","com.apple.siri","Sin conexiones activas",false,8347,"Procesando solicitud…","-[CampoUISiriChatSession assistantConnection:receivedCommand:completion:] Received Command: StreamChunk aceId: <private>"
2026-09-20 17:02:53.434,"Privado — todo en tu Mac","com.apple.siri","Sin conexiones activas",false,8347,"Procesando solicitud…","-[AFConnection _handleCommand:reply:] command = <private>"
2026-09-20 17:02:53.434,"Privado — todo en tu Mac","com.apple.siri","Sin conexiones activas",false,8347,"Procesando solicitud…","-[CampoUISiriChatPresentationController siriSessionDidReceiveAddViewsCommand:completion:] Received an empty SAUIAssistantUtteranceView with no dialog from a SAUIAddViews with aceID:<private> refID:<private>. Marking command as SACommandSucceeded"
2026-09-20 17:02:53.434,"Privado — todo en tu Mac","com.apple.siri","Sin conexiones activas",false,8347,"Procesando solicitud…","-[CampoUISiriChatPresentationController siriSessionDidReceiveAddViewsCommand:completion:] #modes SAUIAddViews view class: SAUIAssistantUtteranceView"
2026-09-20 17:02:53.434,"Privado — todo en tu Mac","com.apple.siri","Sin conexiones activas",false,8347,"Procesando solicitud…","-[CampoUISiriChatPresentationController siriSessionDidReceiveAddViewsCommand:completion:] #Replay isReplaying: 0, wrapper: 0x0"
2026-09-20 17:02:53.434,"Privado — todo en tu Mac","com.apple.siri","Sin conexiones activas",false,8347,"Procesando solicitud…","-[CampoUISiriChatPresentationController siriSessionDidReceiveAddViewsCommand:completion:] #Replay receivedReplayCommand SAUIAddViews: <private>"
2026-09-20 17:02:53.434,"Privado — todo en tu Mac","com.apple.siri","Sin conexiones activas",false,8347,"Procesando solicitud…","-[AFConnection _extendExistingRequestTimeoutForReason:durationInSeconds:] No existing timeout timer set. Skipping."
2026-09-20 17:02:53.434,"Privado — todo en tu Mac","com.apple.siri","Sin conexiones activas",false,8347,"Procesando solicitud…","-[AFConnection _extendExistingRequestTimeoutForReason:durationInSeconds:] reason = requestDidAskForTimeoutExtension:"
2026-09-20 17:02:53.433,"Privado — todo en tu Mac","com.apple.siri","Sin conexiones activas",false,8347,"Procesando solicitud…","-[CampoUISiriChatPresentationController siriSessionDidReceiveUpdateVisualResponseSnippetCommand:completion:] command with viewId: <private> handled by presentation: YES"
2026-09-20 17:02:53.433,"Privado — todo en tu Mac","com.apple.siri","Sin conexiones activas",false,8347,"Procesando solicitud…","-[CampoUISiriChatPresentationController siriSessionDidReceiveAddViewsCommand:completion:] Received an empty SAUIAssistantUtteranceView with no dialog from a SAUIAddViews with aceID:<private> refID:<private>. Marking command as SACommandSucceeded"
2026-09-20 17:02:53.433,"Privado — todo en tu Mac","com.apple.siri","Sin conexiones activas",false,8347,"Procesando solicitud…","-[CampoUISiriChatPresentationController siriSessionDidReceiveAddViewsCommand:completion:] #modes SAUIAddViews view class: SAUIAssistantUtteranceView"
2026-09-20 17:02:53.433,"Privado — todo en tu Mac","com.apple.siri","Sin conexiones activas",false,8347,"Procesando solicitud…","-[CampoUISiriChatPresentationController siriSessionDidReceiveAddViewsCommand:completion:] #Replay receivedReplayCommand SAUIAddViews: <private>"
2026-09-20 17:02:53.433,"Privado — todo en tu Mac","com.apple.siri","Sin conexiones activas",false,8347,"Procesando solicitud…","-[CampoUISiriChatSession assistantConnection:receivedCommand:completion:] Received Command: StreamChunk aceId: <private>"
2026-09-20 17:02:53.433,"Privado — todo en tu Mac","com.apple.siri","Sin conexiones activas",false,8347,"Procesando solicitud…","-[AFConnection _dispatchCommand:isInterstitial:interstitialPhase:interstitialDelay:reply:] command = <private>, isInterstitial = 0"
2026-09-20 17:02:53.433,"Privado — todo en tu Mac","com.apple.siri","Sin conexiones activas",false,8347,"Procesando solicitud…","-[AFConnection _handleCommand:reply:] command = <private>"
2026-09-20 17:02:53.433,"Privado — todo en tu Mac","com.apple.siri","Sin conexiones activas",false,8347,"Procesando solicitud…","-[AFConnection _extendExistingRequestTimeoutForReason:durationInSeconds:] No existing timeout timer set. Skipping."
2026-09-20 17:02:53.433,"Privado — todo en tu Mac","com.apple.siri","Sin conexiones activas",false,8347,"Procesando solicitud…","-[AFConnection _extendExistingRequestTimeoutForReason:durationInSeconds:] reason = requestDidAskForTimeoutExtension:"
2026-09-20 17:02:53.432,"Privado — todo en tu Mac","com.apple.siri","Sin conexiones activas",false,8347,"Procesando solicitud…","-[CampoUISiriChatPresentationController siriSessionDidReceiveUpdateVisualResponseSnippetCommand:completion:] command with viewId: <private> handled by presentation: YES"
2026-09-20 17:02:53.432,"Privado — todo en tu Mac","com.apple.siri","Sin conexiones activas",false,8347,"Procesando solicitud…","-[CampoUISiriChatSession assistantConnection:receivedCommand:completion:] Received Command: StreamChunk aceId: <private>"
2026-09-20 17:02:53.432,"Privado — todo en tu Mac","com.apple.siri","Sin conexiones activas",false,8347,"Procesando solicitud…","-[AFConnection _dispatchCommand:isInterstitial:interstitialPhase:interstitialDelay:reply:] command = <private>, isInterstitial = 0"
2026-09-20 17:02:53.432,"Privado — todo en tu Mac","com.apple.siri","Sin conexiones activas",false,8346,"Procesando solicitud…","-[AFConnection _handleCommand:reply:] command = <private>"
2026-09-20 17:02:53.432,"Privado — todo en tu Mac","com.apple.siri","Sin conexiones activas",false,8346,"Procesando solicitud…","-[CampoUISiriChatPresentationController siriSessionDidReceiveAddViewsCommand:completion:] Received an empty SAUIAssistantUtteranceView with no dialog from a SAUIAddViews with aceID:<private> refID:<private>. Marking command as SACommandSucceeded"
2026-09-20 17:02:53.432,"Privado — todo en tu Mac","com.apple.siri","Sin conexiones activas",false,8346,"Procesando solicitud…","-[CampoUISiriChatPresentationController siriSessionDidReceiveAddViewsCommand:completion:] #modes SAUIAddViews view class: SAUIAssistantUtteranceView"
2026-09-20 17:02:53.432,"Privado — todo en tu Mac","com.apple.siri","Sin conexiones activas",false,8346,"Procesando solicitud…","-[CampoUISiriChatPresentationController siriSessionDidReceiveAddViewsCommand:completion:] #Replay receivedReplayCommand SAUIAddViews: <private>"
2026-09-20 17:02:53.432,"Privado — todo en tu Mac","com.apple.siri","Sin conexiones activas",false,8346,"Procesando solicitud…","-[AFConnection _extendExistingRequestTimeoutForReason:durationInSeconds:] reason = requestDidAskForTimeoutExtension:"
2026-09-20 17:02:53.431,"Privado — todo en tu Mac","com.apple.siri","Sin conexiones activas",false,8346,"Procesando solicitud…","-[CampoUISiriChatSession assistantConnection:receivedCommand:completion:] Received Command: StreamChunk aceId: <private>"
2026-09-20 17:02:53.431,"Privado — todo en tu Mac","com.apple.siri","Sin conexiones activas",false,8346,"Procesando solicitud…","-[AFConnection _dispatchCommand:isInterstitial:interstitialPhase:interstitialDelay:reply:] command = <private>, isInterstitial = 0"
2026-09-20 17:02:53.431,"Privado — todo en tu Mac","com.apple.siri","Sin conexiones activas",false,8346,"Procesando solicitud…","-[AFConnection _handleCommand:reply:] command = <private>"
2026-09-20 17:02:53.431,"Privado — todo en tu Mac","com.apple.siri","Sin conexiones activas",false,8346,"Procesando solicitud…","-[AFConnection _extendExistingRequestTimeoutForReason:durationInSeconds:] reason = requestDidAskForTimeoutExtension:"
2026-09-20 17:02:53.431,"Privado — todo en tu Mac","com.apple.siri","Sin conexiones activas",false,8346,"Procesando solicitud…","-[CampoUISiriChatPresentationController siriSessionDidReceiveUpdateVisualResponseSnippetCommand:completion:] command with viewId: <private> handled by presentation: YES"
2026-09-20 17:02:53.431,"Privado — todo en tu Mac","com.apple.siri","Sin conexiones activas",false,8346,"Processsing latency progress update: <private>","Processsing latency progress update: <private>"
2026-09-20 17:02:53.431,"Privado — todo en tu Mac","com.apple.siri","Sin conexiones activas",false,8346,"Procesando solicitud…","-[CampoUISiriChatSession assistantConnection:receivedCommand:completion:] Received Command: StreamChunk aceId: <private>"
2026-09-20 17:02:53.431,"Privado — todo en tu Mac","com.apple.siri","Sin conexiones activas",false,8346,"Procesando solicitud…","-[AFConnection _dispatchCommand:isInterstitial:interstitialPhase:interstitialDelay:reply:] command = <private>, isInterstitial = 0"
2026-09-20 17:02:53.431,"Privado — todo en tu Mac","com.apple.siri","Sin conexiones activas",false,8346,"Procesando solicitud…","-[AFConnection _handleCommand:reply:] command = <private>"
2026-09-20 17:02:53.431,"Privado — todo en tu Mac","com.apple.siri","Sin conexiones activas",false,8346,"Procesando solicitud…","-[AFConnection _extendExistingRequestTimeoutForReason:durationInSeconds:] No existing timeout timer set. Skipping."
2026-09-20 17:02:53.431,"Privado — todo en tu Mac","com.apple.siri","Sin conexiones activas",false,8346,"Procesando solicitud…","-[AFConnection _extendExistingRequestTimeoutForReason:durationInSeconds:] reason = requestDidAskForTimeoutExtension:"
2026-09-20 17:02:53.430,"Privado — todo en tu Mac","com.apple.intelligenceplatform","Sin conexiones activas",false,8346,"SourceUpdater: Dropping notification for <private> - no action needed","SourceUpdater: Dropping notification for <private> - no action needed"
2026-09-20 17:02:53.429,"Privado — todo en tu Mac","com.apple.siri","Sin conexiones activas",false,8346,"Procesando solicitud…","-[CampoUISiriChatPresentationController siriSessionDidReceiveAddViewsCommand:completion:] Received an empty SAUIAssistantUtteranceView with no dialog from a SAUIAddViews with aceID:<private> refID:<private>. Marking command as SACommandSucceeded"
2026-09-20 17:02:53.429,"Privado — todo en tu Mac","com.apple.siri","Sin conexiones activas",false,8346,"Procesando solicitud…","-[CampoUISiriChatPresentationController siriSessionDidReceiveAddViewsCommand:completion:] #modes SAUIAddViews view class: SAUIAssistantUtteranceView"
2026-09-20 17:02:53.429,"Privado — todo en tu Mac","com.apple.siri","Sin conexiones activas",false,8346,"Procesando solicitud…","-[CampoUISiriChatPresentationController siriSessionDidReceiveAddViewsCommand:completion:] #Replay isReplaying: 0, wrapper: 0x0"
2026-09-20 17:02:53.429,"Privado — todo en tu Mac","com.apple.siri","Sin conexiones activas",false,8346,"Procesando solicitud…","-[CampoUISiriChatPresentationController siriSessionDidReceiveAddViewsCommand:completion:] #Replay receivedReplayCommand SAUIAddViews: <private>"
2026-09-20 17:02:53.429,"Privado — todo en tu Mac","com.apple.siri","Sin conexiones activas",false,8346,"Procesando solicitud…","-[AFConnection _extendExistingRequestTimeoutForReason:durationInSeconds:] No existing timeout timer set. Skipping."
2026-09-20 17:02:53.429,"Privado — todo en tu Mac","com.apple.siri","Sin conexiones activas",false,8346,"Procesando solicitud…","-[AFConnection _extendExistingRequestTimeoutForReason:durationInSeconds:] reason = requestDidAskForTimeoutExtension:"
2026-09-20 17:02:53.429,"Privado — todo en tu Mac","com.apple.siri","Sin conexiones activas",false,8346,"Processsing latency progress update: <private>","Processsing latency progress update: <private>"
2026-09-20 17:02:53.429,"Privado — todo en tu Mac","com.apple.siri","Sin conexiones activas",false,8346,"Procesando solicitud…","-[AFConnection _extendExistingRequestTimeoutForReason:durationInSeconds:] reason = requestDidAskForTimeoutExtension:"
2026-09-20 17:02:53.429,"Privado — todo en tu Mac","com.apple.siri","Sin conexiones activas",false,8346,"Procesando solicitud…","-[CampoUISiriChatSession assistantConnection:receivedCommand:completion:] Received Command: StreamChunk aceId: <private>"
2026-09-20 17:02:53.429,"Privado — todo en tu Mac","com.apple.siri","Sin conexiones activas",false,8346,"Procesando solicitud…","-[AFConnection _handleCommand:reply:] command = <private>"
2026-09-20 17:02:53.429,"Privado — todo en tu Mac","com.apple.siri","Sin conexiones activas",false,8346,"Procesando solicitud…","-[AFConnection _extendExistingRequestTimeoutForReason:durationInSeconds:] No existing timeout timer set. Skipping."
2026-09-20 17:02:53.429,"Privado — todo en tu Mac","com.apple.siri","Sin conexiones activas",false,8346,"Procesando solicitud…","-[AFConnection _extendExistingRequestTimeoutForReason:durationInSeconds:] reason = requestDidAskForTimeoutExtension:"
2026-09-20 17:02:53.429,"Privado — todo en tu Mac","com.apple.siri","Sin conexiones activas",false,8346,"Processsing latency progress update: <private>","Processsing latency progress update: <private>"
2026-09-20 17:02:53.428,"Privado — todo en tu Mac","com.apple.siri","Sin conexiones activas",false,8346,"Procesando solicitud…","-[CampoUISiriChatSession assistantConnection:receivedCommand:completion:] Received Command: StreamChunk aceId: <private>"
2026-09-20 17:02:53.428,"Privado — todo en tu Mac","com.apple.siri","Sin conexiones activas",false,8346,"Procesando solicitud…","-[AFConnection _dispatchCommand:isInterstitial:interstitialPhase:interstitialDelay:reply:] command = <private>, isInterstitial = 0"
2026-09-20 17:02:53.428,"Privado — todo en tu Mac","com.apple.siri","Sin conexiones activas",false,8345,"Procesando solicitud…","-[AFConnection _handleCommand:reply:] command = <private>"
2026-09-20 17:02:53.428,"Privado — todo en tu Mac","com.apple.siri","Sin conexiones activas",false,8345,"Procesando solicitud…","-[AFConnection _extendExistingRequestTimeoutForReason:durationInSeconds:] reason = requestDidAskForTimeoutExtension:"
2026-09-20 17:02:53.428,"Privado — todo en tu Mac","com.apple.siri","Sin conexiones activas",false,8345,"Procesando solicitud…","-[AFConnection _extendExistingRequestTimeoutForReason:durationInSeconds:] No existing timeout timer set. Skipping."
2026-09-20 17:02:53.428,"Privado — todo en tu Mac","com.apple.siri","Sin conexiones activas",false,8345,"Procesando solicitud…","-[AFConnection _extendExistingRequestTimeoutForReason:durationInSeconds:] reason = requestDidAskForTimeoutExtension:"
2026-09-20 17:02:53.428,"Privado — todo en tu Mac","com.apple.siri","Sin conexiones activas",false,8345,"Procesando solicitud…","-[CampoUISiriChatSession assistantConnection:receivedCommand:completion:] Received Command: StreamChunk aceId: <private>"
2026-09-20 17:02:53.428,"Privado — todo en tu Mac","com.apple.siri","Sin conexiones activas",false,8345,"Procesando solicitud…","-[AFConnection _handleCommand:reply:] command = <private>"
2026-09-20 17:02:53.428,"Privado — todo en tu Mac","com.apple.siri","Sin conexiones activas",false,8345,"Procesando solicitud…","-[AFConnection _extendExistingRequestTimeoutForReason:durationInSeconds:] No existing timeout timer set. Skipping."
2026-09-20 17:02:53.428,"Privado — todo en tu Mac","com.apple.siri","Sin conexiones activas",false,8345,"Procesando solicitud…","-[AFConnection _extendExistingRequestTimeoutForReason:durationInSeconds:] reason = requestDidAskForTimeoutExtension:"
2026-09-20 17:02:53.428,"Privado — todo en tu Mac","com.apple.siri","Sin conexiones activas",false,8343,"Procesando solicitud…","-[CampoUISiriChatSession assistantConnection:receivedCommand:completion:] Received Command: StreamChunk aceId: <private>"
2026-09-20 17:02:53.428,"Privado — todo en tu Mac","com.apple.siri","Sin conexiones activas",false,8343,"Procesando solicitud…","-[AFConnection _handleCommand:reply:] command = <private>"
2026-09-20 17:02:53.428,"Privado — todo en tu Mac","com.apple.siri","Sin conexiones activas",false,8343,"Procesando solicitud…","-[AFConnection _extendExistingRequestTimeoutForReason:durationInSeconds:] reason = requestDidAskForTimeoutExtension:"
2026-09-20 17:02:53.428,"Privado — todo en tu Mac","com.apple.siri","Sin conexiones activas",false,8342,"Procesando solicitud…","-[CampoUISiriChatSession assistantConnection:receivedCommand:completion:] Received Command: StreamChunk aceId: <private>"
2026-09-20 17:02:53.428,"Privado — todo en tu Mac","com.apple.siri","Sin conexiones activas",false,8342,"Procesando solicitud…","-[AFConnection _dispatchCommand:isInterstitial:interstitialPhase:interstitialDelay:reply:] command = <private>, isInterstitial = 0"
2026-09-20 17:02:53.428,"Privado — todo en tu Mac","com.apple.siri","Sin conexiones activas",false,8342,"Procesando solicitud…","-[AFConnection _handleCommand:reply:] command = <private>"
2026-09-20 17:02:53.428,"Privado — todo en tu Mac","com.apple.siri","Sin conexiones activas",false,8342,"Procesando solicitud…","-[AFConnection _extendExistingRequestTimeoutForReason:durationInSeconds:] No existing timeout timer set. Skipping."
2026-09-20 17:02:53.428,"Privado — todo en tu Mac","com.apple.siri","Sin conexiones activas",false,8342,"Procesando solicitud…","-[AFConnection _extendExistingRequestTimeoutForReason:durationInSeconds:] reason = requestDidAskForTimeoutExtension:"
2026-09-20 17:02:53.428,"Privado — todo en tu Mac","com.apple.siri","Sin conexiones activas",false,8342,"Procesando solicitud…","-[CampoUISiriChatPresentationController siriSessionDidReceiveUpdateVisualResponseSnippetCommand:completion:] command with viewId: <private> handled by presentation: YES"
2026-09-20 17:02:53.424,"Privado — todo en tu Mac","com.apple.intelligenceplatform","Sin conexiones activas",false,8342,"SourceUpdater: Dropping notification for <private> - no action needed","SourceUpdater: Dropping notification for <private> - no action needed"
2026-09-20 17:02:53.422,"Privado — todo en tu Mac","com.apple.siri","Sin conexiones activas",false,8341,"Procesando solicitud…","-[CampoUISiriChatPresentationController siriSessionDidReceiveAddViewsCommand:completion:] Received an empty SAUIAssistantUtteranceView with no dialog from a SAUIAddViews with aceID:<private> refID:<private>. Marking command as SACommandSucceeded"
2026-09-20 17:02:53.422,"Privado — todo en tu Mac","com.apple.siri","Sin conexiones activas",false,8341,"Procesando solicitud…","-[CampoUISiriChatPresentationController siriSessionDidReceiveAddViewsCommand:completion:] #modes SAUIAddViews view class: SAUIAssistantUtteranceView"
2026-09-20 17:02:53.422,"Privado — todo en tu Mac","com.apple.siri","Sin conexiones activas",false,8341,"Procesando solicitud…","-[CampoUISiriChatPresentationController siriSessionDidReceiveAddViewsCommand:completion:] #Replay receivedReplayCommand SAUIAddViews: <private>"
2026-09-20 17:02:53.422,"Privado — todo en tu Mac","com.apple.siri","Sin conexiones activas",false,8341,"Processsing latency progress update: <private>","Processsing latency progress update: <private>"
2026-09-20 17:02:53.422,"Privado — todo en tu Mac","com.apple.siri","Sin conexiones activas",false,8341,"Procesando solicitud…","-[AFConnection _extendExistingRequestTimeoutForReason:durationInSeconds:] reason = requestDidAskForTimeoutExtension:"
2026-09-20 17:02:53.422,"Privado — todo en tu Mac","com.apple.siri","Sin conexiones activas",false,8341,"Procesando solicitud…","-[CampoUISiriChatPresentationController siriSessionDidReceiveUpdateVisualResponseSnippetCommand:completion:] command with viewId: <private> handled by presentation: YES"
2026-09-20 17:02:53.422,"Privado — todo en tu Mac","com.apple.siri","Sin conexiones activas",false,8341,"Procesando solicitud…","-[CampoUISiriChatSession assistantConnection:receivedCommand:completion:] Received Command: StreamChunk aceId: <private>"
2026-09-20 17:02:53.422,"Privado — todo en tu Mac","com.apple.siri","Sin conexiones activas",false,8341,"Procesando solicitud…","-[AFConnection _dispatchCommand:isInterstitial:interstitialPhase:interstitialDelay:reply:] command = <private>, isInterstitial = 0"
2026-09-20 17:02:53.422,"Privado — todo en tu Mac","com.apple.siri","Sin conexiones activas",false,8341,"Procesando solicitud…","-[AFConnection _handleCommand:reply:] command = <private>"
2026-09-20 17:02:53.421,"Privado — todo en tu Mac","com.apple.intelligenceplatform","Sin conexiones activas",false,8341,"Procesando solicitud…","ViewUpdate: <private>: <private>: Finished update"
2026-09-20 17:02:53.421,"Privado — todo en tu Mac","com.apple.intelligenceplatform","Sin conexiones activas",false,8340,"Procesando solicitud…","ViewUpdate: <private>: Finished update"
2026-09-20 17:02:53.421,"Privado — todo en tu Mac","com.apple.siri","Sin conexiones activas",false,8340,"Procesando solicitud…","-[CampoUISiriChatPresentationController siriSessionDidReceiveAddViewsCommand:completion:] Received an empty SAUIAssistantUtteranceView with no dialog from a SAUIAddViews with aceID:<private> refID:<private>. Marking command as SACommandSucceeded"
2026-09-20 17:02:53.421,"Privado — todo en tu Mac","com.apple.siri","Sin conexiones activas",false,8340,"Procesando solicitud…","-[CampoUISiriChatPresentationController siriSessionDidReceiveAddViewsCommand:completion:] #modes SAUIAddViews view class: SAUIAssistantUtteranceView"
2026-09-20 17:02:53.421,"Privado — todo en tu Mac","com.apple.siri","Sin conexiones activas",false,8340,"Procesando solicitud…","-[CampoUISiriChatPresentationController siriSessionDidReceiveAddViewsCommand:completion:] #Replay isReplaying: 0, wrapper: 0x0"
2026-09-20 17:02:53.421,"Privado — todo en tu Mac","com.apple.siri","Sin conexiones activas",false,8340,"Procesando solicitud…","-[CampoUISiriChatPresentationController siriSessionDidReceiveAddViewsCommand:completion:] #Replay receivedReplayCommand SAUIAddViews: <private>"
2026-09-20 17:02:53.421,"Privado — todo en tu Mac","com.apple.siri","Sin conexiones activas",false,8340,"Procesando solicitud…","-[AFConnection _extendExistingRequestTimeoutForReason:durationInSeconds:] reason = requestDidAskForTimeoutExtension:"
2026-09-20 17:02:53.421,"Privado — todo en tu Mac","com.apple.siri","Sin conexiones activas",false,8340,"Procesando solicitud…","-[CampoUISiriChatSession assistantConnection:receivedCommand:completion:] Received Command: StreamChunk aceId: <private>"
2026-09-20 17:02:53.421,"Privado — todo en tu Mac","com.apple.siri","Sin conexiones activas",false,8340,"Procesando solicitud…","-[AFConnection _dispatchCommand:isInterstitial:interstitialPhase:interstitialDelay:reply:] command = <private>, isInterstitial = 0"
2026-09-20 17:02:53.421,"Privado — todo en tu Mac","com.apple.siri","Sin conexiones activas",false,8340,"Procesando solicitud…","-[AFConnection _handleCommand:reply:] command = <private>"
2026-09-20 17:02:53.421,"Privado — todo en tu Mac","com.apple.siri","Sin conexiones activas",false,8340,"Procesando solicitud…","-[CampoUISiriChatPresentationController siriSessionDidReceiveUpdateVisualResponseSnippetCommand:completion:] command with viewId: <private> handled by presentation: YES"
2026-09-20 17:02:53.420,"Privado — todo en tu Mac","com.apple.siri","Sin conexiones activas",false,8340,"Procesando solicitud…","-[AFConnection _extendExistingRequestTimeoutForReason:durationInSeconds:] No existing timeout timer set. Skipping."
2026-09-20 17:02:53.420,"Privado — todo en tu Mac","com.apple.siri","Sin conexiones activas",false,8339,"Procesando solicitud…","-[AFConnection _extendExistingRequestTimeoutForReason:durationInSeconds:] reason = requestDidAskForTimeoutExtension:"
2026-09-20 17:02:53.420,"Privado — todo en tu Mac","com.apple.siri","Sin conexiones activas",false,8339,"Procesando solicitud…","-[CampoUISiriChatPresentationController siriSessionDidReceiveAddViewsCommand:completion:] Received an empty SAUIAssistantUtteranceView with no dialog from a SAUIAddViews with aceID:<private> refID:<private>. Marking command as SACommandSucceeded"
2026-09-20 17:02:53.420,"Privado — todo en tu Mac","com.apple.siri","Sin conexiones activas",false,8339,"Procesando solicitud…","-[CampoUISiriChatPresentationController siriSessionDidReceiveAddViewsCommand:completion:] #modes SAUIAddViews view class: SAUIAssistantUtteranceView"
2026-09-20 17:02:53.420,"Privado — todo en tu Mac","com.apple.siri","Sin conexiones activas",false,8339,"Procesando solicitud…","-[CampoUISiriChatPresentationController siriSessionDidReceiveAddViewsCommand:completion:] #Replay isReplaying: 0, wrapper: 0x0"
2026-09-20 17:02:53.420,"Privado — todo en tu Mac","com.apple.siri","Sin conexiones activas",false,8339,"Procesando solicitud…","-[CampoUISiriChatPresentationController siriSessionDidReceiveAddViewsCommand:completion:] #Replay receivedReplayCommand SAUIAddViews: <private>"
2026-09-20 17:02:53.420,"Privado — todo en tu Mac","com.apple.intelligenceplatform","Sin conexiones activas",false,8339,"SourceUpdater: Dropping notification for <private> - no action needed","SourceUpdater: Dropping notification for <private> - no action needed"
2026-09-20 17:02:53.420,"Privado — todo en tu Mac","com.apple.siri","Sin conexiones activas",false,8339,"Processsing latency progress update: <private>","Processsing latency progress update: <private>"
2026-09-20 17:02:53.420,"Privado — todo en tu Mac","com.apple.siri","Sin conexiones activas",false,8339,"Procesando solicitud…","-[AFConnection _extendExistingRequestTimeoutForReason:durationInSeconds:] No existing timeout timer set. Skipping."
2026-09-20 17:02:53.420,"Privado — todo en tu Mac","com.apple.siri","Sin conexiones activas",false,8339,"Procesando solicitud…","-[AFConnection _extendExistingRequestTimeoutForReason:durationInSeconds:] reason = requestDidAskForTimeoutExtension:"
2026-09-20 17:02:53.420,"Privado — todo en tu Mac","com.apple.siri","Sin conexiones activas",false,8339,"Procesando solicitud…","-[CampoUISiriChatSession assistantConnection:receivedCommand:completion:] Received Command: StreamChunk aceId: <private>"
2026-09-20 17:02:53.420,"Privado — todo en tu Mac","com.apple.siri","Sin conexiones activas",false,8339,"Procesando solicitud…","-[AFConnection _dispatchCommand:isInterstitial:interstitialPhase:interstitialDelay:reply:] command = <private>, isInterstitial = 0"
2026-09-20 17:02:53.420,"Privado — todo en tu Mac","com.apple.siri","Sin conexiones activas",false,8338,"Procesando solicitud…","-[AFConnection _handleCommand:reply:] command = <private>"
2026-09-20 17:02:53.420,"Privado — todo en tu Mac","com.apple.siri","Sin conexiones activas",false,8338,"Procesando solicitud…","-[CampoUISiriChatPresentationController siriSessionDidReceiveUpdateVisualResponseSnippetCommand:completion:] command with viewId: <private> handled by presentation: YES"
2026-09-20 17:02:53.420,"Privado — todo en tu Mac","com.apple.siri","Sin conexiones activas",false,8338,"Procesando solicitud…","-[AFConnection _extendExistingRequestTimeoutForReason:durationInSeconds:] reason = requestDidAskForTimeoutExtension:"
2026-09-20 17:02:53.419,"Privado — todo en tu Mac","com.apple.siri","Sin conexiones activas",false,8338,"Processsing latency progress update: <private>","Processsing latency progress update: <private>"
2026-09-20 17:02:53.419,"Privado — todo en tu Mac","com.apple.siri","Sin conexiones activas",false,8338,"Procesando solicitud…","-[CampoUISiriChatPresentationController siriSessionDidReceiveAddViewsCommand:completion:] Received an empty SAUIAssistantUtteranceView with no dialog from a SAUIAddViews with aceID:<private> refID:<private>. Marking command as SACommandSucceeded"
2026-09-20 17:02:53.419,"Privado — todo en tu Mac","com.apple.siri","Sin conexiones activas",false,8338,"Procesando solicitud…","-[CampoUISiriChatPresentationController siriSessionDidReceiveAddViewsCommand:completion:] #modes SAUIAddViews view class: SAUIAssistantUtteranceView"
2026-09-20 17:02:53.419,"Privado — todo en tu Mac","com.apple.siri","Sin conexiones activas",false,8338,"Procesando solicitud…","-[CampoUISiriChatPresentationController siriSessionDidReceiveAddViewsCommand:completion:] #Replay isReplaying: 0, wrapper: 0x0"
2026-09-20 17:02:53.419,"Privado — todo en tu Mac","com.apple.siri","Sin conexiones activas",false,8338,"Procesando solicitud…","-[CampoUISiriChatPresentationController siriSessionDidReceiveAddViewsCommand:completion:] #Replay receivedReplayCommand SAUIAddViews: <private>"
2026-09-20 17:02:53.419,"Privado — todo en tu Mac","com.apple.siri","Sin conexiones activas",false,8337,"Procesando solicitud…","-[AFConnection _extendExistingRequestTimeoutForReason:durationInSeconds:] reason = requestDidAskForTimeoutExtension:"
2026-09-20 17:02:53.418,"Privado — todo en tu Mac","com.apple.siri","Sin conexiones activas",false,8337,"Procesando solicitud…","-[CampoUISiriChatSession assistantConnection:receivedCommand:completion:] Received Command: StreamChunk aceId: <private>"
2026-09-20 17:02:53.418,"Privado — todo en tu Mac","com.apple.siri","Sin conexiones activas",false,8337,"Procesando solicitud…","-[AFConnection _handleCommand:reply:] command = <private>"
2026-09-20 17:02:53.418,"Privado — todo en tu Mac","com.apple.siri","Sin conexiones activas",false,8337,"Procesando solicitud…","-[CampoUISiriChatPresentationController siriSessionDidReceiveUpdateVisualResponseSnippetCommand:completion:] command with viewId: <private> handled by presentation: YES"
2026-09-20 17:02:53.418,"Privado — todo en tu Mac","com.apple.siri","Sin conexiones activas",false,8337,"Procesando solicitud…","-[CampoUISiriChatSession assistantConnection:receivedCommand:completion:] Received Command: StreamChunk aceId: <private>"
2026-09-20 17:02:53.418,"Privado — todo en tu Mac","com.apple.siri","Sin conexiones activas",false,8337,"Procesando solicitud…","-[AFConnection _dispatchCommand:isInterstitial:interstitialPhase:interstitialDelay:reply:] command = <private>, isInterstitial = 0"
2026-09-20 17:02:53.418,"Privado — todo en tu Mac","com.apple.siri","Sin conexiones activas",false,8337,"Procesando solicitud…","-[AFConnection _handleCommand:reply:] command = <private>"
2026-09-20 17:02:53.418,"Privado — todo en tu Mac","com.apple.siri","Sin conexiones activas",false,8337,"Procesando solicitud…","-[CampoUISiriChatPresentationController siriSessionDidReceiveAddViewsCommand:completion:] Received an empty SAUIAssistantUtteranceView with no dialog from a SAUIAddViews with aceID:<private> refID:<private>. Marking command as SACommandSucceeded"
2026-09-20 17:02:53.418,"Privado — todo en tu Mac","com.apple.siri","Sin conexiones activas",false,8337,"Procesando solicitud…","-[CampoUISiriChatPresentationController siriSessionDidReceiveAddViewsCommand:completion:] #modes SAUIAddViews view class: SAUIAssistantUtteranceView"
2026-09-20 17:02:53.418,"Privado — todo en tu Mac","com.apple.siri","Sin conexiones activas",false,8337,"Procesando solicitud…","-[CampoUISiriChatPresentationController siriSessionDidReceiveAddViewsCommand:completion:] #Replay receivedReplayCommand SAUIAddViews: <private>"
2026-09-20 17:02:53.418,"Privado — todo en tu Mac","com.apple.siri","Sin conexiones activas",false,8337,"Procesando solicitud…","-[AFConnection _extendExistingRequestTimeoutForReason:durationInSeconds:] No existing timeout timer set. Skipping."
2026-09-20 17:02:53.418,"Privado — todo en tu Mac","com.apple.siri","Sin conexiones activas",false,8337,"Procesando solicitud…","-[AFConnection _extendExistingRequestTimeoutForReason:durationInSeconds:] reason = requestDidAskForTimeoutExtension:"
2026-09-20 17:02:53.418,"Privado — todo en tu Mac","com.apple.siri","Sin conexiones activas",false,8336,"Procesando solicitud…","-[CampoUISiriChatPresentationController siriSessionDidReceiveUpdateVisualResponseSnippetCommand:completion:] command with viewId: <private> handled by presentation: YES"
2026-09-20 17:02:53.417,"Privado — todo en tu Mac","com.apple.siri","Sin conexiones activas",false,8336,"Procesando solicitud…","-[AFConnection _extendExistingRequestTimeoutForReason:durationInSeconds:] reason = requestDidAskForTimeoutExtension:"
2026-09-20 17:02:53.417,"Privado — todo en tu Mac","com.apple.siri","Sin conexiones activas",false,8336,"Procesando solicitud…","-[CampoUISiriChatPresentationController siriSessionDidReceiveAddViewsCommand:completion:] Received an empty SAUIAssistantUtteranceView with no dialog from a SAUIAddViews with aceID:<private> refID:<private>. Marking command as SACommandSucceeded"
2026-09-20 17:02:53.417,"Privado — todo en tu Mac","com.apple.siri","Sin conexiones activas",false,8336,"Procesando solicitud…","-[CampoUISiriChatPresentationController siriSessionDidReceiveAddViewsCommand:completion:] #modes SAUIAddViews view class: SAUIAssistantUtteranceView"
2026-09-20 17:02:53.417,"Privado — todo en tu Mac","com.apple.siri","Sin conexiones activas",false,8336,"Procesando solicitud…","-[CampoUISiriChatPresentationController siriSessionDidReceiveAddViewsCommand:completion:] #Replay receivedReplayCommand SAUIAddViews: <private>"
2026-09-20 17:02:53.417,"Privado — todo en tu Mac","com.apple.siri","Sin conexiones activas",false,8336,"Processsing latency progress update: <private>","Processsing latency progress update: <private>"
2026-09-20 17:02:53.417,"Privado — todo en tu Mac","com.apple.siri","Sin conexiones activas",false,8336,"Procesando solicitud…","-[AFConnection _extendExistingRequestTimeoutForReason:durationInSeconds:] No existing timeout timer set. Skipping."
2026-09-20 17:02:53.417,"Privado — todo en tu Mac","com.apple.siri","Sin conexiones activas",false,8335,"Procesando solicitud…","-[AFConnection _extendExistingRequestTimeoutForReason:durationInSeconds:] reason = requestDidAskForTimeoutExtension:"
2026-09-20 17:02:53.417,"Privado — todo en tu Mac","com.apple.siri","Sin conexiones activas",false,8335,"Procesando solicitud…","-[CampoUISiriChatPresentationController siriSessionDidReceiveUpdateVisualResponseSnippetCommand:completion:] command with viewId: <private> handled by presentation: YES"
2026-09-20 17:02:53.417,"Privado — todo en tu Mac","com.apple.siri","Sin conexiones activas",false,8335,"Procesando solicitud…","-[CampoUISiriChatSession assistantConnection:receivedCommand:completion:] Received Command: StreamChunk aceId: <private>"
2026-09-20 17:02:53.417,"Privado — todo en tu Mac","com.apple.siri","Sin conexiones activas",false,8335,"Procesando solicitud…","-[AFConnection _dispatchCommand:isInterstitial:interstitialPhase:interstitialDelay:reply:] command = <private>, isInterstitial = 0"
2026-09-20 17:02:53.417,"Privado — todo en tu Mac","com.apple.siri","Sin conexiones activas",false,8335,"Procesando solicitud…","-[AFConnection _handleCommand:reply:] command = <private>"
2026-09-20 17:02:53.416,"Privado — todo en tu Mac","com.apple.siri","Sin conexiones activas",false,8335,"Procesando solicitud…","-[CampoUISiriChatPresentationController siriSessionDidReceiveAddViewsCommand:completion:] Received an empty SAUIAssistantUtteranceView with no dialog from a SAUIAddViews with aceID:<private> refID:<private>. Marking command as SACommandSucceeded"
2026-09-20 17:02:53.416,"Privado — todo en tu Mac","com.apple.siri","Sin conexiones activas",false,8335,"Procesando solicitud…","-[CampoUISiriChatPresentationController siriSessionDidReceiveAddViewsCommand:completion:] #modes SAUIAddViews view class: SAUIAssistantUtteranceView"
2026-09-20 17:02:53.416,"Privado — todo en tu Mac","com.apple.siri","Sin conexiones activas",false,8335,"Procesando solicitud…","-[CampoUISiriChatPresentationController siriSessionDidReceiveAddViewsCommand:completion:] #Replay isReplaying: 0, wrapper: 0x0"
2026-09-20 17:02:53.416,"Privado — todo en tu Mac","com.apple.siri","Sin conexiones activas",false,8334,"Procesando solicitud…","-[CampoUISiriChatPresentationController siriSessionDidReceiveAddViewsCommand:completion:] #Replay receivedReplayCommand SAUIAddViews: <private>"
2026-09-20 17:02:53.416,"Privado — todo en tu Mac","com.apple.siri","Sin conexiones activas",false,8334,"Procesando solicitud…","-[AFConnection _extendExistingRequestTimeoutForReason:durationInSeconds:] No existing timeout timer set. Skipping."
2026-09-20 17:02:53.416,"Privado — todo en tu Mac","com.apple.siri","Sin conexiones activas",false,8334,"Procesando solicitud…","-[AFConnection _extendExistingRequestTimeoutForReason:durationInSeconds:] reason = requestDidAskForTimeoutExtension:"
2026-09-20 17:02:53.416,"Privado — todo en tu Mac","com.apple.siri","Sin conexiones activas",false,8334,"Procesando solicitud…","-[CampoUISiriChatSession assistantConnection:receivedCommand:completion:] Received Command: StreamChunk aceId: <private>"
2026-09-20 17:02:53.416,"Privado — todo en tu Mac","com.apple.siri","Sin conexiones activas",false,8334,"Procesando solicitud…","-[AFConnection _dispatchCommand:isInterstitial:interstitialPhase:interstitialDelay:reply:] command = <private>, isInterstitial = 0"
2026-09-20 17:02:53.416,"Privado — todo en tu Mac","com.apple.siri","Sin conexiones activas",false,8334,"Procesando solicitud…","-[AFConnection _handleCommand:reply:] command = <private>"
2026-09-20 17:02:53.416,"Privado — todo en tu Mac","com.apple.siri","Sin conexiones activas",false,8334,"Procesando solicitud…","-[CampoUISiriChatPresentationController siriSessionDidReceiveUpdateVisualResponseSnippetCommand:completion:] command with viewId: <private> handled by presentation: YES"
2026-09-20 17:02:53.415,"Privado — todo en tu Mac","com.apple.siri","Sin conexiones activas",false,8334,"Procesando solicitud…","-[AFConnection _extendExistingRequestTimeoutForReason:durationInSeconds:] reason = requestDidAskForTimeoutExtension:"
2026-09-20 17:02:53.415,"Privado — todo en tu Mac","com.apple.siri","Sin conexiones activas",false,8334,"Processsing latency progress update: <private>","Processsing latency progress update: <private>"
2026-09-20 17:02:53.415,"Privado — todo en tu Mac","com.apple.siri","Sin conexiones activas",false,8334,"Procesando solicitud…","-[CampoUISiriChatPresentationController siriSessionDidReceiveAddViewsCommand:completion:] Received an empty SAUIAssistantUtteranceView with no dialog from a SAUIAddViews with aceID:<private> refID:<private>. Marking command as SACommandSucceeded"
2026-09-20 17:02:53.415,"Privado — todo en tu Mac","com.apple.siri","Sin conexiones activas",false,8333,"Procesando solicitud…","-[CampoUISiriChatPresentationController siriSessionDidReceiveAddViewsCommand:completion:] #modes SAUIAddViews view class: SAUIAssistantUtteranceView"
2026-09-20 17:02:53.415,"Privado — todo en tu Mac","com.apple.siri","Sin conexiones activas",false,8333,"Procesando solicitud…","-[CampoUISiriChatPresentationController siriSessionDidReceiveAddViewsCommand:completion:] #Replay isReplaying: 0, wrapper: 0x0"
2026-09-20 17:02:53.415,"Privado — todo en tu Mac","com.apple.siri","Sin conexiones activas",false,8333,"Procesando solicitud…","-[CampoUISiriChatPresentationController siriSessionDidReceiveAddViewsCommand:completion:] #Replay receivedReplayCommand SAUIAddViews: <private>"
2026-09-20 17:02:53.415,"Privado — todo en tu Mac","com.apple.siri","Sin conexiones activas",false,8333,"Procesando solicitud…","-[AFConnection _extendExistingRequestTimeoutForReason:durationInSeconds:] No existing timeout timer set. Skipping."
2026-09-20 17:02:53.415,"Privado — todo en tu Mac","com.apple.siri","Sin conexiones activas",false,8333,"Procesando solicitud…","-[AFConnection _extendExistingRequestTimeoutForReason:durationInSeconds:] reason = requestDidAskForTimeoutExtension:"
2026-09-20 17:02:53.414,"Privado — todo en tu Mac","com.apple.siri","Sin conexiones activas",false,8333,"Procesando solicitud…","-[CampoUISiriChatPresentationController siriSessionDidReceiveUpdateVisualResponseSnippetCommand:completion:] command with viewId: <private> handled by presentation: YES"
2026-09-20 17:02:53.414,"Privado — todo en tu Mac","com.apple.siri","Sin conexiones activas",false,8333,"Procesando solicitud…","-[CampoUISiriChatSession assistantConnection:receivedCommand:completion:] Received Command: StreamChunk aceId: <private>"
2026-09-20 17:02:53.414,"Privado — todo en tu Mac","com.apple.siri","Sin conexiones activas",false,8333,"Procesando solicitud…","-[AFConnection _dispatchCommand:isInterstitial:interstitialPhase:interstitialDelay:reply:] command = <private>, isInterstitial = 0"
2026-09-20 17:02:53.414,"Privado — todo en tu Mac","com.apple.siri","Sin conexiones activas",false,8333,"Procesando solicitud…","-[AFConnection _handleCommand:reply:] command = <private>"
2026-09-20 17:02:53.413,"Privado — todo en tu Mac","com.apple.siri","Sin conexiones activas",false,8333,"Procesando solicitud…","-[AFConnection _extendExistingRequestTimeoutForReason:durationInSeconds:] No existing timeout timer set. Skipping."
2026-09-20 17:02:53.413,"Privado — todo en tu Mac","com.apple.siri","Sin conexiones activas",false,8333,"Procesando solicitud…","-[AFConnection _extendExistingRequestTimeoutForReason:durationInSeconds:] reason = requestDidAskForTimeoutExtension:"
2026-09-20 17:02:53.413,"Privado — todo en tu Mac","com.apple.siri","Sin conexiones activas",false,8332,"Processsing latency progress update: <private>","Processsing latency progress update: <private>"
2026-09-20 17:02:53.413,"Privado — todo en tu Mac","com.apple.siri","Sin conexiones activas",false,8332,"Procesando solicitud…","-[AFConnection _extendExistingRequestTimeoutForReason:durationInSeconds:] reason = requestDidAskForTimeoutExtension:"
2026-09-20 17:02:53.413,"Privado — todo en tu Mac","com.apple.siri","Sin conexiones activas",false,8332,"Procesando solicitud…","-[CampoUISiriChatSession assistantConnection:receivedCommand:completion:] Received Command: StreamChunk aceId: <private>"
2026-09-20 17:02:53.413,"Privado — todo en tu Mac","com.apple.siri","Sin conexiones activas",false,8332,"Procesando solicitud…","-[AFConnection _handleCommand:reply:] command = <private>"
