Timestamp,EstadoClasificado,Subsistema,DestinoRed,NeuralEngineActivo,TiempoRespuestaMs,Consulta,MensajeSistemaCrudo
2026-09-20 17:10:26.378,"Privado — todo en tu Mac","com.apple.intelligenceplatform","Sin conexiones activas",false,21845,"ViewUpdate: Finished update job for live","ViewUpdate: Finished update job for live"
2026-09-20 17:10:26.377,"Privado — todo en tu Mac","com.apple.intelligenceplatform","Sin conexiones activas",false,21845,"Procesando solicitud…","ViewUpdate: 37:AppsRecentlyFocused: Ending view update attempt"
2026-09-20 17:10:26.377,"Privado — todo en tu Mac","com.apple.intelligenceplatform","Sin conexiones activas",false,21845,"Procesando solicitud…","ViewUpdate: 37:AppsRecentlyFocused: No update required"
2026-09-20 17:10:26.362,"Privado — todo en tu Mac","com.apple.intelligenceplatform","Sin conexiones activas",false,21845,"Procesando solicitud…","ViewUpdate: 37:AppsRecentlyFocused: Beginning view update attempt"
2026-09-20 17:10:26.362,"Privado — todo en tu Mac","com.apple.intelligenceplatform","Sin conexiones activas",false,21845,"ViewUpdate: Initially have 1 views that may need updating","ViewUpdate: Initially have 1 views that may need updating"
2026-09-20 17:10:26.362,"Privado — todo en tu Mac","com.apple.intelligenceplatform","Sin conexiones activas",false,21845,"ViewUpdate: Starting schedule run <private>","ViewUpdate: Starting schedule run <private>"
2026-09-20 17:10:26.362,"Privado — todo en tu Mac","com.apple.intelligenceplatform","Sin conexiones activas",false,21845,"Procesando solicitud…","ViewUpdate: Beginning update job for live [runMode: update, checkSLA: true]"
2026-09-20 17:10:26.362,"Privado — todo en tu Mac","com.apple.intelligenceplatform","Sin conexiones activas",false,21845,"SourceUpdater: <private> triggered 37 to run on the live schedule","SourceUpdater: <private> triggered 37 to run on the live schedule"
2026-09-20 17:10:26.359,"Privado — todo en tu Mac","com.apple.intelligenceplatform","Sin conexiones activas",false,21845,"ViewUpdate: Finished update job for live","ViewUpdate: Finished update job for live"
2026-09-20 17:10:26.359,"Privado — todo en tu Mac","com.apple.intelligenceplatform","Sin conexiones activas",false,21844,"Procesando solicitud…","ViewUpdate: 37:AppsRecentlyFocused: Ending view update attempt"
2026-09-20 17:10:26.359,"Privado — todo en tu Mac","com.apple.intelligenceplatform","Sin conexiones activas",false,21844,"ViewUpdate: completed update","ViewUpdate: completed update"
2026-09-20 17:10:26.359,"Privado — todo en tu Mac","com.apple.intelligenceplatform","Sin conexiones activas",false,21844,"Procesando solicitud…","ViewUpdate: 37:AppsRecentlyFocused: View was updated"
2026-09-20 17:10:26.357,"Privado — todo en tu Mac","com.apple.intelligenceplatform","Sin conexiones activas",false,21844,"Procesando solicitud…","ViewUpdate: <private>: <private>: Finished update"
2026-09-20 17:10:26.357,"Privado — todo en tu Mac","com.apple.intelligenceplatform","Sin conexiones activas",false,21844,"Procesando solicitud…","ViewUpdate: <private>: Finished update"
2026-09-20 17:10:26.348,"Privado — todo en tu Mac","com.apple.intelligenceplatform","Sin conexiones activas",false,21844,"Using target provided in IntelligencePlatform for view: (<private>)","Using target provided in IntelligencePlatform for view: (<private>)"
2026-09-20 17:10:26.347,"Privado — todo en tu Mac","com.apple.intelligenceplatform","Sin conexiones activas",false,21844,"Procesando solicitud…","ViewUpdate: <private>: Update is required"
2026-09-20 17:10:26.338,"Privado — todo en tu Mac","com.apple.intelligenceplatform","Sin conexiones activas",false,21844,"Procesando solicitud…","ViewUpdate: 37:AppsRecentlyFocused: Beginning view update attempt"
2026-09-20 17:10:26.337,"Privado — todo en tu Mac","com.apple.intelligenceplatform","Sin conexiones activas",false,21844,"ViewUpdate: Initially have 1 views that may need updating","ViewUpdate: Initially have 1 views that may need updating"
2026-09-20 17:10:26.337,"Privado — todo en tu Mac","com.apple.intelligenceplatform","Sin conexiones activas",false,21844,"ViewUpdate: Starting schedule run <private>","ViewUpdate: Starting schedule run <private>"
2026-09-20 17:10:26.337,"Privado — todo en tu Mac","com.apple.intelligenceplatform","Sin conexiones activas",false,21844,"Procesando solicitud…","ViewUpdate: Beginning update job for live [runMode: update, checkSLA: true]"
2026-09-20 17:10:26.336,"Privado — todo en tu Mac","com.apple.intelligenceplatform","Sin conexiones activas",false,21843,"SourceUpdater: <private> triggered 37 to run on the live schedule","SourceUpdater: <private> triggered 37 to run on the live schedule"
2026-09-20 17:10:23.267,"Privado — todo en tu Mac","com.apple.intelligenceplatform","Sin conexiones activas",false,19571,"ViewUpdate: Finished update job for live","ViewUpdate: Finished update job for live"
2026-09-20 17:10:23.267,"Privado — todo en tu Mac","com.apple.intelligenceplatform","Sin conexiones activas",false,19570,"ViewUpdate: Initially have 0 views that may need updating","ViewUpdate: Initially have 0 views that may need updating"
2026-09-20 17:10:23.267,"Privado — todo en tu Mac","com.apple.intelligenceplatform","Sin conexiones activas",false,19570,"ViewUpdate: Starting schedule run <private>","ViewUpdate: Starting schedule run <private>"
2026-09-20 17:10:23.267,"Privado — todo en tu Mac","com.apple.intelligenceplatform","Sin conexiones activas",false,19570,"Procesando solicitud…","ViewUpdate: Beginning update job for live [runMode: update, checkSLA: true]"
2026-09-20 17:10:23.267,"Privado — todo en tu Mac","com.apple.intelligenceplatform","Sin conexiones activas",false,19570,"ViewUpdate: Finished update job for live","ViewUpdate: Finished update job for live"
2026-09-20 17:10:23.267,"Privado — todo en tu Mac","com.apple.intelligenceplatform","Sin conexiones activas",false,19570,"Procesando solicitud…","ViewUpdate: 37:AppsRecentlyFocused: Ending view update attempt"
2026-09-20 17:10:23.267,"Privado — todo en tu Mac","com.apple.intelligenceplatform","Sin conexiones activas",false,19570,"Procesando solicitud…","ViewUpdate: 37:AppsRecentlyFocused: No update required"
2026-09-20 17:10:23.261,"Privado — todo en tu Mac","com.apple.intelligenceplatform","Sin conexiones activas",false,19570,"Procesando solicitud…","ViewUpdate: 37:AppsRecentlyFocused: Beginning view update attempt"
2026-09-20 17:10:23.228,"Privado — todo en tu Mac","com.apple.intelligenceplatform","Sin conexiones activas",false,19570,"Procesando solicitud…","ViewUpdate: 37:AppsRecentlyFocused: Ending view update attempt"
2026-09-20 17:10:23.228,"Privado — todo en tu Mac","com.apple.intelligenceplatform","Sin conexiones activas",false,19570,"ViewUpdate: completed update","ViewUpdate: completed update"
2026-09-20 17:10:23.227,"Privado — todo en tu Mac","com.apple.intelligenceplatform","Sin conexiones activas",false,19569,"Procesando solicitud…","ViewUpdate: 37:AppsRecentlyFocused: View was updated"
2026-09-20 17:10:23.226,"Privado — todo en tu Mac","com.apple.intelligenceplatform","Sin conexiones activas",false,19569,"App.InFocus","ViewUpdate: 37:AppsRecentlyFocused: re-adding to schedule live as source timestamp has changed since the update for SourceState(sourceId: 22, sourceType: IntelligencePlatformCore.ViewUpdate.SourceType.biome, sourceIdentifier: ""App.InFocus"", updateType: IntelligencePlatformCore.ViewUpdate.UpdateType.normal, modifiedTimestamp: 811609823.17395, available: true, lastQueriedSourceData: nil)"
2026-09-20 17:10:23.222,"Privado — todo en tu Mac","com.apple.intelligenceplatform","Sin conexiones activas",false,19569,"Procesando solicitud…","ViewUpdate: <private>: <private>: Finished update"
2026-09-20 17:10:23.222,"Privado — todo en tu Mac","com.apple.intelligenceplatform","Sin conexiones activas",false,19569,"Procesando solicitud…","ViewUpdate: <private>: Finished update"
2026-09-20 17:10:23.199,"Privado — todo en tu Mac","com.apple.intelligenceplatform","Sin conexiones activas",false,19569,"Using target provided in IntelligencePlatform for view: (<private>)","Using target provided in IntelligencePlatform for view: (<private>)"
2026-09-20 17:10:23.197,"Privado — todo en tu Mac","com.apple.intelligenceplatform","Sin conexiones activas",false,19569,"Procesando solicitud…","ViewUpdate: <private>: Update is required"
2026-09-20 17:10:23.179,"Privado — todo en tu Mac","com.apple.intelligenceplatform","Sin conexiones activas",false,19569,"SourceUpdater: <private> triggered 37 to run on the live schedule","SourceUpdater: <private> triggered 37 to run on the live schedule"
2026-09-20 17:10:23.026,"Privado — todo en tu Mac","com.apple.intelligenceplatform","Sin conexiones activas",false,19568,"Procesando solicitud…","ViewUpdate: 37:AppsRecentlyFocused: Beginning view update attempt"
2026-09-20 17:10:23.024,"Privado — todo en tu Mac","com.apple.intelligenceplatform","Sin conexiones activas",false,19568,"ViewUpdate: Initially have 1 views that may need updating","ViewUpdate: Initially have 1 views that may need updating"
2026-09-20 17:10:23.021,"Privado — todo en tu Mac","com.apple.intelligenceplatform","Sin conexiones activas",false,19568,"ViewUpdate: Starting schedule run <private>","ViewUpdate: Starting schedule run <private>"
2026-09-20 17:10:23.021,"Privado — todo en tu Mac","com.apple.intelligenceplatform","Sin conexiones activas",false,19568,"Procesando solicitud…","ViewUpdate: Beginning update job for live [runMode: update, checkSLA: true]"
2026-09-20 17:10:23.020,"Privado — todo en tu Mac","com.apple.intelligenceplatform","Sin conexiones activas",false,19567,"SourceUpdater: <private> triggered 37 to run on the live schedule","SourceUpdater: <private> triggered 37 to run on the live schedule"
2026-09-20 17:10:14.605,"Privado — todo en tu Mac","com.apple.siri","Sin conexiones activas",false,10488,"Procesando solicitud…","-[CampoUISiriChatPresentationController _scheduleAudioResumptionAfterDelayInSec:]_block_invoke Resuming interrupted audio"
2026-09-20 17:10:14.605,"Privado — todo en tu Mac","com.apple.siri","Sin conexiones activas",false,10488,"Procesando solicitud…","-[CampoUISiriChatPresentationController _isSiriIdleAndQuiet] #idle YES - inIdleState:1 requestActive:0 speaking:0 audioPlaying:0 waitingForStartRequest:0 delayingSessionEndForInPlacePunchout:0"
2026-09-20 17:10:14.489,"Privado — todo en tu Mac","com.apple.siri","Sin conexiones activas",false,10488,"Procesando solicitud…","-[SRUIFAceCommandRecords registerAceCommand:completion:] #aceCommandRecord identifier=<private>"
2026-09-20 17:10:14.488,"Privado — todo en tu Mac","com.apple.siri","Sin conexiones activas",false,10488,"Procesando solicitud…","-[SRUIFAceCommandRecord incrementNumberOfSuccessfullyCompletedActions] #aceCommandRecord Marking ace command <private> as succeeded. 2 StartedActions == 2 SuccessfullyCompletedActions + 0 StoppedActions"
2026-09-20 17:10:14.488,"Privado — todo en tu Mac","com.apple.siri","Sin conexiones activas",false,10488,"Procesando solicitud…","-[SRUIFAceCommandRecords recordActionCompletedForAceCommand:success:] #aceCommandRecord aceCommand=<private> result=SRUIFAceCommandResultNone StartedActions=2 StoppedActions=0 SuccessfulActions=1 UnsuccessfulActions=0"
2026-09-20 17:10:14.488,"Privado — todo en tu Mac","com.apple.siri","Sin conexiones activas",false,10488,"Procesando solicitud…","-[SRUIFAceCommandRecords registerAceCommand:completion:] #aceCommandRecord identifier=<private>"
2026-09-20 17:10:14.488,"Privado — todo en tu Mac","com.apple.siri","Sin conexiones activas",false,10488,"Procesando solicitud…","-[CampoUISiriChatPresentationController _didCompleteActionForAceCommand:success:] #tts 33 recording command completed for aceCommand=<private> success=1"
2026-09-20 17:10:14.488,"Privado — todo en tu Mac","com.apple.siri","Sin conexiones activas",false,10488,"Procesando solicitud…","-[CampoUISiriChatPresentationController _delayAceCommandSuccess:forDuration:]_block_invoke #aceCommandRecord completing scheduled delayed action after 1.000000 seconds for command <private>"
2026-09-20 17:10:13.765,"Privado — todo en tu Mac","com.apple.siri","Sin conexiones activas",false,10485,"Procesando solicitud…","-[SRUIFSpeechSynthesizer stopStream:] #tts [stopStream] No stream found in task queue for streamId: <private>, dispatching completion"
2026-09-20 17:10:13.765,"Privado — todo en tu Mac","com.apple.siri","Sin conexiones activas",false,10484,"Procesando solicitud…","-[SRUIFSpeechSynthesizer stopStream:] #tts [stopStream] No active stream found for streamId: <private>"
2026-09-20 17:10:13.632,"Privado — todo en tu Mac","com.apple.siri","Sin conexiones activas",false,10483,"Procesando solicitud…","-[SRUIFInstrumentationManager _storeCurrentInstrumentationTurnContextInLatestResponseProducingTurn] #instrumentation New turn produced output <private>"
2026-09-20 17:10:13.632,"Privado — todo en tu Mac","com.apple.siri","Sin conexiones activas",false,10483,"Procesando solicitud…","-[SRUIFInstrumentationManager _willInstrument:forTurn:] #noisy #instrumentation <private> in turn <private>:  <private>"
2026-09-20 17:10:13.632,"Privado — todo en tu Mac","com.apple.siri","Sin conexiones activas",false,10483,"Procesando solicitud…","-[CampoUISiriChatPresentationController siriSessionDidReceiveAddViewsCommand:completion:] Received an empty SAUIAssistantUtteranceView with no dialog from a SAUIAddViews with aceID:<private> refID:<private>. Marking command as SACommandSucceeded"
2026-09-20 17:10:13.632,"Privado — todo en tu Mac","com.apple.siri","Sin conexiones activas",false,10483,"Procesando solicitud…","-[CampoUISiriChatPresentationController siriSessionDidReceiveAddViewsCommand:completion:] #modes SAUIAddViews view class: SAUIAssistantUtteranceView"
2026-09-20 17:10:13.632,"Privado — todo en tu Mac","com.apple.siri","Sin conexiones activas",false,10483,"Procesando solicitud…","-[CampoUISiriChatPresentationController siriSessionDidReceiveAddViewsCommand:completion:] #Replay isReplaying: 0, wrapper: 0x0"
2026-09-20 17:10:13.632,"Privado — todo en tu Mac","com.apple.siri","Sin conexiones activas",false,10483,"Procesando solicitud…","-[CampoUISiriChatPresentationController siriSessionDidReceiveAddViewsCommand:completion:] #Replay receivedReplayCommand SAUIAddViews: <private>"
2026-09-20 17:10:13.622,"Privado — todo en tu Mac","com.apple.intelligenceplatform","Sin conexiones activas",false,10483,"ViewUpdate: Finished update job for live","ViewUpdate: Finished update job for live"
2026-09-20 17:10:13.622,"Privado — todo en tu Mac","com.apple.intelligenceplatform","Sin conexiones activas",false,10483,"ViewUpdate: Initially have 0 views that may need updating","ViewUpdate: Initially have 0 views that may need updating"
2026-09-20 17:10:13.622,"Privado — todo en tu Mac","com.apple.intelligenceplatform","Sin conexiones activas",false,10483,"ViewUpdate: Starting schedule run <private>","ViewUpdate: Starting schedule run <private>"
2026-09-20 17:10:13.622,"Privado — todo en tu Mac","com.apple.intelligenceplatform","Sin conexiones activas",false,10482,"Procesando solicitud…","ViewUpdate: Beginning update job for live [runMode: update, checkSLA: true]"
2026-09-20 17:10:13.622,"Privado — todo en tu Mac","com.apple.intelligenceplatform","Sin conexiones activas",false,10482,"ViewUpdate: Finished update job for live","ViewUpdate: Finished update job for live"
2026-09-20 17:10:13.621,"Privado — todo en tu Mac","com.apple.intelligenceplatform","Sin conexiones activas",false,10482,"Procesando solicitud…","ViewUpdate: 100:ITDDatestampClientSessionIDClientRequestIDIndexView: Ending view update attempt"
2026-09-20 17:10:13.621,"Privado — todo en tu Mac","com.apple.intelligenceplatform","Sin conexiones activas",false,10482,"ViewUpdate: completed update","ViewUpdate: completed update"
2026-09-20 17:10:13.621,"Privado — todo en tu Mac","com.apple.intelligenceplatform","Sin conexiones activas",false,10482,"Procesando solicitud…","ViewUpdate: 100:ITDDatestampClientSessionIDClientRequestIDIndexView: View was updated"
2026-09-20 17:10:13.619,"Privado — todo en tu Mac","com.apple.intelligenceplatform","Sin conexiones activas",false,10482,"Procesando solicitud…","ViewUpdate: <private>: <private>: Finished update"
2026-09-20 17:10:13.619,"Privado — todo en tu Mac","com.apple.intelligenceplatform","Sin conexiones activas",false,10482,"Procesando solicitud…","ViewUpdate: <private>: Finished update"
2026-09-20 17:10:13.615,"Privado — todo en tu Mac","com.apple.intelligenceplatform","Sin conexiones activas",false,10482,"Using target provided in IntelligencePlatform for view: (<private>)","Using target provided in IntelligencePlatform for view: (<private>)"
2026-09-20 17:10:13.612,"Privado — todo en tu Mac","com.apple.siri","Sin conexiones activas",false,10482,"Procesando solicitud…","-[SRUIFInstrumentationManager _willInstrument:forTurn:] #noisy #instrumentation <private> in turn <private>:  <private>"
2026-09-20 17:10:13.612,"Privado — todo en tu Mac","com.apple.siri","Sin conexiones activas",false,10482,"Procesando solicitud…","-[CampoUIDefaultSiriChatActiveConnectionService willPresentUsefulUserResultWithType:forCommand:] Calling [AFConnection willPresentUsefulUserResultWithType:1 forCommand:(null)]"
2026-09-20 17:10:13.612,"Privado — todo en tu Mac","com.apple.siri","Sin conexiones activas",false,10481,"Procesando solicitud…","-[CampoUISiriChatPresentationController siriSessionDidReceiveUpdateVisualResponseSnippetCommand:completion:] command with viewId: <private> handled by presentation: YES"
2026-09-20 17:10:13.608,"Privado — todo en tu Mac","com.apple.intelligenceplatform","Sin conexiones activas",false,10481,"Procesando solicitud…","ViewUpdate: <private>: Update is required"
2026-09-20 17:10:13.603,"Privado — todo en tu Mac","com.apple.intelligenceplatform","Sin conexiones activas",false,10481,"Procesando solicitud…","ViewUpdate: 100:ITDDatestampClientSessionIDClientRequestIDIndexView: Beginning view update attempt"
2026-09-20 17:10:13.602,"Privado — todo en tu Mac","com.apple.intelligenceplatform","Sin conexiones activas",false,10481,"Procesando solicitud…","ViewUpdate: 99:ITDDatestampSessionIDIndexView: Ending view update attempt"
2026-09-20 17:10:13.602,"Privado — todo en tu Mac","com.apple.intelligenceplatform","Sin conexiones activas",false,10481,"ViewUpdate: completed update","ViewUpdate: completed update"
2026-09-20 17:10:13.602,"Privado — todo en tu Mac","com.apple.intelligenceplatform","Sin conexiones activas",false,10481,"Procesando solicitud…","ViewUpdate: 99:ITDDatestampSessionIDIndexView: View was updated"
2026-09-20 17:10:13.601,"Privado — todo en tu Mac","com.apple.intelligenceplatform","Sin conexiones activas",false,10481,"Procesando solicitud…","ViewUpdate: <private>: <private>: Finished update"
2026-09-20 17:10:13.601,"Privado — todo en tu Mac","com.apple.intelligenceplatform","Sin conexiones activas",false,10481,"Procesando solicitud…","ViewUpdate: <private>: Finished update"
2026-09-20 17:10:13.596,"Privado — todo en tu Mac","com.apple.intelligenceplatform","Sin conexiones activas",false,10481,"Using target provided in IntelligencePlatform for view: (<private>)","Using target provided in IntelligencePlatform for view: (<private>)"
2026-09-20 17:10:13.596,"Privado — todo en tu Mac","com.apple.intelligenceplatform","Sin conexiones activas",false,10481,"Procesando solicitud…","ViewUpdate: <private>: Update is required"
2026-09-20 17:10:13.595,"Privado — todo en tu Mac","com.apple.siri","Sin conexiones activas",false,10480,"Procesando solicitud…","-[SRUIFInstrumentationManager _willInstrument:forTurn:] #noisy #instrumentation <private> in turn <private>:  <private>"
2026-09-20 17:10:13.594,"Privado — todo en tu Mac","com.apple.siri","Sin conexiones activas",false,10480,"Procesando solicitud…","-[CampoUISiriChatPresentationController siriSessionDidReceiveUpdateVisualResponseSnippetCommand:completion:] command with viewId: <private> handled by presentation: YES"
2026-09-20 17:10:13.594,"Privado — todo en tu Mac","com.apple.siri","Sin conexiones activas",false,10480,"Procesando solicitud…","-[CampoUISiriChatPresentationController _checkAndUpdateSiriIdleAndQuietStatusIfNeededWithError:]_block_invoke Notifying presentation that Siri's active request options changed, siriIsIdleAndQuiet=1"
2026-09-20 17:10:13.594,"Privado — todo en tu Mac","com.apple.siri","Sin conexiones activas",false,10480,"Procesando solicitud…","-[CampoUISiriChatPresentationController _checkAndUpdateSiriIdleAndQuietStatusIfNeededWithError:]_block_invoke_2 #idleTimer Notifying presentation that Siri's idle and quiet status changed, siriIsIdleAndQuiet=1 isAttending=0"
2026-09-20 17:10:13.594,"Privado — todo en tu Mac","com.apple.siri","Sin conexiones activas",false,10480,"Procesando solicitud…","-[CampoUISiriChatPresentationController _scheduleAudioResumptionAfterDelayInSec:] Scheduling interrupted audio to be resumed in 1.000000 seconds"
2026-09-20 17:10:13.594,"Privado — todo en tu Mac","com.apple.siri","Sin conexiones activas",false,10480,"Procesando solicitud…","-[CampoUISiriChatPresentationController _scheduleInterruptedAudioResumingIfNeeded]_block_invoke Scheduling interrupted audio to be resumed if needed, isAttending: 0"
2026-09-20 17:10:13.594,"Privado — todo en tu Mac","com.apple.siri","Sin conexiones activas",false,10480,"Procesando solicitud…","-[CampoUISiriChatPresentationController _isSiriIdleAndQuiet] #idle YES - inIdleState:1 requestActive:0 speaking:0 audioPlaying:0 waitingForStartRequest:0 delayingSessionEndForInPlacePunchout:0"
2026-09-20 17:10:13.594,"Privado — todo en tu Mac","com.apple.siri","Sin conexiones activas",false,10480,"Procesando solicitud…","-[CampoUISiriChatPresentationController siriSessionDidFinishRequestWithError:]_block_invoke Should start listen after speaking 0 1"
2026-09-20 17:10:13.594,"Privado — todo en tu Mac","com.apple.siri","Sin conexiones activas",false,10480,"Procesando solicitud…","-[SRUIFSpeechSynthesizer _cancelByCancellingActiveTasksOnly:matching:]_block_invoke #tts Canceling speech synthesis"
2026-09-20 17:10:13.594,"Privado — todo en tu Mac","com.apple.siri","Sin conexiones activas",false,10480,"Procesando solicitud…","-[SRUIFSpeechSynthesizer _cancelByCancellingActiveTasksOnly:matching:]_block_invoke #tts cancelActiveTasksOnly=0; predicate=<private>"
2026-09-20 17:10:13.594,"Privado — todo en tu Mac","com.apple.siri","Sin conexiones activas",false,10480,"Procesando solicitud…","-[CampoUISiriChatPresentationController _setListenAfterSpeakingForRequestFinished:] listenAfterSpeaking - 0"
2026-09-20 17:10:13.594,"Privado — todo en tu Mac","com.apple.siri","Sin conexiones activas",false,10480,"Procesando solicitud…","-[SRUIFSpeechSynthesizer cancelProvisionalTasks] #tts predicate=<private>: { [task isProvisional] }"
2026-09-20 17:10:13.594,"Privado — todo en tu Mac","com.apple.siri","Sin conexiones activas",false,10480,"Procesando solicitud…","-[CampoUISiriChatPresentationController siriSessionDidFinishRequestWithError:] #session success"
2026-09-20 17:10:13.594,"Privado — todo en tu Mac","com.apple.siri","Sin conexiones activas",false,10480,"Procesando solicitud…","-[CampoUISiriChatPresentationController siriSessionDidTransitionFromState:toState:event:machAbsoluteTransitionTime:] #state changing fromState: SRUIFSiriSessionStateSuccess toState: SRUIFSiriSessionStateSuccess, event: SRUIFSiriSessionEventRequestFinished"
2026-09-20 17:10:13.594,"Privado — todo en tu Mac","com.apple.siri","Sin conexiones activas",false,10480,"Procesando solicitud…","-[CampoUISiriChatPresentationController _isSiriIdleAndQuiet] #idle NO  - inIdleState:1 requestActive:1 speaking:0 audioPlaying:0 waitingForStartRequest:0 delayingSessionEndForInPlacePunchout:0"
2026-09-20 17:10:13.593,"Privado — todo en tu Mac","com.apple.intelligenceplatform","Sin conexiones activas",false,10480,"Procesando solicitud…","ViewUpdate: 99:ITDDatestampSessionIDIndexView: Beginning view update attempt"
2026-09-20 17:10:13.592,"Privado — todo en tu Mac","com.apple.intelligenceplatform","Sin conexiones activas",false,10480,"Procesando solicitud…","ViewUpdate: 32:ITDDatestampEventIDIndexView: Ending view update attempt"
2026-09-20 17:10:13.592,"Privado — todo en tu Mac","com.apple.intelligenceplatform","Sin conexiones activas",false,10480,"ViewUpdate: completed update","ViewUpdate: completed update"
2026-09-20 17:10:13.592,"Privado — todo en tu Mac","com.apple.intelligenceplatform","Sin conexiones activas",false,10480,"Procesando solicitud…","ViewUpdate: 32:ITDDatestampEventIDIndexView: View was updated"
2026-09-20 17:10:13.591,"Privado — todo en tu Mac","com.apple.intelligenceplatform","Sin conexiones activas",false,10479,"Procesando solicitud…","ViewUpdate: <private>: <private>: Finished update"
2026-09-20 17:10:13.591,"Privado — todo en tu Mac","com.apple.intelligenceplatform","Sin conexiones activas",false,10479,"Procesando solicitud…","ViewUpdate: <private>: Finished update"
2026-09-20 17:10:13.586,"Privado — todo en tu Mac","com.apple.intelligenceplatform","Sin conexiones activas",false,10479,"Using target provided in IntelligencePlatform for view: (<private>)","Using target provided in IntelligencePlatform for view: (<private>)"
2026-09-20 17:10:13.585,"Privado — todo en tu Mac","com.apple.intelligenceplatform","Sin conexiones activas",false,10479,"Procesando solicitud…","ViewUpdate: <private>: Update is required"
2026-09-20 17:10:13.582,"Privado — todo en tu Mac","com.apple.intelligenceplatform","Sin conexiones activas",false,10479,"Procesando solicitud…","ViewUpdate: 32:ITDDatestampEventIDIndexView: Beginning view update attempt"
2026-09-20 17:10:13.579,"Privado — todo en tu Mac","com.apple.siri","Sin conexiones activas",false,10479,"Processsing latency progress update: <private>","Processsing latency progress update: <private>"
2026-09-20 17:10:13.579,"Privado — todo en tu Mac","com.apple.siri","Sin conexiones activas",false,10479,"Procesando solicitud…","-[SRUIFAudioPowerLevelUpdater sessionStateDidChangeTo:isAttending:] #IntuitiveConversation state=SRUIFSiriSessionStateSuccess attending=0"
2026-09-20 17:10:13.579,"Privado — todo en tu Mac","com.apple.siri","Sin conexiones activas",false,10479,"Procesando solicitud…","-[SRUIFStateFeedbackManager _cancelFeedbackWithCompletion:] #statefeedback cancelling state feedback"
2026-09-20 17:10:13.579,"Privado — todo en tu Mac","com.apple.siri","Sin conexiones activas",false,10479,"Procesando solicitud…","-[SRUIFStateFeedbackManager didTransitionFromState:toState:] #statefeedback Transitioning fromState: SRUIFSiriSessionStateSuccess toState: SRUIFSiriSessionStateSuccess"
2026-09-20 17:10:13.579,"Privado — todo en tu Mac","com.apple.siri","Sin conexiones activas",false,10479,"Procesando solicitud…","-[SRUIFSiriSessionStateHandler stateMachine:didTransitionFromState:forEvent:eventTimeStamp:] From SRUIFSiriSessionStateSuccess; To SRUIFSiriSessionStateSuccess; Event SRUIFSiriSessionEventRequestFinished"
2026-09-20 17:10:13.579,"Privado — todo en tu Mac","com.apple.siri","Sin conexiones activas",false,10479,"Procesando solicitud…","-[SRUIFSiriSessionStateHandler performTransitionForEvent:eventTimeStamp:] Current state SRUIFSiriSessionStateSuccess; event SRUIFSiriSessionEventRequestFinished"
2026-09-20 17:10:13.579,"Privado — todo en tu Mac","com.apple.siri","Sin conexiones activas",false,10479,"Procesando solicitud…","-[CampoUISiriChatSession assistantConnectionRequestFinished:]"
2026-09-20 17:10:13.578,"Privado — todo en tu Mac","com.apple.siri","Sin conexiones activas",false,10479,"Procesando solicitud…","+[AFAggregator logSiriRequestSucceeded]"
2026-09-20 17:10:13.578,"Privado — todo en tu Mac","com.apple.siri","Sin conexiones activas",false,10479,"Procesando solicitud…","-[AFConnection _extendExistingRequestTimeoutForReason:durationInSeconds:] No existing timeout timer set. Skipping."
2026-09-20 17:10:13.578,"Privado — todo en tu Mac","com.apple.siri","Sin conexiones activas",false,10479,"Procesando solicitud…","-[AFConnection _extendExistingRequestTimeoutForReason:durationInSeconds:] reason = requestDidAskForTimeoutExtension:"
2026-09-20 17:10:13.578,"Privado — todo en tu Mac","com.apple.siri","Sin conexiones activas",false,10479,"Procesando solicitud…","-[CampoUISiriChatPresentationController siriSessionDidReceiveAddViewsCommand:completion:] Received an empty SAUIAssistantUtteranceView with no dialog from a SAUIAddViews with aceID:<private> refID:<private>. Marking command as SACommandSucceeded"
2026-09-20 17:10:13.578,"Privado — todo en tu Mac","com.apple.siri","Sin conexiones activas",false,10479,"Procesando solicitud…","-[CampoUISiriChatPresentationController siriSessionDidReceiveAddViewsCommand:completion:] #modes SAUIAddViews view class: SAUIAssistantUtteranceView"
2026-09-20 17:10:13.578,"Privado — todo en tu Mac","com.apple.siri","Sin conexiones activas",false,10479,"Procesando solicitud…","-[CampoUISiriChatPresentationController siriSessionDidReceiveAddViewsCommand:completion:] #Replay isReplaying: 0, wrapper: 0x0"
2026-09-20 17:10:13.578,"Privado — todo en tu Mac","com.apple.siri","Sin conexiones activas",false,10479,"Procesando solicitud…","-[CampoUISiriChatPresentationController siriSessionDidReceiveAddViewsCommand:completion:] #Replay receivedReplayCommand SAUIAddViews: <private>"
2026-09-20 17:10:13.577,"Privado — todo en tu Mac","com.apple.intelligenceplatform","Sin conexiones activas",false,10479,"Procesando solicitud…","ViewUpdate: 100:ITDDatestampClientSessionIDClientRequestIDIndexView: Ending view update attempt"
2026-09-20 17:10:13.577,"Privado — todo en tu Mac","com.apple.intelligenceplatform","Sin conexiones activas",false,10479,"ViewUpdate: completed update","ViewUpdate: completed update"
2026-09-20 17:10:13.575,"Privado — todo en tu Mac","com.apple.intelligenceplatform","Sin conexiones activas",false,10479,"Procesando solicitud…","ViewUpdate: 100:ITDDatestampClientSessionIDClientRequestIDIndexView: View was updated"
2026-09-20 17:10:13.575,"Privado — todo en tu Mac","com.apple.intelligenceplatform","Sin conexiones activas",false,10479,"IntelligenceFlow.Transcript.Datastream","ViewUpdate: 100:ITDDatestampClientSessionIDClientRequestIDIndexView: re-adding to schedule live as source timestamp has changed since the update for SourceState(sourceId: 44, sourceType: IntelligencePlatformCore.ViewUpdate.SourceType.biome, sourceIdentifier: ""IntelligenceFlow.Transcript.Datastream"", updateType: IntelligencePlatformCore.ViewUpdate.UpdateType.normal, modifiedTimestamp: 811609813.560673, available: true, lastQueriedSourceData: nil)"
2026-09-20 17:10:13.571,"Privado — todo en tu Mac","com.apple.intelligenceplatform","Sin conexiones activas",false,10478,"SourceUpdater: Dropping notification for <private> - no action needed","SourceUpdater: Dropping notification for <private> - no action needed"
2026-09-20 17:10:13.570,"Privado — todo en tu Mac","com.apple.intelligenceplatform","Sin conexiones activas",false,10478,"Procesando solicitud…","ViewUpdate: <private>: <private>: Finished update"
2026-09-20 17:10:13.570,"Privado — todo en tu Mac","com.apple.intelligenceplatform","Sin conexiones activas",false,10478,"Procesando solicitud…","ViewUpdate: <private>: Finished update"
2026-09-20 17:10:13.568,"Privado — todo en tu Mac","com.apple.intelligenceplatform","Sin conexiones activas",false,10478,"SourceUpdater: Dropping notification for <private> - no action needed","SourceUpdater: Dropping notification for <private> - no action needed"
2026-09-20 17:10:13.565,"Privado — todo en tu Mac","com.apple.siri","Sin conexiones activas",false,10478,"Procesando solicitud…","-[ADAssetManager _fetchAssetStatusForLanguage:] Retrieved asset status ASR: 1, NL: 1, Morphun: 1, Attention: 1, NLRouter: 1, IF: 1, TB: 1 (lang:en-US, uod:1, hybrid:0)"
2026-09-20 17:10:13.565,"Privado — todo en tu Mac","com.apple.siri","Sin conexiones activas",false,10478,"Procesando solicitud…","+[ADRequestLifecycleObserver _companionServiceCompletionHandler]_block_invoke Error Domain=kAFAssistantErrorDomain Code=1000"
2026-09-20 17:10:13.564,"Privado — todo en tu Mac","com.apple.intelligenceplatform","Sin conexiones activas",false,10478,"SourceUpdater: <private> triggered 100 to run on the live schedule","SourceUpdater: <private> triggered 100 to run on the live schedule"
2026-09-20 17:10:13.564,"Privado — todo en tu Mac","com.apple.intelligenceplatform","Sin conexiones activas",false,10478,"SourceUpdater: <private> triggered 99 to run on the live schedule","SourceUpdater: <private> triggered 99 to run on the live schedule"
2026-09-20 17:10:13.564,"Privado — todo en tu Mac","com.apple.intelligenceplatform","Sin conexiones activas",false,10478,"SourceUpdater: <private> triggered 32 to run on the live schedule","SourceUpdater: <private> triggered 32 to run on the live schedule"
2026-09-20 17:10:13.561,"Privado — todo en tu Mac","com.apple.siri","Sin conexiones activas",false,10478,"Procesando solicitud…","-[CampoUISiriChatPresentationController siriSessionDidReceiveUpdateVisualResponseSnippetCommand:completion:] command with viewId: <private> handled by presentation: YES"
2026-09-20 17:10:13.558,"Privado — todo en tu Mac","com.apple.intelligenceplatform","Sin conexiones activas",false,10478,"Using target provided in IntelligencePlatform for view: (<private>)","Using target provided in IntelligencePlatform for view: (<private>)"
2026-09-20 17:10:13.558,"Privado — todo en tu Mac","com.apple.intelligenceplatform","Sin conexiones activas",false,10478,"Procesando solicitud…","ViewUpdate: <private>: Update is required"
2026-09-20 17:10:13.554,"Privado — todo en tu Mac","com.apple.intelligenceplatform","Sin conexiones activas",false,10478,"Procesando solicitud…","ViewUpdate: 100:ITDDatestampClientSessionIDClientRequestIDIndexView: Beginning view update attempt"
2026-09-20 17:10:13.553,"Privado — todo en tu Mac","com.apple.intelligenceplatform","Sin conexiones activas",false,10478,"Procesando solicitud…","ViewUpdate: 99:ITDDatestampSessionIDIndexView: Ending view update attempt"
2026-09-20 17:10:13.553,"Privado — todo en tu Mac","com.apple.intelligenceplatform","Sin conexiones activas",false,10474,"ViewUpdate: completed update","ViewUpdate: completed update"
2026-09-20 17:10:13.553,"Privado — todo en tu Mac","com.apple.intelligenceplatform","Sin conexiones activas",false,10474,"Procesando solicitud…","ViewUpdate: 99:ITDDatestampSessionIDIndexView: View was updated"
2026-09-20 17:10:13.551,"Privado — todo en tu Mac","com.apple.intelligenceplatform","Sin conexiones activas",false,10474,"Procesando solicitud…","ViewUpdate: <private>: <private>: Finished update"
2026-09-20 17:10:13.551,"Privado — todo en tu Mac","com.apple.intelligenceplatform","Sin conexiones activas",false,10474,"Procesando solicitud…","ViewUpdate: <private>: Finished update"
2026-09-20 17:10:13.546,"Privado — todo en tu Mac","com.apple.siri","Sin conexiones activas",false,10474,"Procesando solicitud…","-[CampoUISiriChatPresentationController siriSessionDidReceiveStreamChunkCommand:completion:] #tts No utterances in stream or TTS suppressed, calling completion immediately"
2026-09-20 17:10:13.545,"Privado — todo en tu Mac","com.apple.siri","Sin conexiones activas",false,10474,"Procesando solicitud…","-[CampoUISiriChatPresentationController siriSessionDidReceiveAddViewsCommand:completion:] Received an empty SAUIAssistantUtteranceView with no dialog from a SAUIAddViews with aceID:<private> refID:<private>. Marking command as SACommandSucceeded"
2026-09-20 17:10:13.545,"Privado — todo en tu Mac","com.apple.siri","Sin conexiones activas",false,10474,"Procesando solicitud…","-[CampoUISiriChatPresentationController siriSessionDidReceiveAddViewsCommand:completion:] #modes SAUIAddViews view class: SAUIAssistantUtteranceView"
2026-09-20 17:10:13.545,"Privado — todo en tu Mac","com.apple.siri","Sin conexiones activas",false,10474,"Procesando solicitud…","-[CampoUISiriChatPresentationController siriSessionDidReceiveAddViewsCommand:completion:] #Replay isReplaying: 0, wrapper: 0x0"
2026-09-20 17:10:13.545,"Privado — todo en tu Mac","com.apple.siri","Sin conexiones activas",false,10474,"Procesando solicitud…","-[CampoUISiriChatPresentationController siriSessionDidReceiveAddViewsCommand:completion:] #Replay receivedReplayCommand SAUIAddViews: <private>"
2026-09-20 17:10:13.545,"Privado — todo en tu Mac","com.apple.intelligenceplatform","Sin conexiones activas",false,10474,"Using target provided in IntelligencePlatform for view: (<private>)","Using target provided in IntelligencePlatform for view: (<private>)"
2026-09-20 17:10:13.543,"Privado — todo en tu Mac","com.apple.intelligenceplatform","Sin conexiones activas",false,10474,"Procesando solicitud…","ViewUpdate: <private>: Update is required"
2026-09-20 17:10:13.538,"Privado — todo en tu Mac","com.apple.intelligenceplatform","Sin conexiones activas",false,10474,"Procesando solicitud…","ViewUpdate: 99:ITDDatestampSessionIDIndexView: Beginning view update attempt"
2026-09-20 17:10:13.537,"Privado — todo en tu Mac","com.apple.intelligenceplatform","Sin conexiones activas",false,10473,"Procesando solicitud…","ViewUpdate: 32:ITDDatestampEventIDIndexView: Ending view update attempt"
2026-09-20 17:10:13.537,"Privado — todo en tu Mac","com.apple.intelligenceplatform","Sin conexiones activas",false,10473,"Procesando solicitud…","ViewUpdate: 32:ITDDatestampEventIDIndexView: No update required"
2026-09-20 17:10:13.532,"Privado — todo en tu Mac","com.apple.intelligenceplatform","Sin conexiones activas",false,10473,"Procesando solicitud…","ViewUpdate: 32:ITDDatestampEventIDIndexView: Beginning view update attempt"
2026-09-20 17:10:13.531,"Privado — todo en tu Mac","com.apple.intelligenceplatform","Sin conexiones activas",false,10473,"Procesando solicitud…","ViewUpdate: 32:ITDDatestampEventIDIndexView: Ending view update attempt"
2026-09-20 17:10:13.531,"Privado — todo en tu Mac","com.apple.intelligenceplatform","Sin conexiones activas",false,10473,"ViewUpdate: completed update","ViewUpdate: completed update"
2026-09-20 17:10:13.531,"Privado — todo en tu Mac","com.apple.intelligenceplatform","Sin conexiones activas",false,10473,"Procesando solicitud…","ViewUpdate: 32:ITDDatestampEventIDIndexView: View was updated"
2026-09-20 17:10:13.530,"Privado — todo en tu Mac","com.apple.intelligenceplatform","Sin conexiones activas",false,10473,"IntelligenceFlow.Transcript.Datastream","ViewUpdate: 32:ITDDatestampEventIDIndexView: re-adding to schedule live as source timestamp has changed since the update for SourceState(sourceId: 44, sourceType: IntelligencePlatformCore.ViewUpdate.SourceType.biome, sourceIdentifier: ""IntelligenceFlow.Transcript.Datastream"", updateType: IntelligencePlatformCore.ViewUpdate.UpdateType.normal, modifiedTimestamp: 811609813.511095, available: true, lastQueriedSourceData: nil)"
2026-09-20 17:10:13.528,"Privado — todo en tu Mac","com.apple.intelligenceplatform","Sin conexiones activas",false,10473,"Procesando solicitud…","ViewUpdate: <private>: <private>: Finished update"
2026-09-20 17:10:13.528,"Privado — todo en tu Mac","com.apple.intelligenceplatform","Sin conexiones activas",false,10473,"Procesando solicitud…","ViewUpdate: <private>: Finished update"
2026-09-20 17:10:13.517,"Privado — todo en tu Mac","com.apple.intelligenceplatform","Sin conexiones activas",false,10472,"Using target provided in IntelligencePlatform for view: (<private>)","Using target provided in IntelligencePlatform for view: (<private>)"
2026-09-20 17:10:13.516,"Privado — todo en tu Mac","com.apple.siri","Sin conexiones activas",false,10472,"Procesando solicitud…","-[CampoUISiriChatSession assistantConnection:receivedCommand:completion:] Received Command: StreamChunk aceId: <private>"
2026-09-20 17:10:13.516,"Privado — todo en tu Mac","com.apple.siri","Sin conexiones activas",false,10472,"Procesando solicitud…","-[AFConnection _dispatchCommand:isInterstitial:interstitialPhase:interstitialDelay:reply:] command = <private>, isInterstitial = 0"
2026-09-20 17:10:13.516,"Privado — todo en tu Mac","com.apple.siri","Sin conexiones activas",false,10472,"Procesando solicitud…","-[AFConnection _handleCommand:reply:] command = <private>"
2026-09-20 17:10:13.516,"Privado — todo en tu Mac","com.apple.siri","Sin conexiones activas",false,10472,"Processsing latency progress update: <private>","Processsing latency progress update: <private>"
2026-09-20 17:10:13.515,"Privado — todo en tu Mac","com.apple.siri","Sin conexiones activas",false,10472,"Procesando solicitud…","-[AFConnection _extendExistingRequestTimeoutForReason:durationInSeconds:] No existing timeout timer set. Skipping."
2026-09-20 17:10:13.515,"Privado — todo en tu Mac","com.apple.siri","Sin conexiones activas",false,10472,"Procesando solicitud…","-[AFConnection _extendExistingRequestTimeoutForReason:durationInSeconds:] reason = requestDidAskForTimeoutExtension:"
2026-09-20 17:10:13.515,"Privado — todo en tu Mac","com.apple.siri","Sin conexiones activas",false,10472,"Procesando solicitud…","-[AFConnection _extendExistingRequestTimeoutForReason:durationInSeconds:] No existing timeout timer set. Skipping."
2026-09-20 17:10:13.515,"Privado — todo en tu Mac","com.apple.siri","Sin conexiones activas",false,10472,"Procesando solicitud…","-[AFConnection _extendExistingRequestTimeoutForReason:durationInSeconds:] reason = requestDidAskForTimeoutExtension:"
2026-09-20 17:10:13.515,"Privado — todo en tu Mac","com.apple.siri","Sin conexiones activas",false,10472,"Processsing latency progress update: <private>","Processsing latency progress update: <private>"
2026-09-20 17:10:13.515,"Privado — todo en tu Mac","com.apple.siri","Sin conexiones activas",false,10472,"Procesando solicitud…","-[AFConnection _extendExistingRequestTimeoutForReason:durationInSeconds:] No existing timeout timer set. Skipping."
2026-09-20 17:10:13.515,"Privado — todo en tu Mac","com.apple.siri","Sin conexiones activas",false,10472,"Procesando solicitud…","-[AFConnection _extendExistingRequestTimeoutForReason:durationInSeconds:] reason = requestDidAskForTimeoutExtension:"
2026-09-20 17:10:13.515,"Privado — todo en tu Mac","com.apple.siri","Sin conexiones activas",false,10472,"Procesando solicitud…","-[AFConnection _extendExistingRequestTimeoutForReason:durationInSeconds:] No existing timeout timer set. Skipping."
2026-09-20 17:10:13.515,"Privado — todo en tu Mac","com.apple.siri","Sin conexiones activas",false,10471,"Procesando solicitud…","-[AFConnection _extendExistingRequestTimeoutForReason:durationInSeconds:] reason = requestDidAskForTimeoutExtension:"
2026-09-20 17:10:13.515,"Privado — todo en tu Mac","com.apple.siri","Sin conexiones activas",false,10471,"Procesando solicitud…","-[CampoUISiriChatSession assistantConnection:receivedCommand:completion:] Received Command: StreamChunk aceId: <private>"
2026-09-20 17:10:13.515,"Privado — todo en tu Mac","com.apple.siri","Sin conexiones activas",false,10471,"Procesando solicitud…","-[AFConnection _dispatchCommand:isInterstitial:interstitialPhase:interstitialDelay:reply:] command = <private>, isInterstitial = 0"
2026-09-20 17:10:13.515,"Privado — todo en tu Mac","com.apple.siri","Sin conexiones activas",false,10471,"Procesando solicitud…","-[AFConnection _handleCommand:reply:] command = <private>"
2026-09-20 17:10:13.515,"Privado — todo en tu Mac","com.apple.siri","Sin conexiones activas",false,10471,"Procesando solicitud…","-[AFConnection _extendExistingRequestTimeoutForReason:durationInSeconds:] No existing timeout timer set. Skipping."
2026-09-20 17:10:13.515,"Privado — todo en tu Mac","com.apple.siri","Sin conexiones activas",false,10471,"Procesando solicitud…","-[AFConnection _extendExistingRequestTimeoutForReason:durationInSeconds:] reason = requestDidAskForTimeoutExtension:"
2026-09-20 17:10:13.515,"Privado — todo en tu Mac","com.apple.siri","Sin conexiones activas",false,10471,"Procesando solicitud…","-[AFConnection _extendExistingRequestTimeoutForReason:durationInSeconds:] No existing timeout timer set. Skipping."
2026-09-20 17:10:13.515,"Privado — todo en tu Mac","com.apple.siri","Sin conexiones activas",false,10471,"Procesando solicitud…","-[AFConnection _extendExistingRequestTimeoutForReason:durationInSeconds:] reason = requestDidAskForTimeoutExtension:"
2026-09-20 17:10:13.515,"Privado — todo en tu Mac","com.apple.siri","Sin conexiones activas",false,10471,"Procesando solicitud…","-[CampoUISiriChatSession assistantConnection:receivedCommand:completion:] Received Command: StreamChunk aceId: <private>"
2026-09-20 17:10:13.515,"Privado — todo en tu Mac","com.apple.siri","Sin conexiones activas",false,10471,"Procesando solicitud…","-[AFConnection _dispatchCommand:isInterstitial:interstitialPhase:interstitialDelay:reply:] command = <private>, isInterstitial = 0"
2026-09-20 17:10:13.515,"Privado — todo en tu Mac","com.apple.siri","Sin conexiones activas",false,10471,"Procesando solicitud…","-[AFConnection _handleCommand:reply:] command = <private>"
2026-09-20 17:10:13.515,"Privado — todo en tu Mac","com.apple.siri","Sin conexiones activas",false,10471,"Processsing latency progress update: <private>","Processsing latency progress update: <private>"
2026-09-20 17:10:13.515,"Privado — todo en tu Mac","com.apple.siri","Sin conexiones activas",false,10471,"Procesando solicitud…","-[AFConnection _extendExistingRequestTimeoutForReason:durationInSeconds:] No existing timeout timer set. Skipping."
2026-09-20 17:10:13.515,"Privado — todo en tu Mac","com.apple.siri","Sin conexiones activas",false,10471,"Procesando solicitud…","-[AFConnection _extendExistingRequestTimeoutForReason:durationInSeconds:] reason = requestDidAskForTimeoutExtension:"
2026-09-20 17:10:13.515,"Privado — todo en tu Mac","com.apple.siri","Sin conexiones activas",false,10471,"Procesando solicitud…","-[AFConnection _extendExistingRequestTimeoutForReason:durationInSeconds:] No existing timeout timer set. Skipping."
2026-09-20 17:10:13.515,"Privado — todo en tu Mac","com.apple.siri","Sin conexiones activas",false,10471,"Procesando solicitud…","-[AFConnection _extendExistingRequestTimeoutForReason:durationInSeconds:] reason = requestDidAskForTimeoutExtension:"
2026-09-20 17:10:13.515,"Privado — todo en tu Mac","com.apple.intelligenceplatform","Sin conexiones activas",false,10470,"Procesando solicitud…","ViewUpdate: <private>: Update is required"
2026-09-20 17:10:13.515,"Privado — todo en tu Mac","com.apple.siri","Sin conexiones activas",false,10470,"Procesando solicitud…","-[CampoUISiriChatPresentationController siriSessionDidReceiveUpdateVisualResponseSnippetCommand:completion:] command with viewId: <private> handled by presentation: YES"
2026-09-20 17:10:13.514,"Privado — todo en tu Mac","com.apple.intelligenceplatform","Sin conexiones activas",false,10470,"SourceUpdater: <private> triggered 32 to run on the live schedule","SourceUpdater: <private> triggered 32 to run on the live schedule"
2026-09-20 17:10:13.510,"Privado — todo en tu Mac","com.apple.intelligenceplatform","Sin conexiones activas",false,10470,"Procesando solicitud…","ViewUpdate: 32:ITDDatestampEventIDIndexView: Beginning view update attempt"
2026-09-20 17:10:13.509,"Privado — todo en tu Mac","com.apple.intelligenceplatform","Sin conexiones activas",false,10470,"SourceUpdater: Dropping notification for <private> - no action needed","SourceUpdater: Dropping notification for <private> - no action needed"
2026-09-20 17:10:13.508,"Privado — todo en tu Mac","com.apple.intelligenceplatform","Sin conexiones activas",false,10470,"Procesando solicitud…","ViewUpdate: 32:ITDDatestampEventIDIndexView: Ending view update attempt"
2026-09-20 17:10:13.508,"Privado — todo en tu Mac","com.apple.intelligenceplatform","Sin conexiones activas",false,10470,"ViewUpdate: completed update","ViewUpdate: completed update"
2026-09-20 17:10:13.508,"Privado — todo en tu Mac","com.apple.intelligenceplatform","Sin conexiones activas",false,10470,"SourceUpdater: <private> triggered 32 to run on the live schedule","SourceUpdater: <private> triggered 32 to run on the live schedule"
2026-09-20 17:10:13.504,"Privado — todo en tu Mac","com.apple.intelligenceplatform","Sin conexiones activas",false,10469,"Procesando solicitud…","ViewUpdate: 32:ITDDatestampEventIDIndexView: View was updated"
2026-09-20 17:10:13.503,"Privado — todo en tu Mac","com.apple.intelligenceplatform","Sin conexiones activas",false,10469,"Procesando solicitud…","ViewUpdate: <private>: <private>: Finished update"
2026-09-20 17:10:13.503,"Privado — todo en tu Mac","com.apple.intelligenceplatform","Sin conexiones activas",false,10469,"Procesando solicitud…","ViewUpdate: <private>: Finished update"
2026-09-20 17:10:13.501,"Privado — todo en tu Mac","com.apple.intelligenceplatform","Sin conexiones activas",false,10469,"Using target provided in IntelligencePlatform for view: (<private>)","Using target provided in IntelligencePlatform for view: (<private>)"
2026-09-20 17:10:13.500,"Privado — todo en tu Mac","com.apple.intelligenceplatform","Sin conexiones activas",false,10469,"Procesando solicitud…","ViewUpdate: <private>: Update is required"
2026-09-20 17:10:13.495,"Privado — todo en tu Mac","com.apple.intelligenceplatform","Sin conexiones activas",false,10469,"Procesando solicitud…","ViewUpdate: 32:ITDDatestampEventIDIndexView: Beginning view update attempt"
2026-09-20 17:10:13.494,"Privado — todo en tu Mac","com.apple.intelligenceplatform","Sin conexiones activas",false,10469,"Procesando solicitud…","ViewUpdate: 32:ITDDatestampEventIDIndexView: Ending view update attempt"
2026-09-20 17:10:13.494,"Privado — todo en tu Mac","com.apple.intelligenceplatform","Sin conexiones activas",false,10469,"ViewUpdate: completed update","ViewUpdate: completed update"
2026-09-20 17:10:13.493,"Privado — todo en tu Mac","com.apple.intelligenceplatform","Sin conexiones activas",false,10469,"Procesando solicitud…","ViewUpdate: 32:ITDDatestampEventIDIndexView: View was updated"
2026-09-20 17:10:13.493,"Privado — todo en tu Mac","com.apple.intelligenceplatform","Sin conexiones activas",false,10469,"IntelligenceFlow.Transcript.Datastream","ViewUpdate: 32:ITDDatestampEventIDIndexView: re-adding to schedule live as source timestamp has changed since the update for SourceState(sourceId: 44, sourceType: IntelligencePlatformCore.ViewUpdate.SourceType.biome, sourceIdentifier: ""IntelligenceFlow.Transcript.Datastream"", updateType: IntelligencePlatformCore.ViewUpdate.UpdateType.normal, modifiedTimestamp: 811609813.481807, available: true, lastQueriedSourceData: nil)"
2026-09-20 17:10:13.492,"Privado — todo en tu Mac","com.apple.intelligenceplatform","Sin conexiones activas",false,10469,"Procesando solicitud…","ViewUpdate: <private>: <private>: Finished update"
2026-09-20 17:10:13.492,"Privado — todo en tu Mac","com.apple.intelligenceplatform","Sin conexiones activas",false,10468,"Procesando solicitud…","ViewUpdate: <private>: Finished update"
2026-09-20 17:10:13.488,"Privado — todo en tu Mac","com.apple.intelligenceplatform","Sin conexiones activas",false,10468,"SourceUpdater: Dropping notification for <private> - no action needed","SourceUpdater: Dropping notification for <private> - no action needed"
2026-09-20 17:10:13.487,"Privado — todo en tu Mac","com.apple.siri","Sin conexiones activas",false,10468,"Procesando solicitud…","-[CampoUISiriChatPresentationController siriSessionDidReceiveAddViewsCommand:completion:] Received an empty SAUIAssistantUtteranceView with no dialog from a SAUIAddViews with aceID:<private> refID:<private>. Marking command as SACommandSucceeded"
2026-09-20 17:10:13.487,"Privado — todo en tu Mac","com.apple.siri","Sin conexiones activas",false,10468,"Procesando solicitud…","-[CampoUISiriChatPresentationController siriSessionDidReceiveAddViewsCommand:completion:] #modes SAUIAddViews view class: SAUIAssistantUtteranceView"
2026-09-20 17:10:13.487,"Privado — todo en tu Mac","com.apple.siri","Sin conexiones activas",false,10468,"Procesando solicitud…","-[CampoUISiriChatPresentationController siriSessionDidReceiveAddViewsCommand:completion:] #Replay isReplaying: 0, wrapper: 0x0"
2026-09-20 17:10:13.487,"Privado — todo en tu Mac","com.apple.siri","Sin conexiones activas",false,10468,"Procesando solicitud…","-[CampoUISiriChatPresentationController siriSessionDidReceiveAddViewsCommand:completion:] #Replay receivedReplayCommand SAUIAddViews: <private>"
2026-09-20 17:10:13.486,"Privado — todo en tu Mac","com.apple.intelligenceplatform","Sin conexiones activas",false,10468,"Using target provided in IntelligencePlatform for view: (<private>)","Using target provided in IntelligencePlatform for view: (<private>)"
2026-09-20 17:10:13.485,"Privado — todo en tu Mac","com.apple.intelligenceplatform","Sin conexiones activas",false,10468,"SourceUpdater: <private> triggered 32 to run on the live schedule","SourceUpdater: <private> triggered 32 to run on the live schedule"
2026-09-20 17:10:13.485,"Privado — todo en tu Mac","com.apple.intelligenceplatform","Sin conexiones activas",false,10467,"Procesando solicitud…","ViewUpdate: <private>: Update is required"
2026-09-20 17:10:13.484,"Privado — todo en tu Mac","com.apple.siri","Sin conexiones activas",false,10467,"Procesando solicitud…","-[SRUIFInstrumentationManager _willInstrument:forTurn:] #noisy #instrumentation <private> in turn <private>:  <private>"
2026-09-20 17:10:13.484,"Privado — todo en tu Mac","com.apple.siri","Sin conexiones activas",false,10467,"Procesando solicitud…","-[CampoUISiriChatPresentationController siriSessionDidTransitionFromState:toState:event:machAbsoluteTransitionTime:] #state changing fromState: SRUIFSiriSessionStateIdle toState: SRUIFSiriSessionStateSuccess, event: SRUIFSiriSessionEventRequestFinished"
2026-09-20 17:10:13.484,"Privado — todo en tu Mac","com.apple.siri","Sin conexiones activas",false,10467,"Procesando solicitud…","-[CampoUISiriChatPresentationController _isSiriIdleAndQuiet] #idle NO  - inIdleState:1 requestActive:1 speaking:0 audioPlaying:0 waitingForStartRequest:0 delayingSessionEndForInPlacePunchout:0"
2026-09-20 17:10:13.484,"Privado — todo en tu Mac","com.apple.siri","Sin conexiones activas",false,10467,"Procesando solicitud…","-[CampoUISiriChatSession assistantConnection:receivedCommand:completion:] Received Command: StreamChunk aceId: <private>"
2026-09-20 17:10:13.484,"Privado — todo en tu Mac","com.apple.siri","Sin conexiones activas",false,10467,"Procesando solicitud…","-[AFConnection _dispatchCommand:isInterstitial:interstitialPhase:interstitialDelay:reply:] command = <private>, isInterstitial = 0"
2026-09-20 17:10:13.484,"Privado — todo en tu Mac","com.apple.siri","Sin conexiones activas",false,10467,"Procesando solicitud…","-[AFConnection _handleCommand:reply:] command = <private>"
2026-09-20 17:10:13.484,"Privado — todo en tu Mac","com.apple.siri","Sin conexiones activas",false,10467,"Procesando solicitud…","-[CampoUISiriChatSession assistantConnection:receivedCommand:completion:] Received Command: StreamChunk aceId: <private>"
2026-09-20 17:10:13.484,"Privado — todo en tu Mac","com.apple.siri","Sin conexiones activas",false,10467,"Procesando solicitud…","-[AFConnection _dispatchCommand:isInterstitial:interstitialPhase:interstitialDelay:reply:] command = <private>, isInterstitial = 0"
2026-09-20 17:10:13.484,"Privado — todo en tu Mac","com.apple.siri","Sin conexiones activas",false,10467,"Procesando solicitud…","-[AFConnection _handleCommand:reply:] command = <private>"
2026-09-20 17:10:13.484,"Privado — todo en tu Mac","com.apple.siri","Sin conexiones activas",false,10467,"Procesando solicitud…","-[SRUIFAceCommandRecord incrementNumberOfSuccessfullyCompletedActions] #aceCommandRecord Not marking ace command <private> as succeeded. 2 StartedActions != 1 SuccessfullyCompletedActions + 0 StoppedActions"
2026-09-20 17:10:13.484,"Privado — todo en tu Mac","com.apple.siri","Sin conexiones activas",false,10467,"Procesando solicitud…","-[SRUIFAceCommandRecords recordActionCompletedForAceCommand:success:] #aceCommandRecord aceCommand=<private> result=SRUIFAceCommandResultNone StartedActions=2 StoppedActions=0 SuccessfulActions=0 UnsuccessfulActions=0"
2026-09-20 17:10:13.484,"Privado — todo en tu Mac","com.apple.siri","Sin conexiones activas",false,10466,"Procesando solicitud…","-[SRUIFAceCommandRecords registerAceCommand:completion:] #aceCommandRecord identifier=<private>"
2026-09-20 17:10:13.484,"Privado — todo en tu Mac","com.apple.siri","Sin conexiones activas",false,10466,"Procesando solicitud…","-[CampoUISiriChatPresentationController _didCompleteActionForAceCommand:success:] #tts 33 recording command completed for aceCommand=<private> success=1"
2026-09-20 17:10:13.484,"Privado — todo en tu Mac","com.apple.siri","Sin conexiones activas",false,10466,"Procesando solicitud…","-[CampoUISiriChatPresentationController _configuredSpeakableUtteranceParserForCommand:context:speakableText:subCompletion:speakPreparation:speakCompletion:]_block_invoke #tts 32 SRUIFSpeechSynthesisCompletion text=""<private>"" result=SRUIFSpeechSynthesisResultFailed command=<private>"
2026-09-20 17:10:13.484,"Privado — todo en tu Mac","com.apple.siri","Sin conexiones activas",false,10466,"Procesando solicitud…","-[SRUIFAceCommandRecords registerAceCommand:completion:] #aceCommandRecord identifier=<private>"
2026-09-20 17:10:13.484,"Privado — todo en tu Mac","com.apple.siri","Sin conexiones activas",false,10466,"Procesando solicitud…","-[CampoUISiriChatPresentationController siriPresentation:didPresentConversationItemsWithIdentifiers:] Conversation item was presented for the first time; processing { item: <private> }"
2026-09-20 17:10:13.484,"Privado — todo en tu Mac","com.apple.siri","Sin conexiones activas",false,10466,"Procesando solicitud…","-[SRUIFAceCommandRecords registerAceCommand:completion:] #aceCommandRecord identifier=<private>"
2026-09-20 17:10:13.484,"Privado — todo en tu Mac","com.apple.siri","Sin conexiones activas",false,10466,"Procesando solicitud…","-[SRUIFAceCommandRecords recordActionStartedForAceCommand:] #aceCommandRecord aceCommand=<private>"
2026-09-20 17:10:13.484,"Privado — todo en tu Mac","com.apple.siri","Sin conexiones activas",false,10466,"Procesando solicitud…","-[CampoUISiriChatSession requestDidPresentViewForUICommand:] #instrumentation <private> in turn <private>:  <private>"
2026-09-20 17:10:13.484,"Privado — todo en tu Mac","com.apple.siri","Sin conexiones activas",false,10466,"Procesando solicitud…","-[SRUIFSiriSessionStateSignpostLogger sessionStateHandler:didTransitionFromState:toState:forEvent:machAbsoluteTime:] logging event ui.mode.success"
2026-09-20 17:10:13.483,"Privado — todo en tu Mac","com.apple.siri","Sin conexiones activas",false,10466,"Procesando solicitud…","-[SRUIFAudioPowerLevelUpdater sessionStateDidChangeTo:isAttending:] #IntuitiveConversation state=SRUIFSiriSessionStateSuccess attending=0"
2026-09-20 17:10:13.483,"Privado — todo en tu Mac","com.apple.siri","Sin conexiones activas",false,10466,"Procesando solicitud…","-[SRUIFStateFeedbackManager _cancelFeedbackWithCompletion:] #statefeedback cancelling state feedback"
2026-09-20 17:10:13.483,"Privado — todo en tu Mac","com.apple.siri","Sin conexiones activas",false,10465,"Procesando solicitud…","-[SRUIFStateFeedbackManager didTransitionFromState:toState:] #statefeedback Transitioning fromState: SRUIFSiriSessionStateIdle toState: SRUIFSiriSessionStateSuccess"
2026-09-20 17:10:13.483,"Privado — todo en tu Mac","com.apple.siri","Sin conexiones activas",false,10465,"Procesando solicitud…","-[SRUIFSiriSessionStateHandler stateMachine:didTransitionFromState:forEvent:eventTimeStamp:] From SRUIFSiriSessionStateIdle; To SRUIFSiriSessionStateSuccess; Event SRUIFSiriSessionEventRequestFinished"
2026-09-20 17:10:13.483,"Privado — todo en tu Mac","com.apple.siri","Sin conexiones activas",false,10465,"Procesando solicitud…","-[SRUIFSiriSessionStateHandler performTransitionForEvent:eventTimeStamp:] Current state SRUIFSiriSessionStateIdle; event SRUIFSiriSessionEventRequestFinished"
2026-09-20 17:10:13.483,"Privado — todo en tu Mac","com.apple.siri","Sin conexiones activas",false,10465,"Procesando solicitud…","-[SRUIFAceCommandRecords registerAceCommand:completion:] #aceCommandRecord identifier=<private>"
2026-09-20 17:10:13.483,"Privado — todo en tu Mac","com.apple.siri","Sin conexiones activas",false,10465,"Procesando solicitud…","-[SRUIFAceCommandRecords recordActionStartedForAceCommand:] #aceCommandRecord aceCommand=<private>"
2026-09-20 17:10:13.483,"Privado — todo en tu Mac","com.apple.siri","Sin conexiones activas",false,10465,"Procesando solicitud…","-[CampoUISiriChatPresentationController _delayAceCommandSuccess:forDuration:] #aceCommandRecord scheduling a delayed action of 1.000000 seconds for command <private>"
2026-09-20 17:10:13.483,"Privado — todo en tu Mac","com.apple.siri","Sin conexiones activas",false,10465,"Procesando solicitud…","+[SRUIFAddViewsDurationProvider minimumDisplayDurationForAddViews:] 0 words in AddViews command:<private>. Returning a minimum display duration of 1.000000"
2026-09-20 17:10:13.483,"Privado — todo en tu Mac","com.apple.siri","Sin conexiones activas",false,10465,"Procesando solicitud…","-[SRUIFAceCommandRecords registerAceCommand:completion:] #aceCommandRecord identifier=<private>"
2026-09-20 17:10:13.483,"Privado — todo en tu Mac","com.apple.siri","Sin conexiones activas",false,10465,"Procesando solicitud…","-[CampoUISiriChatPresentationController _didReceiveAceCommand:completion:] <private> received ACE command: <private>"
2026-09-20 17:10:13.483,"Privado — todo en tu Mac","com.apple.siri","Sin conexiones activas",false,10465,"Procesando solicitud…","-[CampoUISiriChatPresentationController siriSessionDidReceiveAddViewsCommand:completion:] #modes snippetViewContainsSpeakableText: false"
2026-09-20 17:10:13.483,"Privado — todo en tu Mac","com.apple.siri","Sin conexiones activas",false,10465,"Procesando solicitud…","-[CampoUISiriChatPresentationController siriSessionDidReceiveAddViewsCommand:completion:] #modes snippetViewContainsDialog: false"
2026-09-20 17:10:13.483,"Privado — todo en tu Mac","com.apple.siri","Sin conexiones activas",false,10465,"Procesando solicitud…","-[CampoUISiriChatPresentationController siriSessionDidReceiveAddViewsCommand:completion:] #modes SAUIAddViews responseViewId: [<private>]"
2026-09-20 17:10:13.483,"Privado — todo en tu Mac","com.apple.siri","Sin conexiones activas",false,10464,"Procesando solicitud…","-[CampoUISiriChatPresentationController siriSessionDidReceiveAddViewsCommand:completion:] #modes SAUIAddViews patternId: [(null)]"
2026-09-20 17:10:13.482,"Privado — todo en tu Mac","com.apple.intelligenceplatform","Sin conexiones activas",false,10464,"Procesando solicitud…","ViewUpdate: 32:ITDDatestampEventIDIndexView: Beginning view update attempt"
2026-09-20 17:10:13.482,"Privado — todo en tu Mac","com.apple.siri","Sin conexiones activas",false,10464,"Procesando solicitud…","-[CampoUISiriChatPresentationController siriSessionDidReceiveAddViewsCommand:completion:] #modes SAUIAddViews view class: SAUIPluginSnippet"
2026-09-20 17:10:13.482,"Privado — todo en tu Mac","com.apple.siri","Sin conexiones activas",false,10464,"Procesando solicitud…","-[SRUIFInstrumentationManager _willInstrument:forTurn:] #noisy #instrumentation <private> in turn <private>:  <private>"
2026-09-20 17:10:13.482,"Privado — todo en tu Mac","com.apple.siri","Sin conexiones activas",false,10464,"Procesando solicitud…","-[CampoUISiriChatPresentationController siriSessionDidReceiveAddViewsCommand:completion:] #Replay isReplaying: 0, wrapper: 0x0"
2026-09-20 17:10:13.482,"Privado — todo en tu Mac","com.apple.siri","Sin conexiones activas",false,10464,"Procesando solicitud…","-[CampoUISiriChatPresentationController siriSessionDidReceiveAddViewsCommand:completion:] #Replay receivedReplayCommand SAUIAddViews: <private>"
2026-09-20 17:10:13.482,"Privado — todo en tu Mac","com.apple.intelligenceplatform","Sin conexiones activas",false,10464,"Procesando solicitud…","ViewUpdate: 32:ITDDatestampEventIDIndexView: Ending view update attempt"
2026-09-20 17:10:13.482,"Privado — todo en tu Mac","com.apple.intelligenceplatform","Sin conexiones activas",false,10464,"ViewUpdate: completed update","ViewUpdate: completed update"
2026-09-20 17:10:13.482,"Privado — todo en tu Mac","com.apple.intelligenceplatform","Sin conexiones activas",false,10464,"Procesando solicitud…","ViewUpdate: 32:ITDDatestampEventIDIndexView: View was updated"
2026-09-20 17:10:13.482,"Privado — todo en tu Mac","com.apple.intelligenceplatform","Sin conexiones activas",false,10464,"IntelligenceFlow.Transcript.Datastream","ViewUpdate: 32:ITDDatestampEventIDIndexView: re-adding to schedule live as source timestamp has changed since the update for SourceState(sourceId: 44, sourceType: IntelligencePlatformCore.ViewUpdate.SourceType.biome, sourceIdentifier: ""IntelligenceFlow.Transcript.Datastream"", updateType: IntelligencePlatformCore.ViewUpdate.UpdateType.normal, modifiedTimestamp: 811609813.471562, available: true, lastQueriedSourceData: nil)"
2026-09-20 17:10:13.481,"Privado — todo en tu Mac","com.apple.siri","Sin conexiones activas",false,10463,"Processsing latency progress update: <private>","Processsing latency progress update: <private>"
2026-09-20 17:10:13.481,"Privado — todo en tu Mac","com.apple.intelligenceplatform","Sin conexiones activas",false,10463,"Procesando solicitud…","ViewUpdate: <private>: <private>: Finished update"
2026-09-20 17:10:13.481,"Privado — todo en tu Mac","com.apple.intelligenceplatform","Sin conexiones activas",false,10463,"Procesando solicitud…","ViewUpdate: <private>: Finished update"
2026-09-20 17:10:13.481,"Privado — todo en tu Mac","com.apple.siri","Sin conexiones activas",false,10463,"Procesando solicitud…","-[AFConnection _extendExistingRequestTimeoutForReason:durationInSeconds:] No existing timeout timer set. Skipping."
2026-09-20 17:10:13.481,"Privado — todo en tu Mac","com.apple.siri","Sin conexiones activas",false,10463,"Procesando solicitud…","-[AFConnection _extendExistingRequestTimeoutForReason:durationInSeconds:] reason = requestDidAskForTimeoutExtension:"
2026-09-20 17:10:13.481,"Privado — todo en tu Mac","com.apple.siri","Sin conexiones activas",false,10463,"Procesando solicitud…","-[AFConnection _extendExistingRequestTimeoutForReason:durationInSeconds:] No existing timeout timer set. Skipping."
2026-09-20 17:10:13.481,"Privado — todo en tu Mac","com.apple.siri","Sin conexiones activas",false,10463,"Procesando solicitud…","-[AFConnection _extendExistingRequestTimeoutForReason:durationInSeconds:] reason = requestDidAskForTimeoutExtension:"
2026-09-20 17:10:13.481,"Privado — todo en tu Mac","com.apple.siri","Sin conexiones activas",false,10463,"Procesando solicitud…","-[AFConnection _extendExistingRequestTimeoutForReason:durationInSeconds:] No existing timeout timer set. Skipping."
2026-09-20 17:10:13.481,"Privado — todo en tu Mac","com.apple.siri","Sin conexiones activas",false,10463,"Procesando solicitud…","-[AFConnection _extendExistingRequestTimeoutForReason:durationInSeconds:] reason = requestDidAskForTimeoutExtension:"
2026-09-20 17:10:13.480,"Privado — todo en tu Mac","com.apple.siri","Sin conexiones activas",false,10463,"Processsing latency progress update: <private>","Processsing latency progress update: <private>"
2026-09-20 17:10:13.480,"Privado — todo en tu Mac","com.apple.siri","Sin conexiones activas",false,10463,"Procesando solicitud…","-[AFConnection _extendExistingRequestTimeoutForReason:durationInSeconds:] No existing timeout timer set. Skipping."
2026-09-20 17:10:13.480,"Privado — todo en tu Mac","com.apple.siri","Sin conexiones activas",false,10463,"Procesando solicitud…","-[AFConnection _extendExistingRequestTimeoutForReason:durationInSeconds:] reason = requestDidAskForTimeoutExtension:"
2026-09-20 17:10:13.480,"Privado — todo en tu Mac","com.apple.siri","Sin conexiones activas",false,10463,"Procesando solicitud…","-[AFConnection _extendExistingRequestTimeoutForReason:durationInSeconds:] No existing timeout timer set. Skipping."
2026-09-20 17:10:13.480,"Privado — todo en tu Mac","com.apple.siri","Sin conexiones activas",false,10462,"Procesando solicitud…","-[AFConnection _extendExistingRequestTimeoutForReason:durationInSeconds:] reason = requestDidAskForTimeoutExtension:"
2026-09-20 17:10:13.480,"Privado — todo en tu Mac","com.apple.siri","Sin conexiones activas",false,10462,"Procesando solicitud…","-[AFConnection _extendExistingRequestTimeoutForReason:durationInSeconds:] No existing timeout timer set. Skipping."
2026-09-20 17:10:13.480,"Privado — todo en tu Mac","com.apple.siri","Sin conexiones activas",false,10462,"Procesando solicitud…","-[AFConnection _extendExistingRequestTimeoutForReason:durationInSeconds:] reason = requestDidAskForTimeoutExtension:"
2026-09-20 17:10:13.480,"Privado — todo en tu Mac","com.apple.siri","Sin conexiones activas",false,10462,"Procesando solicitud…","-[AFConnection _extendExistingRequestTimeoutForReason:durationInSeconds:] No existing timeout timer set. Skipping."
2026-09-20 17:10:13.480,"Privado — todo en tu Mac","com.apple.siri","Sin conexiones activas",false,10462,"Procesando solicitud…","-[AFConnection _extendExistingRequestTimeoutForReason:durationInSeconds:] reason = requestDidAskForTimeoutExtension:"
2026-09-20 17:10:13.480,"Privado — todo en tu Mac","com.apple.siri","Sin conexiones activas",false,10462,"Procesando solicitud…","-[AFConnection _cancelRequestTimeoutForReason:] Canceling request timeout for reason _dispatchCommand:isInterstitial:interstitialPhase:interstitialDelay:reply:"
2026-09-20 17:10:13.480,"Privado — todo en tu Mac","com.apple.siri","Sin conexiones activas",false,10462,"Procesando solicitud…","-[CampoUISiriChatSession assistantConnection:receivedCommand:completion:] Received Command: StreamChunk aceId: <private>"
2026-09-20 17:10:13.480,"Privado — todo en tu Mac","com.apple.siri","Sin conexiones activas",false,10462,"Procesando solicitud…","-[AFConnection _dispatchCommand:isInterstitial:interstitialPhase:interstitialDelay:reply:] command = <private>, isInterstitial = 0"
2026-09-20 17:10:13.480,"Privado — todo en tu Mac","com.apple.siri","Sin conexiones activas",false,10462,"Procesando solicitud…","-[AFConnection _handleCommand:reply:] command = <private>"
2026-09-20 17:10:13.480,"Privado — todo en tu Mac","com.apple.siri","Sin conexiones activas",false,10462,"Procesando solicitud…","-[AFConnection _startRequestTimeoutTimerWithTimeInterval:reason:] Scheduling request timeout for 30.000000 seconds for reason requestDidAskForTimeoutExtension:"
2026-09-20 17:10:13.480,"Privado — todo en tu Mac","com.apple.siri","Sin conexiones activas",false,10462,"Procesando solicitud…","-[AFConnection _cancelRequestTimeoutForReason:] Canceling request timeout for reason requestDidAskForTimeoutExtension:"
2026-09-20 17:10:13.480,"Privado — todo en tu Mac","com.apple.siri","Sin conexiones activas",false,10462,"Procesando solicitud…","-[AFConnection _extendRequestTimeoutForReason:durationInSeconds:] reason = requestDidAskForTimeoutExtension:, durationInSeconds: 30.000000"
2026-09-20 17:10:13.480,"Privado — todo en tu Mac","com.apple.siri","Sin conexiones activas",false,10462,"Procesando solicitud…","-[AFConnection _extendExistingRequestTimeoutForReason:durationInSeconds:] reason = requestDidAskForTimeoutExtension:"
2026-09-20 17:10:13.476,"Privado — todo en tu Mac","com.apple.intelligenceplatform","Sin conexiones activas",false,10462,"Using target provided in IntelligencePlatform for view: (<private>)","Using target provided in IntelligencePlatform for view: (<private>)"
2026-09-20 17:10:13.476,"Privado — todo en tu Mac","com.apple.intelligenceplatform","Sin conexiones activas",false,10462,"SourceUpdater: Dropping notification for <private> - no action needed","SourceUpdater: Dropping notification for <private> - no action needed"
2026-09-20 17:10:13.475,"Privado — todo en tu Mac","com.apple.intelligenceplatform","Sin conexiones activas",false,10461,"SourceUpdater: <private> triggered 32 to run on the live schedule","SourceUpdater: <private> triggered 32 to run on the live schedule"
2026-09-20 17:10:13.475,"Privado — todo en tu Mac","com.apple.intelligenceplatform","Sin conexiones activas",false,10461,"Procesando solicitud…","ViewUpdate: <private>: Update is required"
2026-09-20 17:10:13.470,"Privado — todo en tu Mac","com.apple.intelligenceplatform","Sin conexiones activas",false,10461,"Procesando solicitud…","ViewUpdate: 32:ITDDatestampEventIDIndexView: Beginning view update attempt"
2026-09-20 17:10:13.470,"Privado — todo en tu Mac","com.apple.intelligenceplatform","Sin conexiones activas",false,10461,"ViewUpdate: Initially have 3 views that may need updating","ViewUpdate: Initially have 3 views that may need updating"
2026-09-20 17:10:13.470,"Privado — todo en tu Mac","com.apple.intelligenceplatform","Sin conexiones activas",false,10461,"ViewUpdate: Starting schedule run <private>","ViewUpdate: Starting schedule run <private>"
2026-09-20 17:10:13.470,"Privado — todo en tu Mac","com.apple.intelligenceplatform","Sin conexiones activas",false,10461,"Procesando solicitud…","ViewUpdate: Beginning update job for live [runMode: update, checkSLA: true]"
2026-09-20 17:10:13.469,"Privado — todo en tu Mac","com.apple.intelligenceplatform","Sin conexiones activas",false,10461,"SourceUpdater: <private> triggered 100 to run on the live schedule","SourceUpdater: <private> triggered 100 to run on the live schedule"
2026-09-20 17:10:13.469,"Privado — todo en tu Mac","com.apple.intelligenceplatform","Sin conexiones activas",false,10461,"SourceUpdater: <private> triggered 99 to run on the live schedule","SourceUpdater: <private> triggered 99 to run on the live schedule"
2026-09-20 17:10:13.469,"Privado — todo en tu Mac","com.apple.intelligenceplatform","Sin conexiones activas",false,10461,"SourceUpdater: <private> triggered 32 to run on the live schedule","SourceUpdater: <private> triggered 32 to run on the live schedule"
2026-09-20 17:10:13.469,"Privado — todo en tu Mac","com.apple.siri","Sin conexiones activas",false,10461,"Procesando solicitud…","-[AFConnection _startRequestTimeoutTimerWithTimeInterval:reason:] Scheduling request timeout for 30.000000 seconds for reason requestDidAskForTimeoutExtension:"
2026-09-20 17:10:13.469,"Privado — todo en tu Mac","com.apple.siri","Sin conexiones activas",false,10461,"Procesando solicitud…","-[AFConnection _cancelRequestTimeoutForReason:] Canceling request timeout for reason requestDidAskForTimeoutExtension:"
2026-09-20 17:10:13.469,"Privado — todo en tu Mac","com.apple.siri","Sin conexiones activas",false,10461,"Procesando solicitud…","-[AFConnection _extendRequestTimeoutForReason:durationInSeconds:] reason = requestDidAskForTimeoutExtension:, durationInSeconds: 30.000000"
2026-09-20 17:10:13.469,"Privado — todo en tu Mac","com.apple.siri","Sin conexiones activas",false,10460,"Procesando solicitud…","-[AFConnection _extendExistingRequestTimeoutForReason:durationInSeconds:] reason = requestDidAskForTimeoutExtension:"
2026-09-20 17:10:09.865,"Privado — todo en tu Mac","com.apple.intelligenceplatform","Sin conexiones activas",false,5872,"ViewUpdate: Finished update job for live","ViewUpdate: Finished update job for live"
2026-09-20 17:10:09.865,"Privado — todo en tu Mac","com.apple.intelligenceplatform","Sin conexiones activas",false,5872,"ViewUpdate: Initially have 0 views that may need updating","ViewUpdate: Initially have 0 views that may need updating"
2026-09-20 17:10:09.865,"Privado — todo en tu Mac","com.apple.intelligenceplatform","Sin conexiones activas",false,5872,"ViewUpdate: Starting schedule run <private>","ViewUpdate: Starting schedule run <private>"
2026-09-20 17:10:09.865,"Privado — todo en tu Mac","com.apple.intelligenceplatform","Sin conexiones activas",false,5872,"Procesando solicitud…","ViewUpdate: Beginning update job for live [runMode: update, checkSLA: true]"
2026-09-20 17:10:09.865,"Privado — todo en tu Mac","com.apple.intelligenceplatform","Sin conexiones activas",false,5872,"ViewUpdate: Finished update job for live","ViewUpdate: Finished update job for live"
2026-09-20 17:10:09.865,"Privado — todo en tu Mac","com.apple.intelligenceplatform","Sin conexiones activas",false,5872,"Procesando solicitud…","ViewUpdate: 100:ITDDatestampClientSessionIDClientRequestIDIndexView: Ending view update attempt"
2026-09-20 17:10:09.865,"Privado — todo en tu Mac","com.apple.intelligenceplatform","Sin conexiones activas",false,5871,"ViewUpdate: completed update","ViewUpdate: completed update"
2026-09-20 17:10:09.864,"Privado — todo en tu Mac","com.apple.intelligenceplatform","Sin conexiones activas",false,5871,"Procesando solicitud…","ViewUpdate: 100:ITDDatestampClientSessionIDClientRequestIDIndexView: View was updated"
2026-09-20 17:10:09.863,"Privado — todo en tu Mac","com.apple.intelligenceplatform","Sin conexiones activas",false,5871,"Procesando solicitud…","ViewUpdate: <private>: <private>: Finished update"
2026-09-20 17:10:09.863,"Privado — todo en tu Mac","com.apple.intelligenceplatform","Sin conexiones activas",false,5871,"Procesando solicitud…","ViewUpdate: <private>: Finished update"
2026-09-20 17:10:09.840,"Privado — todo en tu Mac","com.apple.intelligenceplatform","Sin conexiones activas",false,5871,"Using target provided in IntelligencePlatform for view: (<private>)","Using target provided in IntelligencePlatform for view: (<private>)"
2026-09-20 17:10:09.838,"Privado — todo en tu Mac","com.apple.intelligenceplatform","Sin conexiones activas",false,5870,"Procesando solicitud…","ViewUpdate: <private>: Update is required"
2026-09-20 17:10:09.835,"Privado — todo en tu Mac","com.apple.intelligenceplatform","Sin conexiones activas",false,5870,"Procesando solicitud…","ViewUpdate: 100:ITDDatestampClientSessionIDClientRequestIDIndexView: Beginning view update attempt"
2026-09-20 17:10:09.835,"Privado — todo en tu Mac","com.apple.intelligenceplatform","Sin conexiones activas",false,5870,"Procesando solicitud…","ViewUpdate: 99:ITDDatestampSessionIDIndexView: Ending view update attempt"
2026-09-20 17:10:09.835,"Privado — todo en tu Mac","com.apple.intelligenceplatform","Sin conexiones activas",false,5870,"ViewUpdate: completed update","ViewUpdate: completed update"
2026-09-20 17:10:09.835,"Privado — todo en tu Mac","com.apple.intelligenceplatform","Sin conexiones activas",false,5870,"Procesando solicitud…","ViewUpdate: 99:ITDDatestampSessionIDIndexView: View was updated"
2026-09-20 17:10:09.834,"Privado — todo en tu Mac","com.apple.siri","Sin conexiones activas",false,5870,"Processsing latency progress update: <private>","Processsing latency progress update: <private>"
2026-09-20 17:10:09.834,"Privado — todo en tu Mac","com.apple.intelligenceplatform","Sin conexiones activas",false,5870,"Procesando solicitud…","ViewUpdate: <private>: <private>: Finished update"
2026-09-20 17:10:09.834,"Privado — todo en tu Mac","com.apple.intelligenceplatform","Sin conexiones activas",false,5870,"Procesando solicitud…","ViewUpdate: <private>: Finished update"
2026-09-20 17:10:09.834,"Privado — todo en tu Mac","com.apple.siri","Sin conexiones activas",false,5870,"Procesando solicitud…","-[AFConnection _startRequestTimeoutTimerWithTimeInterval:reason:] Scheduling request timeout for 30.000000 seconds for reason requestDidAskForTimeoutExtension:"
2026-09-20 17:10:09.834,"Privado — todo en tu Mac","com.apple.siri","Sin conexiones activas",false,5870,"Procesando solicitud…","-[AFConnection _cancelRequestTimeoutForReason:] Canceling request timeout for reason requestDidAskForTimeoutExtension:"
2026-09-20 17:10:09.834,"Privado — todo en tu Mac","com.apple.siri","Sin conexiones activas",false,5870,"Procesando solicitud…","-[AFConnection _extendRequestTimeoutForReason:durationInSeconds:] reason = requestDidAskForTimeoutExtension:, durationInSeconds: 30.000000"
2026-09-20 17:10:09.834,"Privado — todo en tu Mac","com.apple.siri","Sin conexiones activas",false,5870,"Procesando solicitud…","-[AFConnection _extendExistingRequestTimeoutForReason:durationInSeconds:] reason = requestDidAskForTimeoutExtension:"
2026-09-20 17:10:09.834,"Privado — todo en tu Mac","com.apple.siri","Sin conexiones activas",false,5869,"Processsing latency progress update: <private>","Processsing latency progress update: <private>"
2026-09-20 17:10:09.832,"Privado — todo en tu Mac","com.apple.siri","Sin conexiones activas",false,5869,"Procesando solicitud…","-[AFConnection _startRequestTimeoutTimerWithTimeInterval:reason:] Scheduling request timeout for 30.000000 seconds for reason requestDidAskForTimeoutExtension:"
2026-09-20 17:10:09.832,"Privado — todo en tu Mac","com.apple.siri","Sin conexiones activas",false,5869,"Procesando solicitud…","-[AFConnection _cancelRequestTimeoutForReason:] Canceling request timeout for reason requestDidAskForTimeoutExtension:"
2026-09-20 17:10:09.832,"Privado — todo en tu Mac","com.apple.siri","Sin conexiones activas",false,5869,"Procesando solicitud…","-[AFConnection _extendRequestTimeoutForReason:durationInSeconds:] reason = requestDidAskForTimeoutExtension:, durationInSeconds: 30.000000"
2026-09-20 17:10:09.832,"Privado — todo en tu Mac","com.apple.siri","Sin conexiones activas",false,5869,"Procesando solicitud…","-[AFConnection _extendExistingRequestTimeoutForReason:durationInSeconds:] reason = requestDidAskForTimeoutExtension:"
2026-09-20 17:10:09.832,"Privado — todo en tu Mac","com.apple.siri","Sin conexiones activas",false,5869,"Processsing latency progress update: <private>","Processsing latency progress update: <private>"
2026-09-20 17:10:09.831,"Privado — todo en tu Mac","com.apple.siri","Sin conexiones activas",false,5869,"Procesando solicitud…","-[AFConnection _startRequestTimeoutTimerWithTimeInterval:reason:] Scheduling request timeout for 30.000000 seconds for reason requestDidAskForTimeoutExtension:"
2026-09-20 17:10:09.831,"Privado — todo en tu Mac","com.apple.siri","Sin conexiones activas",false,5869,"Procesando solicitud…","-[AFConnection _cancelRequestTimeoutForReason:] Canceling request timeout for reason requestDidAskForTimeoutExtension:"
2026-09-20 17:10:09.831,"Privado — todo en tu Mac","com.apple.siri","Sin conexiones activas",false,5869,"Procesando solicitud…","-[AFConnection _extendRequestTimeoutForReason:durationInSeconds:] reason = requestDidAskForTimeoutExtension:, durationInSeconds: 30.000000"
2026-09-20 17:10:09.831,"Privado — todo en tu Mac","com.apple.siri","Sin conexiones activas",false,5869,"Procesando solicitud…","-[AFConnection _extendExistingRequestTimeoutForReason:durationInSeconds:] reason = requestDidAskForTimeoutExtension:"
2026-09-20 17:10:09.831,"Privado — todo en tu Mac","com.apple.siri","Sin conexiones activas",false,5869,"Processsing latency progress update: <private>","Processsing latency progress update: <private>"
2026-09-20 17:10:09.831,"Privado — todo en tu Mac","com.apple.siri","Sin conexiones activas",false,5869,"Procesando solicitud…","-[AFConnection _startRequestTimeoutTimerWithTimeInterval:reason:] Scheduling request timeout for 30.000000 seconds for reason requestDidAskForTimeoutExtension:"
2026-09-20 17:10:09.831,"Privado — todo en tu Mac","com.apple.siri","Sin conexiones activas",false,5869,"Procesando solicitud…","-[AFConnection _cancelRequestTimeoutForReason:] Canceling request timeout for reason requestDidAskForTimeoutExtension:"
2026-09-20 17:10:09.831,"Privado — todo en tu Mac","com.apple.siri","Sin conexiones activas",false,5869,"Procesando solicitud…","-[AFConnection _extendRequestTimeoutForReason:durationInSeconds:] reason = requestDidAskForTimeoutExtension:, durationInSeconds: 30.000000"
2026-09-20 17:10:09.831,"Privado — todo en tu Mac","com.apple.siri","Sin conexiones activas",false,5868,"Procesando solicitud…","-[AFConnection _extendExistingRequestTimeoutForReason:durationInSeconds:] reason = requestDidAskForTimeoutExtension:"
2026-09-20 17:10:09.825,"Privado — todo en tu Mac","com.apple.intelligenceplatform","Sin conexiones activas",false,5868,"Using target provided in IntelligencePlatform for view: (<private>)","Using target provided in IntelligencePlatform for view: (<private>)"
2026-09-20 17:10:09.824,"Privado — todo en tu Mac","com.apple.intelligenceplatform","Sin conexiones activas",false,5868,"Procesando solicitud…","ViewUpdate: <private>: Update is required"
2026-09-20 17:10:09.819,"Privado — todo en tu Mac","com.apple.intelligenceplatform","Sin conexiones activas",false,5868,"Procesando solicitud…","ViewUpdate: 99:ITDDatestampSessionIDIndexView: Beginning view update attempt"
2026-09-20 17:10:09.819,"Privado — todo en tu Mac","com.apple.intelligenceplatform","Sin conexiones activas",false,5868,"Procesando solicitud…","ViewUpdate: 32:ITDDatestampEventIDIndexView: Ending view update attempt"
2026-09-20 17:10:09.819,"Privado — todo en tu Mac","com.apple.intelligenceplatform","Sin conexiones activas",false,5868,"ViewUpdate: completed update","ViewUpdate: completed update"
2026-09-20 17:10:09.818,"Privado — todo en tu Mac","com.apple.intelligenceplatform","Sin conexiones activas",false,5868,"Procesando solicitud…","ViewUpdate: 32:ITDDatestampEventIDIndexView: View was updated"
2026-09-20 17:10:09.817,"Privado — todo en tu Mac","com.apple.intelligenceplatform","Sin conexiones activas",false,5868,"Procesando solicitud…","ViewUpdate: <private>: <private>: Finished update"
2026-09-20 17:10:09.817,"Privado — todo en tu Mac","com.apple.intelligenceplatform","Sin conexiones activas",false,5868,"Procesando solicitud…","ViewUpdate: <private>: Finished update"
2026-09-20 17:10:09.814,"Privado — todo en tu Mac","com.apple.intelligenceplatform","Sin conexiones activas",false,5868,"Using target provided in IntelligencePlatform for view: (<private>)","Using target provided in IntelligencePlatform for view: (<private>)"
2026-09-20 17:10:09.813,"Privado — todo en tu Mac","com.apple.intelligenceplatform","Sin conexiones activas",false,5868,"Procesando solicitud…","ViewUpdate: <private>: Update is required"
2026-09-20 17:10:09.809,"Privado — todo en tu Mac","com.apple.intelligenceplatform","Sin conexiones activas",false,5867,"Procesando solicitud…","ViewUpdate: 32:ITDDatestampEventIDIndexView: Beginning view update attempt"
2026-09-20 17:10:09.808,"Privado — todo en tu Mac","com.apple.intelligenceplatform","Sin conexiones activas",false,5867,"Procesando solicitud…","ViewUpdate: 32:ITDDatestampEventIDIndexView: Ending view update attempt"
2026-09-20 17:10:09.808,"Privado — todo en tu Mac","com.apple.intelligenceplatform","Sin conexiones activas",false,5867,"ViewUpdate: completed update","ViewUpdate: completed update"
2026-09-20 17:10:09.808,"Privado — todo en tu Mac","com.apple.intelligenceplatform","Sin conexiones activas",false,5867,"Procesando solicitud…","ViewUpdate: 32:ITDDatestampEventIDIndexView: View was updated"
2026-09-20 17:10:09.808,"Privado — todo en tu Mac","com.apple.intelligenceplatform","Sin conexiones activas",false,5867,"IntelligenceFlow.Transcript.Datastream","ViewUpdate: 32:ITDDatestampEventIDIndexView: re-adding to schedule live as source timestamp has changed since the update for SourceState(sourceId: 44, sourceType: IntelligencePlatformCore.ViewUpdate.SourceType.biome, sourceIdentifier: ""IntelligenceFlow.Transcript.Datastream"", updateType: IntelligencePlatformCore.ViewUpdate.UpdateType.normal, modifiedTimestamp: 811609809.800279, available: true, lastQueriedSourceData: nil)"
2026-09-20 17:10:09.806,"Privado — todo en tu Mac","com.apple.intelligenceplatform","Sin conexiones activas",false,5867,"Procesando solicitud…","ViewUpdate: <private>: <private>: Finished update"
2026-09-20 17:10:09.806,"Privado — todo en tu Mac","com.apple.intelligenceplatform","Sin conexiones activas",false,5867,"Procesando solicitud…","ViewUpdate: <private>: Finished update"
2026-09-20 17:10:09.804,"Privado — todo en tu Mac","com.apple.intelligenceplatform","Sin conexiones activas",false,5867,"SourceUpdater: <private> triggered 32 to run on the live schedule","SourceUpdater: <private> triggered 32 to run on the live schedule"
2026-09-20 17:10:09.801,"Privado — todo en tu Mac","com.apple.siri","Sin conexiones activas",false,5867,"Procesando solicitud…","-[ADDaemon _locationServiceListenerShouldAcceptNewConnection:] <private> Location Service Connection Connected (pid=1022])"
2026-09-20 17:10:09.799,"Privado — todo en tu Mac","com.apple.intelligenceplatform","Sin conexiones activas",false,5867,"Using target provided in IntelligencePlatform for view: (<private>)","Using target provided in IntelligencePlatform for view: (<private>)"
2026-09-20 17:10:09.798,"Privado — todo en tu Mac","com.apple.intelligenceplatform","Sin conexiones activas",false,5866,"Procesando solicitud…","ViewUpdate: <private>: Update is required"
2026-09-20 17:10:09.797,"Privado — todo en tu Mac","com.apple.siri","Sin conexiones activas",false,5866,"Processsing latency progress update: <private>","Processsing latency progress update: <private>"
2026-09-20 17:10:09.797,"Privado — todo en tu Mac","com.apple.siri","Sin conexiones activas",false,5866,"Procesando solicitud…","-[AFConnection _startRequestTimeoutTimerWithTimeInterval:reason:] Scheduling request timeout for 30.000000 seconds for reason requestDidAskForTimeoutExtension:"
2026-09-20 17:10:09.797,"Privado — todo en tu Mac","com.apple.siri","Sin conexiones activas",false,5866,"Procesando solicitud…","-[AFConnection _cancelRequestTimeoutForReason:] Canceling request timeout for reason requestDidAskForTimeoutExtension:"
2026-09-20 17:10:09.797,"Privado — todo en tu Mac","com.apple.siri","Sin conexiones activas",false,5866,"Procesando solicitud…","-[AFConnection _extendRequestTimeoutForReason:durationInSeconds:] reason = requestDidAskForTimeoutExtension:, durationInSeconds: 30.000000"
2026-09-20 17:10:09.797,"Privado — todo en tu Mac","com.apple.siri","Sin conexiones activas",false,5866,"Procesando solicitud…","-[AFConnection _extendExistingRequestTimeoutForReason:durationInSeconds:] reason = requestDidAskForTimeoutExtension:"
2026-09-20 17:10:09.795,"Privado — todo en tu Mac","com.apple.intelligenceplatform","Sin conexiones activas",false,5866,"Procesando solicitud…","ViewUpdate: 32:ITDDatestampEventIDIndexView: Beginning view update attempt"
2026-09-20 17:10:09.794,"Privado — todo en tu Mac","com.apple.intelligenceplatform","Sin conexiones activas",false,5866,"ViewUpdate: Initially have 3 views that may need updating","ViewUpdate: Initially have 3 views that may need updating"
2026-09-20 17:10:09.794,"Privado — todo en tu Mac","com.apple.intelligenceplatform","Sin conexiones activas",false,5866,"ViewUpdate: Starting schedule run <private>","ViewUpdate: Starting schedule run <private>"
2026-09-20 17:10:09.794,"Privado — todo en tu Mac","com.apple.intelligenceplatform","Sin conexiones activas",false,5866,"Procesando solicitud…","ViewUpdate: Beginning update job for live [runMode: update, checkSLA: true]"
2026-09-20 17:10:09.794,"Privado — todo en tu Mac","com.apple.intelligenceplatform","Sin conexiones activas",false,5866,"SourceUpdater: <private> triggered 100 to run on the live schedule","SourceUpdater: <private> triggered 100 to run on the live schedule"
2026-09-20 17:10:09.794,"Privado — todo en tu Mac","com.apple.intelligenceplatform","Sin conexiones activas",false,5866,"SourceUpdater: <private> triggered 99 to run on the live schedule","SourceUpdater: <private> triggered 99 to run on the live schedule"
2026-09-20 17:10:09.794,"Privado — todo en tu Mac","com.apple.intelligenceplatform","Sin conexiones activas",false,5865,"SourceUpdater: <private> triggered 32 to run on the live schedule","SourceUpdater: <private> triggered 32 to run on the live schedule"
2026-09-20 17:10:09.260,"Privado — todo en tu Mac","com.apple.intelligenceplatform","Sin conexiones activas",false,5864,"ViewUpdate: Finished update job for live","ViewUpdate: Finished update job for live"
2026-09-20 17:10:09.260,"Privado — todo en tu Mac","com.apple.intelligenceplatform","Sin conexiones activas",false,5864,"ViewUpdate: Initially have 0 views that may need updating","ViewUpdate: Initially have 0 views that may need updating"
2026-09-20 17:10:09.260,"Privado — todo en tu Mac","com.apple.intelligenceplatform","Sin conexiones activas",false,5864,"ViewUpdate: Starting schedule run <private>","ViewUpdate: Starting schedule run <private>"
2026-09-20 17:10:09.260,"Privado — todo en tu Mac","com.apple.intelligenceplatform","Sin conexiones activas",false,5863,"Procesando solicitud…","ViewUpdate: Beginning update job for live [runMode: update, checkSLA: true]"
2026-09-20 17:10:09.260,"Privado — todo en tu Mac","com.apple.intelligenceplatform","Sin conexiones activas",false,5863,"ViewUpdate: Finished update job for live","ViewUpdate: Finished update job for live"
2026-09-20 17:10:09.259,"Privado — todo en tu Mac","com.apple.intelligenceplatform","Sin conexiones activas",false,5863,"Procesando solicitud…","ViewUpdate: 100:ITDDatestampClientSessionIDClientRequestIDIndexView: Ending view update attempt"
2026-09-20 17:10:09.259,"Privado — todo en tu Mac","com.apple.intelligenceplatform","Sin conexiones activas",false,5863,"ViewUpdate: completed update","ViewUpdate: completed update"
2026-09-20 17:10:09.259,"Privado — todo en tu Mac","com.apple.intelligenceplatform","Sin conexiones activas",false,5863,"Procesando solicitud…","ViewUpdate: 100:ITDDatestampClientSessionIDClientRequestIDIndexView: View was updated"
2026-09-20 17:10:09.254,"Privado — todo en tu Mac","com.apple.intelligenceplatform","Sin conexiones activas",false,5863,"Procesando solicitud…","ViewUpdate: <private>: <private>: Finished update"
2026-09-20 17:10:09.254,"Privado — todo en tu Mac","com.apple.intelligenceplatform","Sin conexiones activas",false,5863,"Procesando solicitud…","ViewUpdate: <private>: Finished update"
2026-09-20 17:10:09.251,"Privado — todo en tu Mac","com.apple.intelligenceplatform","Sin conexiones activas",false,5863,"Using target provided in IntelligencePlatform for view: (<private>)","Using target provided in IntelligencePlatform for view: (<private>)"
2026-09-20 17:10:09.250,"Privado — todo en tu Mac","com.apple.intelligenceplatform","Sin conexiones activas",false,5863,"Procesando solicitud…","ViewUpdate: <private>: Update is required"
2026-09-20 17:10:09.239,"Privado — todo en tu Mac","com.apple.intelligenceplatform","Sin conexiones activas",false,5863,"Procesando solicitud…","ViewUpdate: 100:ITDDatestampClientSessionIDClientRequestIDIndexView: Beginning view update attempt"
2026-09-20 17:10:09.238,"Privado — todo en tu Mac","com.apple.intelligenceplatform","Sin conexiones activas",false,5863,"Procesando solicitud…","ViewUpdate: 99:ITDDatestampSessionIDIndexView: Ending view update attempt"
2026-09-20 17:10:09.238,"Privado — todo en tu Mac","com.apple.intelligenceplatform","Sin conexiones activas",false,5863,"ViewUpdate: completed update","ViewUpdate: completed update"
2026-09-20 17:10:09.238,"Privado — todo en tu Mac","com.apple.intelligenceplatform","Sin conexiones activas",false,5863,"Procesando solicitud…","ViewUpdate: 99:ITDDatestampSessionIDIndexView: View was updated"
2026-09-20 17:10:09.236,"Privado — todo en tu Mac","com.apple.intelligenceplatform","Sin conexiones activas",false,5863,"Procesando solicitud…","ViewUpdate: <private>: <private>: Finished update"
2026-09-20 17:10:09.236,"Privado — todo en tu Mac","com.apple.intelligenceplatform","Sin conexiones activas",false,5863,"Procesando solicitud…","ViewUpdate: <private>: Finished update"
2026-09-20 17:10:09.233,"Privado — todo en tu Mac","com.apple.intelligenceplatform","Sin conexiones activas",false,5863,"Using target provided in IntelligencePlatform for view: (<private>)","Using target provided in IntelligencePlatform for view: (<private>)"
2026-09-20 17:10:09.232,"Privado — todo en tu Mac","com.apple.intelligenceplatform","Sin conexiones activas",false,5863,"Procesando solicitud…","ViewUpdate: <private>: Update is required"
2026-09-20 17:10:09.219,"Privado — todo en tu Mac","com.apple.intelligenceplatform","Sin conexiones activas",false,5863,"Procesando solicitud…","ViewUpdate: 99:ITDDatestampSessionIDIndexView: Beginning view update attempt"
2026-09-20 17:10:09.219,"Privado — todo en tu Mac","com.apple.intelligenceplatform","Sin conexiones activas",false,5863,"Procesando solicitud…","ViewUpdate: 32:ITDDatestampEventIDIndexView: Ending view update attempt"
2026-09-20 17:10:09.219,"Privado — todo en tu Mac","com.apple.intelligenceplatform","Sin conexiones activas",false,5863,"ViewUpdate: completed update","ViewUpdate: completed update"
2026-09-20 17:10:09.219,"Privado — todo en tu Mac","com.apple.intelligenceplatform","Sin conexiones activas",false,5863,"Procesando solicitud…","ViewUpdate: 32:ITDDatestampEventIDIndexView: View was updated"
2026-09-20 17:10:09.215,"Privado — todo en tu Mac","com.apple.intelligenceplatform","Sin conexiones activas",false,5863,"Procesando solicitud…","ViewUpdate: <private>: <private>: Finished update"
2026-09-20 17:10:09.215,"Privado — todo en tu Mac","com.apple.intelligenceplatform","Sin conexiones activas",false,5863,"Procesando solicitud…","ViewUpdate: <private>: Finished update"
2026-09-20 17:10:09.196,"Privado — todo en tu Mac","com.apple.intelligenceplatform","Sin conexiones activas",false,5863,"Using target provided in IntelligencePlatform for view: (<private>)","Using target provided in IntelligencePlatform for view: (<private>)"
2026-09-20 17:10:09.187,"Privado — todo en tu Mac","com.apple.intelligenceplatform","Sin conexiones activas",false,5863,"Procesando solicitud…","ViewUpdate: <private>: Update is required"
2026-09-20 17:10:09.176,"Privado — todo en tu Mac","com.apple.intelligenceplatform","Sin conexiones activas",false,5863,"Procesando solicitud…","ViewUpdate: 32:ITDDatestampEventIDIndexView: Beginning view update attempt"
2026-09-20 17:10:09.171,"Privado — todo en tu Mac","com.apple.intelligenceplatform","Sin conexiones activas",false,5862,"Procesando solicitud…","ViewUpdate: 100:ITDDatestampClientSessionIDClientRequestIDIndexView: Ending view update attempt"
2026-09-20 17:10:09.171,"Privado — todo en tu Mac","com.apple.intelligenceplatform","Sin conexiones activas",false,5862,"ViewUpdate: completed update","ViewUpdate: completed update"
2026-09-20 17:10:09.170,"Privado — todo en tu Mac","com.apple.intelligenceplatform","Sin conexiones activas",false,5862,"Procesando solicitud…","ViewUpdate: 100:ITDDatestampClientSessionIDClientRequestIDIndexView: View was updated"
2026-09-20 17:10:09.170,"Privado — todo en tu Mac","com.apple.intelligenceplatform","Sin conexiones activas",false,5862,"IntelligenceFlow.Transcript.Datastream","ViewUpdate: 100:ITDDatestampClientSessionIDClientRequestIDIndexView: re-adding to schedule live as source timestamp has changed since the update for SourceState(sourceId: 44, sourceType: IntelligencePlatformCore.ViewUpdate.SourceType.biome, sourceIdentifier: ""IntelligenceFlow.Transcript.Datastream"", updateType: IntelligencePlatformCore.ViewUpdate.UpdateType.normal, modifiedTimestamp: 811609809.115192, available: true, lastQueriedSourceData: nil)"
2026-09-20 17:10:09.166,"Privado — todo en tu Mac","com.apple.intelligenceplatform","Sin conexiones activas",false,5862,"Procesando solicitud…","ViewUpdate: <private>: <private>: Finished update"
2026-09-20 17:10:09.166,"Privado — todo en tu Mac","com.apple.intelligenceplatform","Sin conexiones activas",false,5862,"Procesando solicitud…","ViewUpdate: <private>: Finished update"
2026-09-20 17:10:09.153,"Privado — todo en tu Mac","com.apple.intelligenceplatform","Sin conexiones activas",false,5862,"Using target provided in IntelligencePlatform for view: (<private>)","Using target provided in IntelligencePlatform for view: (<private>)"
2026-09-20 17:10:09.152,"Privado — todo en tu Mac","com.apple.intelligenceplatform","Sin conexiones activas",false,5862,"Procesando solicitud…","ViewUpdate: <private>: Update is required"
2026-09-20 17:10:09.131,"Privado — todo en tu Mac","com.apple.siri","Sin conexiones activas",false,5862,"Processsing latency progress update: <private>","Processsing latency progress update: <private>"
2026-09-20 17:10:09.131,"Privado — todo en tu Mac","com.apple.siri","Sin conexiones activas",false,5862,"Procesando solicitud…","-[AFConnection _startRequestTimeoutTimerWithTimeInterval:reason:] Scheduling request timeout for 30.000000 seconds for reason requestDidAskForTimeoutExtension:"
2026-09-20 17:10:09.131,"Privado — todo en tu Mac","com.apple.siri","Sin conexiones activas",false,5862,"Procesando solicitud…","-[AFConnection _cancelRequestTimeoutForReason:] Canceling request timeout for reason requestDidAskForTimeoutExtension:"
2026-09-20 17:10:09.131,"Privado — todo en tu Mac","com.apple.siri","Sin conexiones activas",false,5862,"Procesando solicitud…","-[AFConnection _extendRequestTimeoutForReason:durationInSeconds:] reason = requestDidAskForTimeoutExtension:, durationInSeconds: 30.000000"
2026-09-20 17:10:09.131,"Privado — todo en tu Mac","com.apple.siri","Sin conexiones activas",false,5862,"Procesando solicitud…","-[AFConnection _extendExistingRequestTimeoutForReason:durationInSeconds:] reason = requestDidAskForTimeoutExtension:"
2026-09-20 17:10:09.119,"Privado — todo en tu Mac","com.apple.intelligenceplatform","Sin conexiones activas",false,5862,"SourceUpdater: Dropping notification for <private> - no action needed","SourceUpdater: Dropping notification for <private> - no action needed"
2026-09-20 17:10:09.119,"Privado — todo en tu Mac","com.apple.intelligenceplatform","Sin conexiones activas",false,5862,"SourceUpdater: <private> triggered 100 to run on the live schedule","SourceUpdater: <private> triggered 100 to run on the live schedule"
2026-09-20 17:10:09.119,"Privado — todo en tu Mac","com.apple.intelligenceplatform","Sin conexiones activas",false,5862,"SourceUpdater: <private> triggered 99 to run on the live schedule","SourceUpdater: <private> triggered 99 to run on the live schedule"
2026-09-20 17:10:09.119,"Privado — todo en tu Mac","com.apple.intelligenceplatform","Sin conexiones activas",false,5862,"SourceUpdater: <private> triggered 32 to run on the live schedule","SourceUpdater: <private> triggered 32 to run on the live schedule"
2026-09-20 17:10:09.118,"Privado — todo en tu Mac","com.apple.siri","Sin conexiones activas",false,5862,"Processsing latency progress update: <private>","Processsing latency progress update: <private>"
2026-09-20 17:10:09.118,"Privado — todo en tu Mac","com.apple.siri","Sin conexiones activas",false,5862,"Procesando solicitud…","-[AFConnection _startRequestTimeoutTimerWithTimeInterval:reason:] Scheduling request timeout for 30.000000 seconds for reason requestDidAskForTimeoutExtension:"
2026-09-20 17:10:09.118,"Privado — todo en tu Mac","com.apple.siri","Sin conexiones activas",false,5862,"Procesando solicitud…","-[AFConnection _extendRequestTimeoutForReason:durationInSeconds:] reason = requestDidAskForTimeoutExtension:, durationInSeconds: 30.000000"
2026-09-20 17:10:09.118,"Privado — todo en tu Mac","com.apple.siri","Sin conexiones activas",false,5862,"Procesando solicitud…","-[AFConnection _extendExistingRequestTimeoutForReason:durationInSeconds:] reason = requestDidAskForTimeoutExtension:"
2026-09-20 17:10:09.084,"Privado — todo en tu Mac","com.apple.intelligenceplatform","Sin conexiones activas",false,5862,"Procesando solicitud…","ViewUpdate: 100:ITDDatestampClientSessionIDClientRequestIDIndexView: Beginning view update attempt"
2026-09-20 17:10:09.083,"Privado — todo en tu Mac","com.apple.intelligenceplatform","Sin conexiones activas",false,5862,"Procesando solicitud…","ViewUpdate: 99:ITDDatestampSessionIDIndexView: Ending view update attempt"
2026-09-20 17:10:09.083,"Privado — todo en tu Mac","com.apple.intelligenceplatform","Sin conexiones activas",false,5862,"ViewUpdate: completed update","ViewUpdate: completed update"
2026-09-20 17:10:09.083,"Privado — todo en tu Mac","com.apple.intelligenceplatform","Sin conexiones activas",false,5858,"Procesando solicitud…","ViewUpdate: 99:ITDDatestampSessionIDIndexView: View was updated"
2026-09-20 17:10:09.075,"Privado — todo en tu Mac","com.apple.intelligenceplatform","Sin conexiones activas",false,5858,"Procesando solicitud…","ViewUpdate: <private>: <private>: Finished update"
2026-09-20 17:10:09.075,"Privado — todo en tu Mac","com.apple.intelligenceplatform","Sin conexiones activas",false,5858,"Procesando solicitud…","ViewUpdate: <private>: Finished update"
2026-09-20 17:10:09.069,"Privado — todo en tu Mac","com.apple.intelligenceplatform","Sin conexiones activas",false,5858,"Using target provided in IntelligencePlatform for view: (<private>)","Using target provided in IntelligencePlatform for view: (<private>)"
2026-09-20 17:10:09.068,"Privado — todo en tu Mac","com.apple.intelligenceplatform","Sin conexiones activas",false,5857,"Procesando solicitud…","ViewUpdate: <private>: Update is required"
2026-09-20 17:10:08.996,"Privado — todo en tu Mac","com.apple.intelligenceplatform","Sin conexiones activas",false,5857,"Procesando solicitud…","ViewUpdate: 99:ITDDatestampSessionIDIndexView: Beginning view update attempt"
2026-09-20 17:10:08.989,"Privado — todo en tu Mac","com.apple.siri","Sin conexiones activas",false,5857,"Procesando solicitud…","-[SRUIFInstrumentationManager boostQueuedMessagesAndPerformOnQueueCompletion:timeout:]_block_invoke #instrumentation Instrumentation message flush timeout - <private>"
2026-09-20 17:10:08.988,"Privado — todo en tu Mac","com.apple.intelligenceplatform","Sin conexiones activas",false,5857,"Procesando solicitud…","ViewUpdate: 32:ITDDatestampEventIDIndexView: Ending view update attempt"
2026-09-20 17:10:08.988,"Privado — todo en tu Mac","com.apple.intelligenceplatform","Sin conexiones activas",false,5856,"ViewUpdate: completed update","ViewUpdate: completed update"
2026-09-20 17:10:08.988,"Privado — todo en tu Mac","com.apple.intelligenceplatform","Sin conexiones activas",false,5856,"Procesando solicitud…","ViewUpdate: 32:ITDDatestampEventIDIndexView: View was updated"
2026-09-20 17:10:08.985,"Privado — todo en tu Mac","com.apple.intelligenceplatform","Sin conexiones activas",false,5856,"Procesando solicitud…","ViewUpdate: <private>: <private>: Finished update"
2026-09-20 17:10:08.985,"Privado — todo en tu Mac","com.apple.intelligenceplatform","Sin conexiones activas",false,5856,"Procesando solicitud…","ViewUpdate: <private>: Finished update"
2026-09-20 17:10:08.969,"Privado — todo en tu Mac","com.apple.intelligenceplatform","Sin conexiones activas",false,5856,"Using target provided in IntelligencePlatform for view: (<private>)","Using target provided in IntelligencePlatform for view: (<private>)"
2026-09-20 17:10:08.968,"Privado — todo en tu Mac","com.apple.intelligenceplatform","Sin conexiones activas",false,5856,"Procesando solicitud…","ViewUpdate: <private>: Update is required"
2026-09-20 17:10:08.937,"Privado — todo en tu Mac","com.apple.intelligenceplatform","Sin conexiones activas",false,5856,"Procesando solicitud…","ViewUpdate: 32:ITDDatestampEventIDIndexView: Beginning view update attempt"
2026-09-20 17:10:08.935,"Privado — todo en tu Mac","com.apple.intelligenceplatform","Sin conexiones activas",false,5856,"Procesando solicitud…","ViewUpdate: 99:ITDDatestampSessionIDIndexView: Ending view update attempt"
2026-09-20 17:10:08.935,"Privado — todo en tu Mac","com.apple.intelligenceplatform","Sin conexiones activas",false,5856,"ViewUpdate: completed update","ViewUpdate: completed update"
2026-09-20 17:10:08.935,"Privado — todo en tu Mac","com.apple.intelligenceplatform","Sin conexiones activas",false,5856,"Procesando solicitud…","ViewUpdate: 99:ITDDatestampSessionIDIndexView: View was updated"
2026-09-20 17:10:08.935,"Privado — todo en tu Mac","com.apple.intelligenceplatform","Sin conexiones activas",false,5855,"IntelligenceFlow.Transcript.Datastream","ViewUpdate: 99:ITDDatestampSessionIDIndexView: re-adding to schedule live as source timestamp has changed since the update for SourceState(sourceId: 44, sourceType: IntelligencePlatformCore.ViewUpdate.SourceType.biome, sourceIdentifier: ""IntelligenceFlow.Transcript.Datastream"", updateType: IntelligencePlatformCore.ViewUpdate.UpdateType.normal, modifiedTimestamp: 811609808.810198, available: true, lastQueriedSourceData: nil)"
2026-09-20 17:10:08.915,"Privado — todo en tu Mac","com.apple.siri","Sin conexiones activas",false,5855,"Procesando solicitud…","-[ADDaemon _locationServiceListenerShouldAcceptNewConnection:] <private> Location Service Connection Connected (pid=59938])"
2026-09-20 17:10:08.866,"Privado — todo en tu Mac","com.apple.intelligenceplatform","Sin conexiones activas",false,5854,"Procesando solicitud…","ViewUpdate: <private>: <private>: Finished update"
2026-09-20 17:10:08.866,"Privado — todo en tu Mac","com.apple.intelligenceplatform","Sin conexiones activas",false,5854,"Procesando solicitud…","ViewUpdate: <private>: Finished update"
2026-09-20 17:10:08.830,"Privado — todo en tu Mac","com.apple.intelligenceplatform","Sin conexiones activas",false,5853,"GDXPCEntityResolutionService: warmup called.","GDXPCEntityResolutionService: warmup called."
2026-09-20 17:10:07.198,"Privado — todo en tu Mac","com.apple.intelligenceplatform","Sin conexiones activas",false,3529,"ViewUpdate: Finished update job for live","ViewUpdate: Finished update job for live"
2026-09-20 17:10:07.198,"Privado — todo en tu Mac","com.apple.intelligenceplatform","Sin conexiones activas",false,3529,"ViewUpdate: Initially have 0 views that may need updating","ViewUpdate: Initially have 0 views that may need updating"
2026-09-20 17:10:07.198,"Privado — todo en tu Mac","com.apple.intelligenceplatform","Sin conexiones activas",false,3529,"ViewUpdate: Starting schedule run <private>","ViewUpdate: Starting schedule run <private>"
2026-09-20 17:10:07.198,"Privado — todo en tu Mac","com.apple.intelligenceplatform","Sin conexiones activas",false,3529,"Procesando solicitud…","ViewUpdate: Beginning update job for live [runMode: update, checkSLA: true]"
2026-09-20 17:10:07.197,"Privado — todo en tu Mac","com.apple.intelligenceplatform","Sin conexiones activas",false,3529,"ViewUpdate: Finished update job for live","ViewUpdate: Finished update job for live"
2026-09-20 17:10:07.197,"Privado — todo en tu Mac","com.apple.intelligenceplatform","Sin conexiones activas",false,3529,"Procesando solicitud…","ViewUpdate: 100:ITDDatestampClientSessionIDClientRequestIDIndexView: Ending view update attempt"
2026-09-20 17:10:07.197,"Privado — todo en tu Mac","com.apple.intelligenceplatform","Sin conexiones activas",false,3529,"ViewUpdate: completed update","ViewUpdate: completed update"
2026-09-20 17:10:07.197,"Privado — todo en tu Mac","com.apple.intelligenceplatform","Sin conexiones activas",false,3529,"Procesando solicitud…","ViewUpdate: 100:ITDDatestampClientSessionIDClientRequestIDIndexView: View was updated"
2026-09-20 17:10:07.193,"Privado — todo en tu Mac","com.apple.intelligenceplatform","Sin conexiones activas",false,3529,"Procesando solicitud…","ViewUpdate: <private>: <private>: Finished update"
2026-09-20 17:10:07.193,"Privado — todo en tu Mac","com.apple.intelligenceplatform","Sin conexiones activas",false,3528,"Procesando solicitud…","ViewUpdate: <private>: Finished update"
2026-09-20 17:10:07.184,"Privado — todo en tu Mac","com.apple.intelligenceplatform","Sin conexiones activas",false,3528,"Using target provided in IntelligencePlatform for view: (<private>)","Using target provided in IntelligencePlatform for view: (<private>)"
2026-09-20 17:10:07.177,"Privado — todo en tu Mac","com.apple.intelligenceplatform","Sin conexiones activas",false,3528,"Procesando solicitud…","ViewUpdate: <private>: Update is required"
2026-09-20 17:10:07.170,"Privado — todo en tu Mac","com.apple.intelligenceplatform","Sin conexiones activas",false,3528,"Procesando solicitud…","ViewUpdate: 100:ITDDatestampClientSessionIDClientRequestIDIndexView: Beginning view update attempt"
2026-09-20 17:10:07.170,"Privado — todo en tu Mac","com.apple.intelligenceplatform","Sin conexiones activas",false,3528,"Procesando solicitud…","ViewUpdate: 32:ITDDatestampEventIDIndexView: Ending view update attempt"
2026-09-20 17:10:07.170,"Privado — todo en tu Mac","com.apple.intelligenceplatform","Sin conexiones activas",false,3528,"ViewUpdate: completed update","ViewUpdate: completed update"
2026-09-20 17:10:07.170,"Privado — todo en tu Mac","com.apple.intelligenceplatform","Sin conexiones activas",false,3528,"Procesando solicitud…","ViewUpdate: 32:ITDDatestampEventIDIndexView: View was updated"
2026-09-20 17:10:07.169,"Privado — todo en tu Mac","com.apple.intelligenceplatform","Sin conexiones activas",false,3528,"Procesando solicitud…","ViewUpdate: <private>: <private>: Finished update"
2026-09-20 17:10:07.169,"Privado — todo en tu Mac","com.apple.intelligenceplatform","Sin conexiones activas",false,3528,"Procesando solicitud…","ViewUpdate: <private>: Finished update"
2026-09-20 17:10:07.164,"Privado — todo en tu Mac","com.apple.intelligenceplatform","Sin conexiones activas",false,3528,"Using target provided in IntelligencePlatform for view: (<private>)","Using target provided in IntelligencePlatform for view: (<private>)"
2026-09-20 17:10:07.163,"Privado — todo en tu Mac","com.apple.intelligenceplatform","Sin conexiones activas",false,3528,"Procesando solicitud…","ViewUpdate: <private>: Update is required"
2026-09-20 17:10:07.153,"Privado — todo en tu Mac","com.apple.intelligenceplatform","Sin conexiones activas",false,3528,"Procesando solicitud…","ViewUpdate: 32:ITDDatestampEventIDIndexView: Beginning view update attempt"
2026-09-20 17:10:07.151,"Privado — todo en tu Mac","com.apple.intelligenceplatform","Sin conexiones activas",false,3528,"Procesando solicitud…","ViewUpdate: 99:ITDDatestampSessionIDIndexView: Ending view update attempt"
2026-09-20 17:10:07.151,"Privado — todo en tu Mac","com.apple.intelligenceplatform","Sin conexiones activas",false,3524,"ViewUpdate: completed update","ViewUpdate: completed update"
2026-09-20 17:10:07.151,"Privado — todo en tu Mac","com.apple.intelligenceplatform","Sin conexiones activas",false,3524,"Procesando solicitud…","ViewUpdate: 99:ITDDatestampSessionIDIndexView: View was updated"
2026-09-20 17:10:07.150,"Privado — todo en tu Mac","com.apple.siri","Sin conexiones activas",false,3524,"<private> Preheated for language en-US, source (nil), regionId <private>","<private> Preheated for language en-US, source (nil), regionId <private>"
2026-09-20 17:10:07.148,"Privado — todo en tu Mac","com.apple.intelligenceplatform","Sin conexiones activas",false,3524,"Procesando solicitud…","ViewUpdate: <private>: <private>: Finished update"
2026-09-20 17:10:07.148,"Privado — todo en tu Mac","com.apple.intelligenceplatform","Sin conexiones activas",false,3524,"Procesando solicitud…","ViewUpdate: <private>: Finished update"
2026-09-20 17:10:07.131,"Privado — todo en tu Mac","com.apple.intelligenceplatform","Sin conexiones activas",false,3524,"Using target provided in IntelligencePlatform for view: (<private>)","Using target provided in IntelligencePlatform for view: (<private>)"
2026-09-20 17:10:07.130,"Privado — todo en tu Mac","com.apple.intelligenceplatform","Sin conexiones activas",false,3524,"Procesando solicitud…","ViewUpdate: <private>: Update is required"
2026-09-20 17:10:07.096,"Privado — todo en tu Mac","com.apple.intelligenceplatform","Sin conexiones activas",false,3522,"Procesando solicitud…","ViewUpdate: 99:ITDDatestampSessionIDIndexView: Beginning view update attempt"
2026-09-20 17:10:07.084,"Privado — todo en tu Mac","com.apple.siri","Sin conexiones activas",false,3522,"Using standard Transcriber for preheating","Using standard Transcriber for preheating"
2026-09-20 17:10:07.084,"Privado — todo en tu Mac","com.apple.siri","Sin conexiones activas",false,3522,"Procesando solicitud…","shouldUseFoundationModelTranscriber(locale:taskHint:): Unsupported taskHint: assistant"
2026-09-20 17:10:07.061,"Privado — todo en tu Mac","com.apple.intelligenceplatform","Sin conexiones activas",false,3521,"SourceUpdater: <private> triggered 32 to run on the live schedule","SourceUpdater: <private> triggered 32 to run on the live schedule"
2026-09-20 17:10:07.061,"Privado — todo en tu Mac","com.apple.siri","Sin conexiones activas",false,3521,"<private> Starting preheat","<private> Starting preheat"
2026-09-20 17:10:07.060,"Privado — todo en tu Mac","com.apple.siri","Sin conexiones activas",false,3521,"Procesando solicitud…","<private> preheatSpeechRecognition(with:preheatSource:modelOverrideURL:):254 queue task complete"
2026-09-20 17:10:07.059,"Privado — todo en tu Mac","com.apple.siri","Sin conexiones activas",false,3521,"<private> Preheat request for unspecified source","<private> Preheat request for unspecified source"
2026-09-20 17:10:07.059,"Privado — todo en tu Mac","com.apple.siri","Sin conexiones activas",false,3521,"Procesando solicitud…","<private> preheatSpeechRecognition(with:preheatSource:modelOverrideURL:):253 queue task dequeued"
2026-09-20 17:10:07.059,"Privado — todo en tu Mac","com.apple.siri","Sin conexiones activas",false,3521,"Procesando solicitud…","<private> preheatSpeechRecognition(with:preheatSource:modelOverrideURL:):251 queue task enqueued"
2026-09-20 17:10:07.051,"Privado — todo en tu Mac","com.apple.intelligenceplatform","Sin conexiones activas",false,3519,"Procesando solicitud…","ViewUpdate: 32:ITDDatestampEventIDIndexView: Ending view update attempt"
2026-09-20 17:10:07.051,"Privado — todo en tu Mac","com.apple.intelligenceplatform","Sin conexiones activas",false,3519,"ViewUpdate: completed update","ViewUpdate: completed update"
2026-09-20 17:10:07.051,"Privado — todo en tu Mac","com.apple.intelligenceplatform","Sin conexiones activas",false,3519,"Procesando solicitud…","ViewUpdate: 32:ITDDatestampEventIDIndexView: View was updated"
2026-09-20 17:10:07.050,"Privado — todo en tu Mac","com.apple.intelligenceplatform","Sin conexiones activas",false,3519,"Procesando solicitud…","ViewUpdate: <private>: <private>: Finished update"
2026-09-20 17:10:07.050,"Privado — todo en tu Mac","com.apple.intelligenceplatform","Sin conexiones activas",false,3519,"Procesando solicitud…","ViewUpdate: <private>: Finished update"
2026-09-20 17:10:07.045,"Privado — todo en tu Mac","com.apple.intelligenceplatform","Sin conexiones activas",false,3519,"Using target provided in IntelligencePlatform for view: (<private>)","Using target provided in IntelligencePlatform for view: (<private>)"
2026-09-20 17:10:07.044,"Privado — todo en tu Mac","com.apple.intelligenceplatform","Sin conexiones activas",false,3519,"Procesando solicitud…","ViewUpdate: <private>: Update is required"
2026-09-20 17:10:07.040,"Privado — todo en tu Mac","com.apple.intelligenceplatform","Sin conexiones activas",false,3519,"Procesando solicitud…","ViewUpdate: 32:ITDDatestampEventIDIndexView: Beginning view update attempt"
2026-09-20 17:10:07.039,"Privado — todo en tu Mac","com.apple.intelligenceplatform","Sin conexiones activas",false,3519,"Procesando solicitud…","ViewUpdate: 32:ITDDatestampEventIDIndexView: Ending view update attempt"
2026-09-20 17:10:07.039,"Privado — todo en tu Mac","com.apple.intelligenceplatform","Sin conexiones activas",false,3518,"ViewUpdate: completed update","ViewUpdate: completed update"
2026-09-20 17:10:07.039,"Privado — todo en tu Mac","com.apple.intelligenceplatform","Sin conexiones activas",false,3518,"Procesando solicitud…","ViewUpdate: 32:ITDDatestampEventIDIndexView: View was updated"
2026-09-20 17:10:07.039,"Privado — todo en tu Mac","com.apple.intelligenceplatform","Sin conexiones activas",false,3518,"IntelligenceFlow.Transcript.Datastream","ViewUpdate: 32:ITDDatestampEventIDIndexView: re-adding to schedule live as source timestamp has changed since the update for SourceState(sourceId: 44, sourceType: IntelligencePlatformCore.ViewUpdate.SourceType.biome, sourceIdentifier: ""IntelligenceFlow.Transcript.Datastream"", updateType: IntelligencePlatformCore.ViewUpdate.UpdateType.normal, modifiedTimestamp: 811609807.034299, available: true, lastQueriedSourceData: nil)"
2026-09-20 17:10:07.038,"Privado — todo en tu Mac","com.apple.intelligenceplatform","Sin conexiones activas",false,3518,"SourceUpdater: <private> triggered 32 to run on the live schedule","SourceUpdater: <private> triggered 32 to run on the live schedule"
2026-09-20 17:10:07.037,"Privado — todo en tu Mac","com.apple.intelligenceplatform","Sin conexiones activas",false,3518,"Procesando solicitud…","ViewUpdate: <private>: <private>: Finished update"
