Timestamp,EstadoClasificado,Subsistema,DestinoRed,NeuralEngineActivo,TiempoRespuestaMs,Consulta,MensajeSistemaCrudo
2026-09-20 20:33:08.358,"Nube de Apple y Búsqueda Web","com.apple.pegasuskit","Sin conexiones activas",false,57170,"Running Availability CTS Task - com.apple.GenerativeFunctions.PeriodicTasks.Repo","[<private>] gRPC client for <private> has completed."
2026-09-20 20:33:02.718,"Nube de Apple y Búsqueda Web","com.apple.parsecd","Sin conexiones activas",false,52645,"Running Availability CTS Task - com.apple.GenerativeFunctions.PeriodicTasks.Repo","timing out idle xpc transaction: <private> from 31499"
2026-09-20 20:32:52.443,"Privado — todo en tu Mac","com.apple.generativeexperiencesruntime","Sin conexiones activas",false,41293,"Running Availability CTS Task - com.apple.GenerativeFunctions.PeriodicTasks.Repo","[End] AvailabilityReporter.reportCurrentAvailabilityState()"
2026-09-20 20:32:52.437,"Privado — todo en tu Mac","com.apple.generativeexperiencesruntime","Sin conexiones activas",false,41293,"Running Availability CTS Task - com.apple.GenerativeFunctions.PeriodicTasks.Repo","[Start] AvailabilityReporter.reportCurrentAvailabilityState()"
2026-09-20 20:32:52.437,"Privado — todo en tu Mac","com.apple.generativeexperiencesruntime","Sin conexiones activas",false,41293,"Running Availability CTS Task - com.apple.GenerativeFunctions.PeriodicTasks.Repo","Running Availability CTS Task - com.apple.GenerativeFunctions.PeriodicTasks.ReportAvailabilityTask.Daily"
2026-09-20 20:32:52.436,"Privado — todo en tu Mac","com.apple.generativeexperiencesruntime","Sin conexiones activas",false,41292,"PeriodicTask: Running task for com.apple.GenerativeFunctions.PeriodicTasks.Repor","PeriodicTask: Running task for com.apple.GenerativeFunctions.PeriodicTasks.ReportAvailabilityTask.Daily with priority TaskPriority.background"
2026-09-20 20:32:38.297,"Privado — todo en tu Mac","com.apple.siri","Sin conexiones activas",false,27454,"Inferring originatingProcess to be identical to onBehalfOfProcess","-[CampoUISiriChatPresentationController _scheduleAudioResumptionAfterDelayInSec:]_block_invoke Resuming interrupted audio"
2026-09-20 20:32:38.297,"Privado — todo en tu Mac","com.apple.siri","Sin conexiones activas",false,27454,"Inferring originatingProcess to be identical to onBehalfOfProcess","-[CampoUISiriChatPresentationController _isSiriIdleAndQuiet] #idle YES - inIdleState:1 requestActive:0 speaking:0 audioPlaying:0 waitingForStartRequest:0 delayingSessionEndForInPlacePunchout:0"
2026-09-20 20:32:37.475,"Privado — todo en tu Mac","com.apple.siri","Sin conexiones activas",false,27450,"Inferring originatingProcess to be identical to onBehalfOfProcess","-[SRUIFSpeechSynthesizer stopStream:] #tts [stopStream] No stream found in task queue for streamId: <private>, dispatching completion"
2026-09-20 20:32:37.475,"Privado — todo en tu Mac","com.apple.siri","Sin conexiones activas",false,27450,"Inferring originatingProcess to be identical to onBehalfOfProcess","-[SRUIFSpeechSynthesizer stopStream:] #tts [stopStream] No active stream found for streamId: <private>"
2026-09-20 20:32:37.409,"Privado — todo en tu Mac","com.apple.siri","Sin conexiones activas",false,27449,"Inferring originatingProcess to be identical to onBehalfOfProcess","-[CampoUISiriChatPresentationController siriSessionDidReceiveAddViewsCommand:completion:] Received an empty SAUIAssistantUtteranceView with no dialog from a SAUIAddViews with aceID:<private> refID:<private>. Marking command as SACommandSucceeded"
2026-09-20 20:32:37.409,"Privado — todo en tu Mac","com.apple.siri","Sin conexiones activas",false,27449,"Inferring originatingProcess to be identical to onBehalfOfProcess","-[CampoUISiriChatPresentationController siriSessionDidReceiveAddViewsCommand:completion:] #modes SAUIAddViews view class: SAUIAssistantUtteranceView"
2026-09-20 20:32:37.409,"Privado — todo en tu Mac","com.apple.siri","Sin conexiones activas",false,27449,"Inferring originatingProcess to be identical to onBehalfOfProcess","-[CampoUISiriChatPresentationController siriSessionDidReceiveAddViewsCommand:completion:] #Replay isReplaying: 0, wrapper: 0x0"
2026-09-20 20:32:37.409,"Privado — todo en tu Mac","com.apple.siri","Sin conexiones activas",false,27449,"Inferring originatingProcess to be identical to onBehalfOfProcess","-[CampoUISiriChatPresentationController siriSessionDidReceiveAddViewsCommand:completion:] #Replay receivedReplayCommand SAUIAddViews: <private>"
2026-09-20 20:32:37.408,"Privado — todo en tu Mac","com.apple.siri","Sin conexiones activas",false,27449,"Inferring originatingProcess to be identical to onBehalfOfProcess","-[CampoUISiriChatPresentationController siriSessionDidReceiveUpdateVisualResponseSnippetCommand:completion:] command with viewId: <private> handled by presentation: YES"
2026-09-20 20:32:37.393,"Privado — todo en tu Mac","com.apple.siri","Sin conexiones activas",false,27449,"Inferring originatingProcess to be identical to onBehalfOfProcess","-[SRUIFInstrumentationManager _willInstrument:forTurn:] #noisy #instrumentation <private> in turn <private>:  <private>"
2026-09-20 20:32:37.393,"Privado — todo en tu Mac","com.apple.siri","Sin conexiones activas",false,27449,"Inferring originatingProcess to be identical to onBehalfOfProcess","-[CampoUISiriChatPresentationController siriSessionDidReceiveAddViewsCommand:completion:] Received an empty SAUIAssistantUtteranceView with no dialog from a SAUIAddViews with aceID:<private> refID:<private>. Marking command as SACommandSucceeded"
2026-09-20 20:32:37.393,"Privado — todo en tu Mac","com.apple.siri","Sin conexiones activas",false,27449,"Inferring originatingProcess to be identical to onBehalfOfProcess","-[CampoUISiriChatPresentationController siriSessionDidReceiveAddViewsCommand:completion:] #modes SAUIAddViews view class: SAUIAssistantUtteranceView"
2026-09-20 20:32:37.393,"Privado — todo en tu Mac","com.apple.siri","Sin conexiones activas",false,27449,"Inferring originatingProcess to be identical to onBehalfOfProcess","-[CampoUISiriChatPresentationController siriSessionDidReceiveAddViewsCommand:completion:] #Replay isReplaying: 0, wrapper: 0x0"
2026-09-20 20:32:37.393,"Privado — todo en tu Mac","com.apple.siri","Sin conexiones activas",false,27449,"Inferring originatingProcess to be identical to onBehalfOfProcess","-[CampoUISiriChatPresentationController siriSessionDidReceiveAddViewsCommand:completion:] #Replay receivedReplayCommand SAUIAddViews: <private>"
2026-09-20 20:32:37.393,"Privado — todo en tu Mac","com.apple.siri","Sin conexiones activas",false,27449,"Inferring originatingProcess to be identical to onBehalfOfProcess","-[CampoUISiriChatPresentationController siriSessionDidReceiveUpdateVisualResponseSnippetCommand:completion:] command with viewId: <private> handled by presentation: YES"
2026-09-20 20:32:37.393,"Privado — todo en tu Mac","com.apple.siri","Sin conexiones activas",false,27449,"Inferring originatingProcess to be identical to onBehalfOfProcess","-[CampoUISiriChatPresentationController siriSessionDidReceiveAddViewsCommand:completion:] Received an empty SAUIAssistantUtteranceView with no dialog from a SAUIAddViews with aceID:<private> refID:<private>. Marking command as SACommandSucceeded"
2026-09-20 20:32:37.393,"Privado — todo en tu Mac","com.apple.siri","Sin conexiones activas",false,27449,"Inferring originatingProcess to be identical to onBehalfOfProcess","-[CampoUISiriChatPresentationController siriSessionDidReceiveAddViewsCommand:completion:] #modes SAUIAddViews view class: SAUIAssistantUtteranceView"
2026-09-20 20:32:37.393,"Privado — todo en tu Mac","com.apple.siri","Sin conexiones activas",false,27449,"Inferring originatingProcess to be identical to onBehalfOfProcess","-[CampoUISiriChatPresentationController siriSessionDidReceiveAddViewsCommand:completion:] #Replay isReplaying: 0, wrapper: 0x0"
2026-09-20 20:32:37.393,"Privado — todo en tu Mac","com.apple.siri","Sin conexiones activas",false,27449,"Inferring originatingProcess to be identical to onBehalfOfProcess","-[CampoUISiriChatPresentationController siriSessionDidReceiveAddViewsCommand:completion:] #Replay receivedReplayCommand SAUIAddViews: <private>"
2026-09-20 20:32:37.393,"Privado — todo en tu Mac","com.apple.siri","Sin conexiones activas",false,27449,"Inferring originatingProcess to be identical to onBehalfOfProcess","-[CampoUISiriChatPresentationController siriSessionDidReceiveUpdateVisualResponseSnippetCommand:completion:] command with viewId: <private> handled by presentation: YES"
2026-09-20 20:32:37.393,"Privado — todo en tu Mac","com.apple.siri","Sin conexiones activas",false,27449,"Inferring originatingProcess to be identical to onBehalfOfProcess","-[CampoUISiriChatPresentationController siriSessionDidReceiveAddViewsCommand:completion:] Received an empty SAUIAssistantUtteranceView with no dialog from a SAUIAddViews with aceID:<private> refID:<private>. Marking command as SACommandSucceeded"
2026-09-20 20:32:37.393,"Privado — todo en tu Mac","com.apple.siri","Sin conexiones activas",false,27449,"Inferring originatingProcess to be identical to onBehalfOfProcess","-[CampoUISiriChatPresentationController siriSessionDidReceiveAddViewsCommand:completion:] #modes SAUIAddViews view class: SAUIAssistantUtteranceView"
2026-09-20 20:32:37.393,"Privado — todo en tu Mac","com.apple.siri","Sin conexiones activas",false,27449,"Inferring originatingProcess to be identical to onBehalfOfProcess","-[CampoUISiriChatPresentationController siriSessionDidReceiveAddViewsCommand:completion:] #Replay isReplaying: 0, wrapper: 0x0"
2026-09-20 20:32:37.393,"Privado — todo en tu Mac","com.apple.siri","Sin conexiones activas",false,27449,"Inferring originatingProcess to be identical to onBehalfOfProcess","-[CampoUISiriChatPresentationController siriSessionDidReceiveAddViewsCommand:completion:] #Replay receivedReplayCommand SAUIAddViews: <private>"
2026-09-20 20:32:37.393,"Privado — todo en tu Mac","com.apple.siri","Sin conexiones activas",false,27449,"Inferring originatingProcess to be identical to onBehalfOfProcess","-[CampoUISiriChatPresentationController siriSessionDidReceiveUpdateVisualResponseSnippetCommand:completion:] command with viewId: <private> handled by presentation: YES"
2026-09-20 20:32:37.393,"Privado — todo en tu Mac","com.apple.siri","Sin conexiones activas",false,27449,"Inferring originatingProcess to be identical to onBehalfOfProcess","-[CampoUISiriChatPresentationController siriSessionDidReceiveAddViewsCommand:completion:] Received an empty SAUIAssistantUtteranceView with no dialog from a SAUIAddViews with aceID:<private> refID:<private>. Marking command as SACommandSucceeded"
2026-09-20 20:32:37.393,"Privado — todo en tu Mac","com.apple.siri","Sin conexiones activas",false,27449,"Inferring originatingProcess to be identical to onBehalfOfProcess","-[CampoUISiriChatPresentationController siriSessionDidReceiveAddViewsCommand:completion:] #modes SAUIAddViews view class: SAUIAssistantUtteranceView"
2026-09-20 20:32:37.393,"Privado — todo en tu Mac","com.apple.siri","Sin conexiones activas",false,27449,"Inferring originatingProcess to be identical to onBehalfOfProcess","-[CampoUISiriChatPresentationController siriSessionDidReceiveAddViewsCommand:completion:] #Replay isReplaying: 0, wrapper: 0x0"
2026-09-20 20:32:37.393,"Privado — todo en tu Mac","com.apple.siri","Sin conexiones activas",false,27448,"Inferring originatingProcess to be identical to onBehalfOfProcess","-[CampoUISiriChatPresentationController siriSessionDidReceiveAddViewsCommand:completion:] #Replay receivedReplayCommand SAUIAddViews: <private>"
2026-09-20 20:32:37.393,"Privado — todo en tu Mac","com.apple.siri","Sin conexiones activas",false,27448,"Inferring originatingProcess to be identical to onBehalfOfProcess","-[CampoUISiriChatPresentationController siriSessionDidReceiveUpdateVisualResponseSnippetCommand:completion:] command with viewId: <private> handled by presentation: YES"
2026-09-20 20:32:37.392,"Privado — todo en tu Mac","com.apple.siri","Sin conexiones activas",false,27448,"Inferring originatingProcess to be identical to onBehalfOfProcess","-[CampoUISiriChatPresentationController siriSessionDidReceiveAddViewsCommand:completion:] Received an empty SAUIAssistantUtteranceView with no dialog from a SAUIAddViews with aceID:<private> refID:<private>. Marking command as SACommandSucceeded"
2026-09-20 20:32:37.392,"Privado — todo en tu Mac","com.apple.siri","Sin conexiones activas",false,27448,"Inferring originatingProcess to be identical to onBehalfOfProcess","-[CampoUISiriChatPresentationController siriSessionDidReceiveAddViewsCommand:completion:] #modes SAUIAddViews view class: SAUIAssistantUtteranceView"
2026-09-20 20:32:37.392,"Privado — todo en tu Mac","com.apple.siri","Sin conexiones activas",false,27448,"Inferring originatingProcess to be identical to onBehalfOfProcess","-[CampoUISiriChatPresentationController siriSessionDidReceiveAddViewsCommand:completion:] #Replay isReplaying: 0, wrapper: 0x0"
2026-09-20 20:32:37.392,"Privado — todo en tu Mac","com.apple.siri","Sin conexiones activas",false,27448,"Inferring originatingProcess to be identical to onBehalfOfProcess","-[CampoUISiriChatPresentationController siriSessionDidReceiveAddViewsCommand:completion:] #Replay receivedReplayCommand SAUIAddViews: <private>"
2026-09-20 20:32:37.392,"Privado — todo en tu Mac","com.apple.siri","Sin conexiones activas",false,27448,"Inferring originatingProcess to be identical to onBehalfOfProcess","-[CampoUISiriChatPresentationController siriSessionDidReceiveUpdateVisualResponseSnippetCommand:completion:] command with viewId: <private> handled by presentation: YES"
2026-09-20 20:32:37.392,"Privado — todo en tu Mac","com.apple.siri","Sin conexiones activas",false,27448,"Inferring originatingProcess to be identical to onBehalfOfProcess","-[CampoUISiriChatPresentationController siriSessionDidReceiveAddViewsCommand:completion:] Received an empty SAUIAssistantUtteranceView with no dialog from a SAUIAddViews with aceID:<private> refID:<private>. Marking command as SACommandSucceeded"
2026-09-20 20:32:37.392,"Privado — todo en tu Mac","com.apple.siri","Sin conexiones activas",false,27445,"Inferring originatingProcess to be identical to onBehalfOfProcess","-[CampoUISiriChatPresentationController siriSessionDidReceiveAddViewsCommand:completion:] #modes SAUIAddViews view class: SAUIAssistantUtteranceView"
2026-09-20 20:32:37.392,"Privado — todo en tu Mac","com.apple.siri","Sin conexiones activas",false,27445,"Inferring originatingProcess to be identical to onBehalfOfProcess","-[CampoUISiriChatPresentationController siriSessionDidReceiveAddViewsCommand:completion:] #Replay isReplaying: 0, wrapper: 0x0"
2026-09-20 20:32:37.392,"Privado — todo en tu Mac","com.apple.siri","Sin conexiones activas",false,27444,"Inferring originatingProcess to be identical to onBehalfOfProcess","-[CampoUISiriChatPresentationController siriSessionDidReceiveAddViewsCommand:completion:] #Replay receivedReplayCommand SAUIAddViews: <private>"
2026-09-20 20:32:37.392,"Privado — todo en tu Mac","com.apple.siri","Sin conexiones activas",false,27444,"Inferring originatingProcess to be identical to onBehalfOfProcess","-[CampoUISiriChatPresentationController siriSessionDidReceiveUpdateVisualResponseSnippetCommand:completion:] command with viewId: <private> handled by presentation: YES"
2026-09-20 20:32:37.392,"Privado — todo en tu Mac","com.apple.siri","Sin conexiones activas",false,27444,"Inferring originatingProcess to be identical to onBehalfOfProcess","-[CampoUISiriChatPresentationController siriSessionDidReceiveAddViewsCommand:completion:] Received an empty SAUIAssistantUtteranceView with no dialog from a SAUIAddViews with aceID:<private> refID:<private>. Marking command as SACommandSucceeded"
2026-09-20 20:32:37.392,"Privado — todo en tu Mac","com.apple.siri","Sin conexiones activas",false,27444,"Inferring originatingProcess to be identical to onBehalfOfProcess","-[CampoUISiriChatPresentationController siriSessionDidReceiveAddViewsCommand:completion:] #modes SAUIAddViews view class: SAUIAssistantUtteranceView"
2026-09-20 20:32:37.392,"Privado — todo en tu Mac","com.apple.siri","Sin conexiones activas",false,27444,"Inferring originatingProcess to be identical to onBehalfOfProcess","-[CampoUISiriChatPresentationController siriSessionDidReceiveAddViewsCommand:completion:] #Replay isReplaying: 0, wrapper: 0x0"
2026-09-20 20:32:37.392,"Privado — todo en tu Mac","com.apple.siri","Sin conexiones activas",false,27444,"Inferring originatingProcess to be identical to onBehalfOfProcess","-[CampoUISiriChatPresentationController siriSessionDidReceiveAddViewsCommand:completion:] #Replay receivedReplayCommand SAUIAddViews: <private>"
2026-09-20 20:32:37.392,"Privado — todo en tu Mac","com.apple.siri","Sin conexiones activas",false,27444,"Inferring originatingProcess to be identical to onBehalfOfProcess","-[CampoUISiriChatPresentationController siriSessionDidReceiveUpdateVisualResponseSnippetCommand:completion:] command with viewId: <private> handled by presentation: YES"
2026-09-20 20:32:37.392,"Privado — todo en tu Mac","com.apple.siri","Sin conexiones activas",false,27444,"Inferring originatingProcess to be identical to onBehalfOfProcess","-[CampoUISiriChatPresentationController siriSessionDidReceiveAddViewsCommand:completion:] Received an empty SAUIAssistantUtteranceView with no dialog from a SAUIAddViews with aceID:<private> refID:<private>. Marking command as SACommandSucceeded"
2026-09-20 20:32:37.392,"Privado — todo en tu Mac","com.apple.siri","Sin conexiones activas",false,27444,"Inferring originatingProcess to be identical to onBehalfOfProcess","-[CampoUISiriChatPresentationController siriSessionDidReceiveAddViewsCommand:completion:] #modes SAUIAddViews view class: SAUIAssistantUtteranceView"
2026-09-20 20:32:37.392,"Privado — todo en tu Mac","com.apple.siri","Sin conexiones activas",false,27443,"Inferring originatingProcess to be identical to onBehalfOfProcess","-[CampoUISiriChatPresentationController siriSessionDidReceiveAddViewsCommand:completion:] #Replay receivedReplayCommand SAUIAddViews: <private>"
2026-09-20 20:32:37.392,"Privado — todo en tu Mac","com.apple.siri","Sin conexiones activas",false,27443,"Inferring originatingProcess to be identical to onBehalfOfProcess","-[CampoUISiriChatPresentationController siriSessionDidReceiveUpdateVisualResponseSnippetCommand:completion:] command with viewId: <private> handled by presentation: YES"
2026-09-20 20:32:37.392,"Privado — todo en tu Mac","com.apple.siri","Sin conexiones activas",false,27443,"Inferring originatingProcess to be identical to onBehalfOfProcess","-[CampoUISiriChatPresentationController siriSessionDidReceiveAddViewsCommand:completion:] Received an empty SAUIAssistantUtteranceView with no dialog from a SAUIAddViews with aceID:<private> refID:<private>. Marking command as SACommandSucceeded"
2026-09-20 20:32:37.392,"Privado — todo en tu Mac","com.apple.siri","Sin conexiones activas",false,27443,"Inferring originatingProcess to be identical to onBehalfOfProcess","-[CampoUISiriChatPresentationController siriSessionDidReceiveAddViewsCommand:completion:] #modes SAUIAddViews view class: SAUIAssistantUtteranceView"
2026-09-20 20:32:37.392,"Privado — todo en tu Mac","com.apple.siri","Sin conexiones activas",false,27443,"Inferring originatingProcess to be identical to onBehalfOfProcess","-[CampoUISiriChatPresentationController siriSessionDidReceiveAddViewsCommand:completion:] #Replay isReplaying: 0, wrapper: 0x0"
2026-09-20 20:32:37.392,"Privado — todo en tu Mac","com.apple.siri","Sin conexiones activas",false,27443,"Inferring originatingProcess to be identical to onBehalfOfProcess","-[CampoUISiriChatPresentationController siriSessionDidReceiveAddViewsCommand:completion:] #Replay receivedReplayCommand SAUIAddViews: <private>"
2026-09-20 20:32:37.392,"Privado — todo en tu Mac","com.apple.siri","Sin conexiones activas",false,27443,"Inferring originatingProcess to be identical to onBehalfOfProcess","-[CampoUISiriChatPresentationController siriSessionDidReceiveUpdateVisualResponseSnippetCommand:completion:] command with viewId: <private> handled by presentation: YES"
2026-09-20 20:32:37.392,"Privado — todo en tu Mac","com.apple.siri","Sin conexiones activas",false,27443,"Inferring originatingProcess to be identical to onBehalfOfProcess","-[CampoUISiriChatPresentationController siriSessionDidReceiveAddViewsCommand:completion:] Received an empty SAUIAssistantUtteranceView with no dialog from a SAUIAddViews with aceID:<private> refID:<private>. Marking command as SACommandSucceeded"
2026-09-20 20:32:37.392,"Privado — todo en tu Mac","com.apple.siri","Sin conexiones activas",false,27442,"Inferring originatingProcess to be identical to onBehalfOfProcess","-[CampoUISiriChatPresentationController siriSessionDidReceiveAddViewsCommand:completion:] #modes SAUIAddViews view class: SAUIAssistantUtteranceView"
2026-09-20 20:32:37.392,"Privado — todo en tu Mac","com.apple.siri","Sin conexiones activas",false,27442,"Inferring originatingProcess to be identical to onBehalfOfProcess","-[CampoUISiriChatPresentationController siriSessionDidReceiveAddViewsCommand:completion:] #Replay isReplaying: 0, wrapper: 0x0"
2026-09-20 20:32:37.392,"Privado — todo en tu Mac","com.apple.siri","Sin conexiones activas",false,27442,"Inferring originatingProcess to be identical to onBehalfOfProcess","-[CampoUISiriChatPresentationController siriSessionDidReceiveAddViewsCommand:completion:] #Replay receivedReplayCommand SAUIAddViews: <private>"
2026-09-20 20:32:37.392,"Privado — todo en tu Mac","com.apple.siri","Sin conexiones activas",false,27442,"Inferring originatingProcess to be identical to onBehalfOfProcess","-[CampoUISiriChatPresentationController siriSessionDidReceiveUpdateVisualResponseSnippetCommand:completion:] command with viewId: <private> handled by presentation: YES"
2026-09-20 20:32:37.391,"Privado — todo en tu Mac","com.apple.siri","Sin conexiones activas",false,27442,"Inferring originatingProcess to be identical to onBehalfOfProcess","-[CampoUISiriChatPresentationController siriSessionDidReceiveAddViewsCommand:completion:] Received an empty SAUIAssistantUtteranceView with no dialog from a SAUIAddViews with aceID:<private> refID:<private>. Marking command as SACommandSucceeded"
2026-09-20 20:32:37.391,"Privado — todo en tu Mac","com.apple.siri","Sin conexiones activas",false,27442,"Inferring originatingProcess to be identical to onBehalfOfProcess","-[CampoUISiriChatPresentationController siriSessionDidReceiveAddViewsCommand:completion:] #modes SAUIAddViews view class: SAUIAssistantUtteranceView"
2026-09-20 20:32:37.391,"Privado — todo en tu Mac","com.apple.siri","Sin conexiones activas",false,27442,"Inferring originatingProcess to be identical to onBehalfOfProcess","-[CampoUISiriChatPresentationController siriSessionDidReceiveAddViewsCommand:completion:] #Replay receivedReplayCommand SAUIAddViews: <private>"
2026-09-20 20:32:37.391,"Privado — todo en tu Mac","com.apple.siri","Sin conexiones activas",false,27442,"Inferring originatingProcess to be identical to onBehalfOfProcess","-[CampoUISiriChatPresentationController siriSessionDidReceiveUpdateVisualResponseSnippetCommand:completion:] command with viewId: <private> handled by presentation: YES"
2026-09-20 20:32:37.391,"Privado — todo en tu Mac","com.apple.siri","Sin conexiones activas",false,27442,"Inferring originatingProcess to be identical to onBehalfOfProcess","-[CampoUISiriChatPresentationController siriSessionDidReceiveAddViewsCommand:completion:] Received an empty SAUIAssistantUtteranceView with no dialog from a SAUIAddViews with aceID:<private> refID:<private>. Marking command as SACommandSucceeded"
2026-09-20 20:32:37.391,"Privado — todo en tu Mac","com.apple.siri","Sin conexiones activas",false,27441,"Inferring originatingProcess to be identical to onBehalfOfProcess","-[CampoUISiriChatPresentationController siriSessionDidReceiveAddViewsCommand:completion:] #modes SAUIAddViews view class: SAUIAssistantUtteranceView"
2026-09-20 20:32:37.391,"Privado — todo en tu Mac","com.apple.siri","Sin conexiones activas",false,27441,"Inferring originatingProcess to be identical to onBehalfOfProcess","-[CampoUISiriChatPresentationController siriSessionDidReceiveAddViewsCommand:completion:] #Replay isReplaying: 0, wrapper: 0x0"
2026-09-20 20:32:37.391,"Privado — todo en tu Mac","com.apple.siri","Sin conexiones activas",false,27441,"Inferring originatingProcess to be identical to onBehalfOfProcess","-[CampoUISiriChatPresentationController siriSessionDidReceiveAddViewsCommand:completion:] #Replay receivedReplayCommand SAUIAddViews: <private>"
2026-09-20 20:32:37.391,"Privado — todo en tu Mac","com.apple.siri","Sin conexiones activas",false,27441,"Inferring originatingProcess to be identical to onBehalfOfProcess","-[CampoUISiriChatPresentationController siriSessionDidReceiveUpdateVisualResponseSnippetCommand:completion:] command with viewId: <private> handled by presentation: YES"
2026-09-20 20:32:37.391,"Privado — todo en tu Mac","com.apple.siri","Sin conexiones activas",false,27441,"Inferring originatingProcess to be identical to onBehalfOfProcess","-[CampoUISiriChatPresentationController siriSessionDidReceiveAddViewsCommand:completion:] Received an empty SAUIAssistantUtteranceView with no dialog from a SAUIAddViews with aceID:<private> refID:<private>. Marking command as SACommandSucceeded"
2026-09-20 20:32:37.391,"Privado — todo en tu Mac","com.apple.siri","Sin conexiones activas",false,27441,"Inferring originatingProcess to be identical to onBehalfOfProcess","-[CampoUISiriChatPresentationController siriSessionDidReceiveAddViewsCommand:completion:] #modes SAUIAddViews view class: SAUIAssistantUtteranceView"
2026-09-20 20:32:37.391,"Privado — todo en tu Mac","com.apple.siri","Sin conexiones activas",false,27441,"Inferring originatingProcess to be identical to onBehalfOfProcess","-[CampoUISiriChatPresentationController siriSessionDidReceiveAddViewsCommand:completion:] #Replay receivedReplayCommand SAUIAddViews: <private>"
2026-09-20 20:32:37.391,"Privado — todo en tu Mac","com.apple.siri","Sin conexiones activas",false,27441,"Inferring originatingProcess to be identical to onBehalfOfProcess","-[CampoUISiriChatPresentationController siriSessionDidReceiveUpdateVisualResponseSnippetCommand:completion:] command with viewId: <private> handled by presentation: YES"
2026-09-20 20:32:37.391,"Privado — todo en tu Mac","com.apple.siri","Sin conexiones activas",false,27440,"Inferring originatingProcess to be identical to onBehalfOfProcess","-[CampoUISiriChatPresentationController siriSessionDidReceiveAddViewsCommand:completion:] Received an empty SAUIAssistantUtteranceView with no dialog from a SAUIAddViews with aceID:<private> refID:<private>. Marking command as SACommandSucceeded"
2026-09-20 20:32:37.391,"Privado — todo en tu Mac","com.apple.siri","Sin conexiones activas",false,27440,"Inferring originatingProcess to be identical to onBehalfOfProcess","-[CampoUISiriChatPresentationController siriSessionDidReceiveAddViewsCommand:completion:] #modes SAUIAddViews view class: SAUIAssistantUtteranceView"
2026-09-20 20:32:37.391,"Privado — todo en tu Mac","com.apple.siri","Sin conexiones activas",false,27440,"Inferring originatingProcess to be identical to onBehalfOfProcess","-[CampoUISiriChatPresentationController siriSessionDidReceiveAddViewsCommand:completion:] #Replay receivedReplayCommand SAUIAddViews: <private>"
2026-09-20 20:32:37.391,"Privado — todo en tu Mac","com.apple.siri","Sin conexiones activas",false,27440,"Inferring originatingProcess to be identical to onBehalfOfProcess","-[CampoUISiriChatPresentationController siriSessionDidReceiveUpdateVisualResponseSnippetCommand:completion:] command with viewId: <private> handled by presentation: YES"
2026-09-20 20:32:37.391,"Privado — todo en tu Mac","com.apple.siri","Sin conexiones activas",false,27440,"Inferring originatingProcess to be identical to onBehalfOfProcess","-[CampoUISiriChatPresentationController siriSessionDidReceiveAddViewsCommand:completion:] Received an empty SAUIAssistantUtteranceView with no dialog from a SAUIAddViews with aceID:<private> refID:<private>. Marking command as SACommandSucceeded"
2026-09-20 20:32:37.391,"Privado — todo en tu Mac","com.apple.siri","Sin conexiones activas",false,27440,"Inferring originatingProcess to be identical to onBehalfOfProcess","-[CampoUISiriChatPresentationController siriSessionDidReceiveAddViewsCommand:completion:] #modes SAUIAddViews view class: SAUIAssistantUtteranceView"
2026-09-20 20:32:37.391,"Privado — todo en tu Mac","com.apple.siri","Sin conexiones activas",false,27440,"Inferring originatingProcess to be identical to onBehalfOfProcess","-[CampoUISiriChatPresentationController siriSessionDidReceiveAddViewsCommand:completion:] #Replay isReplaying: 0, wrapper: 0x0"
2026-09-20 20:32:37.391,"Privado — todo en tu Mac","com.apple.siri","Sin conexiones activas",false,27440,"Inferring originatingProcess to be identical to onBehalfOfProcess","-[CampoUISiriChatPresentationController siriSessionDidReceiveAddViewsCommand:completion:] #Replay receivedReplayCommand SAUIAddViews: <private>"
2026-09-20 20:32:37.391,"Privado — todo en tu Mac","com.apple.siri","Sin conexiones activas",false,27439,"Inferring originatingProcess to be identical to onBehalfOfProcess","-[CampoUISiriChatPresentationController siriSessionDidReceiveUpdateVisualResponseSnippetCommand:completion:] command with viewId: <private> handled by presentation: YES"
2026-09-20 20:32:37.391,"Privado — todo en tu Mac","com.apple.siri","Sin conexiones activas",false,27439,"Inferring originatingProcess to be identical to onBehalfOfProcess","-[CampoUISiriChatPresentationController siriSessionDidReceiveAddViewsCommand:completion:] Received an empty SAUIAssistantUtteranceView with no dialog from a SAUIAddViews with aceID:<private> refID:<private>. Marking command as SACommandSucceeded"
2026-09-20 20:32:37.391,"Privado — todo en tu Mac","com.apple.siri","Sin conexiones activas",false,27439,"Inferring originatingProcess to be identical to onBehalfOfProcess","-[CampoUISiriChatPresentationController siriSessionDidReceiveAddViewsCommand:completion:] #modes SAUIAddViews view class: SAUIAssistantUtteranceView"
2026-09-20 20:32:37.391,"Privado — todo en tu Mac","com.apple.siri","Sin conexiones activas",false,27439,"Inferring originatingProcess to be identical to onBehalfOfProcess","-[CampoUISiriChatPresentationController siriSessionDidReceiveAddViewsCommand:completion:] #Replay isReplaying: 0, wrapper: 0x0"
2026-09-20 20:32:37.391,"Privado — todo en tu Mac","com.apple.siri","Sin conexiones activas",false,27439,"Inferring originatingProcess to be identical to onBehalfOfProcess","-[CampoUISiriChatPresentationController siriSessionDidReceiveAddViewsCommand:completion:] #Replay receivedReplayCommand SAUIAddViews: <private>"
2026-09-20 20:32:37.391,"Privado — todo en tu Mac","com.apple.siri","Sin conexiones activas",false,27439,"Inferring originatingProcess to be identical to onBehalfOfProcess","-[CampoUISiriChatPresentationController siriSessionDidReceiveUpdateVisualResponseSnippetCommand:completion:] command with viewId: <private> handled by presentation: YES"
2026-09-20 20:32:37.391,"Privado — todo en tu Mac","com.apple.siri","Sin conexiones activas",false,27439,"Inferring originatingProcess to be identical to onBehalfOfProcess","-[CampoUISiriChatPresentationController siriSessionDidReceiveAddViewsCommand:completion:] Received an empty SAUIAssistantUtteranceView with no dialog from a SAUIAddViews with aceID:<private> refID:<private>. Marking command as SACommandSucceeded"
2026-09-20 20:32:37.391,"Privado — todo en tu Mac","com.apple.siri","Sin conexiones activas",false,27439,"Inferring originatingProcess to be identical to onBehalfOfProcess","-[CampoUISiriChatPresentationController siriSessionDidReceiveAddViewsCommand:completion:] #modes SAUIAddViews view class: SAUIAssistantUtteranceView"
2026-09-20 20:32:37.391,"Privado — todo en tu Mac","com.apple.siri","Sin conexiones activas",false,27439,"Inferring originatingProcess to be identical to onBehalfOfProcess","-[CampoUISiriChatPresentationController siriSessionDidReceiveAddViewsCommand:completion:] #Replay isReplaying: 0, wrapper: 0x0"
2026-09-20 20:32:37.391,"Privado — todo en tu Mac","com.apple.siri","Sin conexiones activas",false,27438,"Inferring originatingProcess to be identical to onBehalfOfProcess","-[CampoUISiriChatPresentationController siriSessionDidReceiveAddViewsCommand:completion:] #Replay receivedReplayCommand SAUIAddViews: <private>"
2026-09-20 20:32:37.390,"Privado — todo en tu Mac","com.apple.siri","Sin conexiones activas",false,27438,"Inferring originatingProcess to be identical to onBehalfOfProcess","-[CampoUISiriChatPresentationController siriSessionDidReceiveUpdateVisualResponseSnippetCommand:completion:] command with viewId: <private> handled by presentation: YES"
2026-09-20 20:32:37.390,"Privado — todo en tu Mac","com.apple.siri","Sin conexiones activas",false,27438,"Inferring originatingProcess to be identical to onBehalfOfProcess","-[CampoUISiriChatPresentationController siriSessionDidReceiveAddViewsCommand:completion:] Received an empty SAUIAssistantUtteranceView with no dialog from a SAUIAddViews with aceID:<private> refID:<private>. Marking command as SACommandSucceeded"
2026-09-20 20:32:37.390,"Privado — todo en tu Mac","com.apple.siri","Sin conexiones activas",false,27438,"Inferring originatingProcess to be identical to onBehalfOfProcess","-[CampoUISiriChatPresentationController siriSessionDidReceiveAddViewsCommand:completion:] #modes SAUIAddViews view class: SAUIAssistantUtteranceView"
2026-09-20 20:32:37.390,"Privado — todo en tu Mac","com.apple.siri","Sin conexiones activas",false,27438,"Inferring originatingProcess to be identical to onBehalfOfProcess","-[CampoUISiriChatPresentationController siriSessionDidReceiveAddViewsCommand:completion:] #Replay isReplaying: 0, wrapper: 0x0"
2026-09-20 20:32:37.390,"Privado — todo en tu Mac","com.apple.siri","Sin conexiones activas",false,27438,"Inferring originatingProcess to be identical to onBehalfOfProcess","-[CampoUISiriChatPresentationController siriSessionDidReceiveAddViewsCommand:completion:] #Replay receivedReplayCommand SAUIAddViews: <private>"
2026-09-20 20:32:37.390,"Privado — todo en tu Mac","com.apple.siri","Sin conexiones activas",false,27438,"Inferring originatingProcess to be identical to onBehalfOfProcess","-[CampoUISiriChatPresentationController siriSessionDidReceiveUpdateVisualResponseSnippetCommand:completion:] command with viewId: <private> handled by presentation: YES"
2026-09-20 20:32:37.390,"Privado — todo en tu Mac","com.apple.siri","Sin conexiones activas",false,27438,"Inferring originatingProcess to be identical to onBehalfOfProcess","-[CampoUISiriChatPresentationController siriSessionDidReceiveAddViewsCommand:completion:] Received an empty SAUIAssistantUtteranceView with no dialog from a SAUIAddViews with aceID:<private> refID:<private>. Marking command as SACommandSucceeded"
2026-09-20 20:32:37.390,"Privado — todo en tu Mac","com.apple.siri","Sin conexiones activas",false,27438,"Inferring originatingProcess to be identical to onBehalfOfProcess","-[CampoUISiriChatPresentationController siriSessionDidReceiveAddViewsCommand:completion:] #modes SAUIAddViews view class: SAUIAssistantUtteranceView"
2026-09-20 20:32:37.390,"Privado — todo en tu Mac","com.apple.siri","Sin conexiones activas",false,27437,"Inferring originatingProcess to be identical to onBehalfOfProcess","-[CampoUISiriChatPresentationController siriSessionDidReceiveAddViewsCommand:completion:] #Replay receivedReplayCommand SAUIAddViews: <private>"
2026-09-20 20:32:37.390,"Privado — todo en tu Mac","com.apple.siri","Sin conexiones activas",false,27437,"Inferring originatingProcess to be identical to onBehalfOfProcess","-[CampoUISiriChatPresentationController siriSessionDidReceiveUpdateVisualResponseSnippetCommand:completion:] command with viewId: <private> handled by presentation: YES"
2026-09-20 20:32:37.390,"Privado — todo en tu Mac","com.apple.siri","Sin conexiones activas",false,27437,"Inferring originatingProcess to be identical to onBehalfOfProcess","-[CampoUISiriChatPresentationController siriSessionDidReceiveAddViewsCommand:completion:] Received an empty SAUIAssistantUtteranceView with no dialog from a SAUIAddViews with aceID:<private> refID:<private>. Marking command as SACommandSucceeded"
2026-09-20 20:32:37.390,"Privado — todo en tu Mac","com.apple.siri","Sin conexiones activas",false,27437,"Inferring originatingProcess to be identical to onBehalfOfProcess","-[CampoUISiriChatPresentationController siriSessionDidReceiveAddViewsCommand:completion:] #modes SAUIAddViews view class: SAUIAssistantUtteranceView"
2026-09-20 20:32:37.390,"Privado — todo en tu Mac","com.apple.siri","Sin conexiones activas",false,27437,"Inferring originatingProcess to be identical to onBehalfOfProcess","-[CampoUISiriChatPresentationController siriSessionDidReceiveAddViewsCommand:completion:] #Replay isReplaying: 0, wrapper: 0x0"
2026-09-20 20:32:37.390,"Privado — todo en tu Mac","com.apple.siri","Sin conexiones activas",false,27437,"Inferring originatingProcess to be identical to onBehalfOfProcess","-[CampoUISiriChatPresentationController siriSessionDidReceiveAddViewsCommand:completion:] #Replay receivedReplayCommand SAUIAddViews: <private>"
2026-09-20 20:32:37.390,"Privado — todo en tu Mac","com.apple.siri","Sin conexiones activas",false,27437,"Inferring originatingProcess to be identical to onBehalfOfProcess","-[CampoUISiriChatPresentationController siriSessionDidReceiveUpdateVisualResponseSnippetCommand:completion:] command with viewId: <private> handled by presentation: YES"
2026-09-20 20:32:37.390,"Privado — todo en tu Mac","com.apple.siri","Sin conexiones activas",false,27437,"Inferring originatingProcess to be identical to onBehalfOfProcess","-[CampoUISiriChatPresentationController siriSessionDidReceiveAddViewsCommand:completion:] Received an empty SAUIAssistantUtteranceView with no dialog from a SAUIAddViews with aceID:<private> refID:<private>. Marking command as SACommandSucceeded"
2026-09-20 20:32:37.390,"Privado — todo en tu Mac","com.apple.siri","Sin conexiones activas",false,27436,"Inferring originatingProcess to be identical to onBehalfOfProcess","-[CampoUISiriChatPresentationController siriSessionDidReceiveAddViewsCommand:completion:] #modes SAUIAddViews view class: SAUIAssistantUtteranceView"
2026-09-20 20:32:37.390,"Privado — todo en tu Mac","com.apple.siri","Sin conexiones activas",false,27436,"Inferring originatingProcess to be identical to onBehalfOfProcess","-[CampoUISiriChatPresentationController siriSessionDidReceiveAddViewsCommand:completion:] #Replay receivedReplayCommand SAUIAddViews: <private>"
2026-09-20 20:32:37.390,"Privado — todo en tu Mac","com.apple.siri","Sin conexiones activas",false,27436,"Inferring originatingProcess to be identical to onBehalfOfProcess","-[CampoUISiriChatPresentationController siriSessionDidReceiveUpdateVisualResponseSnippetCommand:completion:] command with viewId: <private> handled by presentation: YES"
2026-09-20 20:32:37.390,"Privado — todo en tu Mac","com.apple.siri","Sin conexiones activas",false,27436,"Inferring originatingProcess to be identical to onBehalfOfProcess","-[CampoUISiriChatPresentationController siriSessionDidReceiveAddViewsCommand:completion:] Received an empty SAUIAssistantUtteranceView with no dialog from a SAUIAddViews with aceID:<private> refID:<private>. Marking command as SACommandSucceeded"
2026-09-20 20:32:37.390,"Privado — todo en tu Mac","com.apple.siri","Sin conexiones activas",false,27436,"Inferring originatingProcess to be identical to onBehalfOfProcess","-[CampoUISiriChatPresentationController siriSessionDidReceiveAddViewsCommand:completion:] #modes SAUIAddViews view class: SAUIAssistantUtteranceView"
2026-09-20 20:32:37.390,"Privado — todo en tu Mac","com.apple.siri","Sin conexiones activas",false,27436,"Inferring originatingProcess to be identical to onBehalfOfProcess","-[CampoUISiriChatPresentationController siriSessionDidReceiveAddViewsCommand:completion:] #Replay isReplaying: 0, wrapper: 0x0"
2026-09-20 20:32:37.390,"Privado — todo en tu Mac","com.apple.siri","Sin conexiones activas",false,27436,"Inferring originatingProcess to be identical to onBehalfOfProcess","-[CampoUISiriChatPresentationController siriSessionDidReceiveAddViewsCommand:completion:] #Replay receivedReplayCommand SAUIAddViews: <private>"
2026-09-20 20:32:37.390,"Privado — todo en tu Mac","com.apple.siri","Sin conexiones activas",false,27436,"Inferring originatingProcess to be identical to onBehalfOfProcess","-[CampoUISiriChatPresentationController siriSessionDidReceiveUpdateVisualResponseSnippetCommand:completion:] command with viewId: <private> handled by presentation: YES"
2026-09-20 20:32:37.389,"Privado — todo en tu Mac","com.apple.siri","Sin conexiones activas",false,27436,"Inferring originatingProcess to be identical to onBehalfOfProcess","-[CampoUISiriChatPresentationController siriSessionDidReceiveAddViewsCommand:completion:] Received an empty SAUIAssistantUtteranceView with no dialog from a SAUIAddViews with aceID:<private> refID:<private>. Marking command as SACommandSucceeded"
2026-09-20 20:32:37.389,"Privado — todo en tu Mac","com.apple.siri","Sin conexiones activas",false,27435,"Inferring originatingProcess to be identical to onBehalfOfProcess","-[CampoUISiriChatPresentationController siriSessionDidReceiveAddViewsCommand:completion:] #modes SAUIAddViews view class: SAUIAssistantUtteranceView"
2026-09-20 20:32:37.389,"Privado — todo en tu Mac","com.apple.siri","Sin conexiones activas",false,27435,"Inferring originatingProcess to be identical to onBehalfOfProcess","-[CampoUISiriChatPresentationController siriSessionDidReceiveAddViewsCommand:completion:] #Replay isReplaying: 0, wrapper: 0x0"
2026-09-20 20:32:37.389,"Privado — todo en tu Mac","com.apple.siri","Sin conexiones activas",false,27435,"Inferring originatingProcess to be identical to onBehalfOfProcess","-[CampoUISiriChatPresentationController siriSessionDidReceiveAddViewsCommand:completion:] #Replay receivedReplayCommand SAUIAddViews: <private>"
2026-09-20 20:32:37.389,"Privado — todo en tu Mac","com.apple.siri","Sin conexiones activas",false,27435,"Inferring originatingProcess to be identical to onBehalfOfProcess","-[CampoUISiriChatPresentationController siriSessionDidReceiveUpdateVisualResponseSnippetCommand:completion:] command with viewId: <private> handled by presentation: YES"
2026-09-20 20:32:37.389,"Privado — todo en tu Mac","com.apple.siri","Sin conexiones activas",false,27435,"Inferring originatingProcess to be identical to onBehalfOfProcess","-[CampoUISiriChatPresentationController siriSessionDidReceiveAddViewsCommand:completion:] Received an empty SAUIAssistantUtteranceView with no dialog from a SAUIAddViews with aceID:<private> refID:<private>. Marking command as SACommandSucceeded"
2026-09-20 20:32:37.389,"Privado — todo en tu Mac","com.apple.siri","Sin conexiones activas",false,27435,"Inferring originatingProcess to be identical to onBehalfOfProcess","-[CampoUISiriChatPresentationController siriSessionDidReceiveAddViewsCommand:completion:] #modes SAUIAddViews view class: SAUIAssistantUtteranceView"
2026-09-20 20:32:37.389,"Privado — todo en tu Mac","com.apple.siri","Sin conexiones activas",false,27435,"Inferring originatingProcess to be identical to onBehalfOfProcess","-[CampoUISiriChatPresentationController siriSessionDidReceiveAddViewsCommand:completion:] #Replay receivedReplayCommand SAUIAddViews: <private>"
2026-09-20 20:32:37.389,"Privado — todo en tu Mac","com.apple.siri","Sin conexiones activas",false,27435,"Inferring originatingProcess to be identical to onBehalfOfProcess","-[CampoUISiriChatPresentationController siriSessionDidReceiveUpdateVisualResponseSnippetCommand:completion:] command with viewId: <private> handled by presentation: YES"
2026-09-20 20:32:37.389,"Privado — todo en tu Mac","com.apple.siri","Sin conexiones activas",false,27434,"Inferring originatingProcess to be identical to onBehalfOfProcess","-[CampoUISiriChatPresentationController siriSessionDidReceiveAddViewsCommand:completion:] Received an empty SAUIAssistantUtteranceView with no dialog from a SAUIAddViews with aceID:<private> refID:<private>. Marking command as SACommandSucceeded"
2026-09-20 20:32:37.389,"Privado — todo en tu Mac","com.apple.siri","Sin conexiones activas",false,27434,"Inferring originatingProcess to be identical to onBehalfOfProcess","-[CampoUISiriChatPresentationController siriSessionDidReceiveAddViewsCommand:completion:] #modes SAUIAddViews view class: SAUIAssistantUtteranceView"
2026-09-20 20:32:37.389,"Privado — todo en tu Mac","com.apple.siri","Sin conexiones activas",false,27434,"Inferring originatingProcess to be identical to onBehalfOfProcess","-[CampoUISiriChatPresentationController siriSessionDidReceiveAddViewsCommand:completion:] #Replay isReplaying: 0, wrapper: 0x0"
2026-09-20 20:32:37.389,"Privado — todo en tu Mac","com.apple.siri","Sin conexiones activas",false,27434,"Inferring originatingProcess to be identical to onBehalfOfProcess","-[CampoUISiriChatPresentationController siriSessionDidReceiveAddViewsCommand:completion:] #Replay receivedReplayCommand SAUIAddViews: <private>"
2026-09-20 20:32:37.389,"Privado — todo en tu Mac","com.apple.siri","Sin conexiones activas",false,27434,"Inferring originatingProcess to be identical to onBehalfOfProcess","-[CampoUISiriChatPresentationController siriSessionDidReceiveUpdateVisualResponseSnippetCommand:completion:] command with viewId: <private> handled by presentation: YES"
2026-09-20 20:32:37.389,"Privado — todo en tu Mac","com.apple.siri","Sin conexiones activas",false,27434,"Inferring originatingProcess to be identical to onBehalfOfProcess","-[CampoUISiriChatPresentationController siriSessionDidReceiveAddViewsCommand:completion:] Received an empty SAUIAssistantUtteranceView with no dialog from a SAUIAddViews with aceID:<private> refID:<private>. Marking command as SACommandSucceeded"
2026-09-20 20:32:37.389,"Privado — todo en tu Mac","com.apple.siri","Sin conexiones activas",false,27434,"Inferring originatingProcess to be identical to onBehalfOfProcess","-[CampoUISiriChatPresentationController siriSessionDidReceiveAddViewsCommand:completion:] #modes SAUIAddViews view class: SAUIAssistantUtteranceView"
2026-09-20 20:32:37.389,"Privado — todo en tu Mac","com.apple.siri","Sin conexiones activas",false,27434,"Inferring originatingProcess to be identical to onBehalfOfProcess","-[CampoUISiriChatPresentationController siriSessionDidReceiveAddViewsCommand:completion:] #Replay receivedReplayCommand SAUIAddViews: <private>"
2026-09-20 20:32:37.389,"Privado — todo en tu Mac","com.apple.siri","Sin conexiones activas",false,27434,"Inferring originatingProcess to be identical to onBehalfOfProcess","-[CampoUISiriChatPresentationController siriSessionDidReceiveUpdateVisualResponseSnippetCommand:completion:] command with viewId: <private> handled by presentation: YES"
2026-09-20 20:32:37.389,"Privado — todo en tu Mac","com.apple.siri","Sin conexiones activas",false,27434,"Inferring originatingProcess to be identical to onBehalfOfProcess","-[CampoUISiriChatPresentationController siriSessionDidReceiveAddViewsCommand:completion:] Received an empty SAUIAssistantUtteranceView with no dialog from a SAUIAddViews with aceID:<private> refID:<private>. Marking command as SACommandSucceeded"
2026-09-20 20:32:37.389,"Privado — todo en tu Mac","com.apple.siri","Sin conexiones activas",false,27434,"Inferring originatingProcess to be identical to onBehalfOfProcess","-[CampoUISiriChatPresentationController siriSessionDidReceiveAddViewsCommand:completion:] #modes SAUIAddViews view class: SAUIAssistantUtteranceView"
2026-09-20 20:32:37.389,"Privado — todo en tu Mac","com.apple.siri","Sin conexiones activas",false,27434,"Inferring originatingProcess to be identical to onBehalfOfProcess","-[CampoUISiriChatPresentationController siriSessionDidReceiveAddViewsCommand:completion:] #Replay receivedReplayCommand SAUIAddViews: <private>"
2026-09-20 20:32:37.389,"Privado — todo en tu Mac","com.apple.siri","Sin conexiones activas",false,27434,"Inferring originatingProcess to be identical to onBehalfOfProcess","-[CampoUISiriChatPresentationController siriSessionDidReceiveUpdateVisualResponseSnippetCommand:completion:] command with viewId: <private> handled by presentation: YES"
2026-09-20 20:32:37.389,"Privado — todo en tu Mac","com.apple.siri","Sin conexiones activas",false,27434,"Inferring originatingProcess to be identical to onBehalfOfProcess","-[CampoUISiriChatPresentationController siriSessionDidReceiveAddViewsCommand:completion:] Received an empty SAUIAssistantUtteranceView with no dialog from a SAUIAddViews with aceID:<private> refID:<private>. Marking command as SACommandSucceeded"
2026-09-20 20:32:37.389,"Privado — todo en tu Mac","com.apple.siri","Sin conexiones activas",false,27434,"Inferring originatingProcess to be identical to onBehalfOfProcess","-[CampoUISiriChatPresentationController siriSessionDidReceiveAddViewsCommand:completion:] #modes SAUIAddViews view class: SAUIAssistantUtteranceView"
2026-09-20 20:32:37.389,"Privado — todo en tu Mac","com.apple.siri","Sin conexiones activas",false,27433,"Inferring originatingProcess to be identical to onBehalfOfProcess","-[CampoUISiriChatPresentationController siriSessionDidReceiveAddViewsCommand:completion:] #Replay isReplaying: 0, wrapper: 0x0"
2026-09-20 20:32:37.389,"Privado — todo en tu Mac","com.apple.siri","Sin conexiones activas",false,27433,"Inferring originatingProcess to be identical to onBehalfOfProcess","-[CampoUISiriChatPresentationController siriSessionDidReceiveAddViewsCommand:completion:] #Replay receivedReplayCommand SAUIAddViews: <private>"
2026-09-20 20:32:37.389,"Privado — todo en tu Mac","com.apple.siri","Sin conexiones activas",false,27433,"Inferring originatingProcess to be identical to onBehalfOfProcess","-[CampoUISiriChatPresentationController siriSessionDidReceiveUpdateVisualResponseSnippetCommand:completion:] command with viewId: <private> handled by presentation: YES"
2026-09-20 20:32:37.389,"Privado — todo en tu Mac","com.apple.siri","Sin conexiones activas",false,27433,"Inferring originatingProcess to be identical to onBehalfOfProcess","-[CampoUISiriChatPresentationController siriSessionDidReceiveAddViewsCommand:completion:] Received an empty SAUIAssistantUtteranceView with no dialog from a SAUIAddViews with aceID:<private> refID:<private>. Marking command as SACommandSucceeded"
2026-09-20 20:32:37.389,"Privado — todo en tu Mac","com.apple.siri","Sin conexiones activas",false,27433,"Inferring originatingProcess to be identical to onBehalfOfProcess","-[CampoUISiriChatPresentationController siriSessionDidReceiveAddViewsCommand:completion:] #modes SAUIAddViews view class: SAUIAssistantUtteranceView"
2026-09-20 20:32:37.389,"Privado — todo en tu Mac","com.apple.siri","Sin conexiones activas",false,27433,"Inferring originatingProcess to be identical to onBehalfOfProcess","-[CampoUISiriChatPresentationController siriSessionDidReceiveAddViewsCommand:completion:] #Replay isReplaying: 0, wrapper: 0x0"
2026-09-20 20:32:37.389,"Privado — todo en tu Mac","com.apple.siri","Sin conexiones activas",false,27433,"Inferring originatingProcess to be identical to onBehalfOfProcess","-[CampoUISiriChatPresentationController siriSessionDidReceiveAddViewsCommand:completion:] #Replay receivedReplayCommand SAUIAddViews: <private>"
2026-09-20 20:32:37.388,"Privado — todo en tu Mac","com.apple.siri","Sin conexiones activas",false,27433,"Inferring originatingProcess to be identical to onBehalfOfProcess","-[CampoUISiriChatPresentationController siriSessionDidReceiveUpdateVisualResponseSnippetCommand:completion:] command with viewId: <private> handled by presentation: YES"
2026-09-20 20:32:37.388,"Privado — todo en tu Mac","com.apple.siri","Sin conexiones activas",false,27433,"Inferring originatingProcess to be identical to onBehalfOfProcess","-[CampoUISiriChatPresentationController siriSessionDidReceiveAddViewsCommand:completion:] Received an empty SAUIAssistantUtteranceView with no dialog from a SAUIAddViews with aceID:<private> refID:<private>. Marking command as SACommandSucceeded"
2026-09-20 20:32:37.388,"Privado — todo en tu Mac","com.apple.siri","Sin conexiones activas",false,27433,"Inferring originatingProcess to be identical to onBehalfOfProcess","-[CampoUISiriChatPresentationController siriSessionDidReceiveAddViewsCommand:completion:] #modes SAUIAddViews view class: SAUIAssistantUtteranceView"
2026-09-20 20:32:37.388,"Privado — todo en tu Mac","com.apple.siri","Sin conexiones activas",false,27433,"Inferring originatingProcess to be identical to onBehalfOfProcess","-[CampoUISiriChatPresentationController siriSessionDidReceiveAddViewsCommand:completion:] #Replay receivedReplayCommand SAUIAddViews: <private>"
2026-09-20 20:32:37.388,"Privado — todo en tu Mac","com.apple.siri","Sin conexiones activas",false,27433,"Inferring originatingProcess to be identical to onBehalfOfProcess","-[CampoUISiriChatPresentationController siriSessionDidReceiveUpdateVisualResponseSnippetCommand:completion:] command with viewId: <private> handled by presentation: YES"
2026-09-20 20:32:37.388,"Privado — todo en tu Mac","com.apple.siri","Sin conexiones activas",false,27433,"Inferring originatingProcess to be identical to onBehalfOfProcess","-[CampoUISiriChatPresentationController siriSessionDidReceiveAddViewsCommand:completion:] Received an empty SAUIAssistantUtteranceView with no dialog from a SAUIAddViews with aceID:<private> refID:<private>. Marking command as SACommandSucceeded"
2026-09-20 20:32:37.388,"Privado — todo en tu Mac","com.apple.siri","Sin conexiones activas",false,27433,"Inferring originatingProcess to be identical to onBehalfOfProcess","-[CampoUISiriChatPresentationController siriSessionDidReceiveAddViewsCommand:completion:] #modes SAUIAddViews view class: SAUIAssistantUtteranceView"
2026-09-20 20:32:37.388,"Privado — todo en tu Mac","com.apple.siri","Sin conexiones activas",false,27433,"Inferring originatingProcess to be identical to onBehalfOfProcess","-[CampoUISiriChatPresentationController siriSessionDidReceiveAddViewsCommand:completion:] #Replay isReplaying: 0, wrapper: 0x0"
2026-09-20 20:32:37.388,"Privado — todo en tu Mac","com.apple.siri","Sin conexiones activas",false,27433,"Inferring originatingProcess to be identical to onBehalfOfProcess","-[CampoUISiriChatPresentationController siriSessionDidReceiveAddViewsCommand:completion:] #Replay receivedReplayCommand SAUIAddViews: <private>"
2026-09-20 20:32:37.388,"Privado — todo en tu Mac","com.apple.siri","Sin conexiones activas",false,27433,"Inferring originatingProcess to be identical to onBehalfOfProcess","-[CampoUISiriChatPresentationController siriSessionDidReceiveUpdateVisualResponseSnippetCommand:completion:] command with viewId: <private> handled by presentation: YES"
2026-09-20 20:32:37.388,"Privado — todo en tu Mac","com.apple.siri","Sin conexiones activas",false,27433,"Inferring originatingProcess to be identical to onBehalfOfProcess","-[CampoUISiriChatPresentationController siriSessionDidReceiveAddViewsCommand:completion:] Received an empty SAUIAssistantUtteranceView with no dialog from a SAUIAddViews with aceID:<private> refID:<private>. Marking command as SACommandSucceeded"
2026-09-20 20:32:37.388,"Privado — todo en tu Mac","com.apple.siri","Sin conexiones activas",false,27433,"Inferring originatingProcess to be identical to onBehalfOfProcess","-[CampoUISiriChatPresentationController siriSessionDidReceiveAddViewsCommand:completion:] #modes SAUIAddViews view class: SAUIAssistantUtteranceView"
2026-09-20 20:32:37.388,"Privado — todo en tu Mac","com.apple.siri","Sin conexiones activas",false,27433,"Inferring originatingProcess to be identical to onBehalfOfProcess","-[CampoUISiriChatPresentationController siriSessionDidReceiveAddViewsCommand:completion:] #Replay receivedReplayCommand SAUIAddViews: <private>"
2026-09-20 20:32:37.388,"Privado — todo en tu Mac","com.apple.siri","Sin conexiones activas",false,27433,"Inferring originatingProcess to be identical to onBehalfOfProcess","-[CampoUISiriChatPresentationController siriSessionDidReceiveUpdateVisualResponseSnippetCommand:completion:] command with viewId: <private> handled by presentation: YES"
2026-09-20 20:32:37.388,"Privado — todo en tu Mac","com.apple.siri","Sin conexiones activas",false,27433,"Inferring originatingProcess to be identical to onBehalfOfProcess","-[CampoUISiriChatPresentationController siriSessionDidReceiveAddViewsCommand:completion:] Received an empty SAUIAssistantUtteranceView with no dialog from a SAUIAddViews with aceID:<private> refID:<private>. Marking command as SACommandSucceeded"
2026-09-20 20:32:37.388,"Privado — todo en tu Mac","com.apple.siri","Sin conexiones activas",false,27433,"Inferring originatingProcess to be identical to onBehalfOfProcess","-[CampoUISiriChatPresentationController siriSessionDidReceiveAddViewsCommand:completion:] #modes SAUIAddViews view class: SAUIAssistantUtteranceView"
2026-09-20 20:32:37.388,"Privado — todo en tu Mac","com.apple.siri","Sin conexiones activas",false,27433,"Inferring originatingProcess to be identical to onBehalfOfProcess","-[CampoUISiriChatPresentationController siriSessionDidReceiveAddViewsCommand:completion:] #Replay receivedReplayCommand SAUIAddViews: <private>"
2026-09-20 20:32:37.388,"Privado — todo en tu Mac","com.apple.siri","Sin conexiones activas",false,27433,"Inferring originatingProcess to be identical to onBehalfOfProcess","-[CampoUISiriChatPresentationController siriSessionDidReceiveUpdateVisualResponseSnippetCommand:completion:] command with viewId: <private> handled by presentation: YES"
2026-09-20 20:32:37.376,"Privado — todo en tu Mac","com.apple.siri","Sin conexiones activas",false,27433,"Inferring originatingProcess to be identical to onBehalfOfProcess","-[CampoUISiriChatPresentationController siriSessionDidReceiveAddViewsCommand:completion:] Received an empty SAUIAssistantUtteranceView with no dialog from a SAUIAddViews with aceID:<private> refID:<private>. Marking command as SACommandSucceeded"
2026-09-20 20:32:37.376,"Privado — todo en tu Mac","com.apple.siri","Sin conexiones activas",false,27433,"Inferring originatingProcess to be identical to onBehalfOfProcess","-[CampoUISiriChatPresentationController siriSessionDidReceiveAddViewsCommand:completion:] #modes SAUIAddViews view class: SAUIAssistantUtteranceView"
2026-09-20 20:32:37.376,"Privado — todo en tu Mac","com.apple.siri","Sin conexiones activas",false,27433,"Inferring originatingProcess to be identical to onBehalfOfProcess","-[CampoUISiriChatPresentationController siriSessionDidReceiveAddViewsCommand:completion:] #Replay receivedReplayCommand SAUIAddViews: <private>"
2026-09-20 20:32:37.376,"Privado — todo en tu Mac","com.apple.siri","Sin conexiones activas",false,27433,"Inferring originatingProcess to be identical to onBehalfOfProcess","-[CampoUISiriChatPresentationController siriSessionDidReceiveUpdateVisualResponseSnippetCommand:completion:] command with viewId: <private> handled by presentation: YES"
2026-09-20 20:32:37.376,"Privado — todo en tu Mac","com.apple.siri","Sin conexiones activas",false,27432,"Inferring originatingProcess to be identical to onBehalfOfProcess","-[CampoUISiriChatPresentationController siriSessionDidReceiveAddViewsCommand:completion:] Received an empty SAUIAssistantUtteranceView with no dialog from a SAUIAddViews with aceID:<private> refID:<private>. Marking command as SACommandSucceeded"
2026-09-20 20:32:37.376,"Privado — todo en tu Mac","com.apple.siri","Sin conexiones activas",false,27432,"Inferring originatingProcess to be identical to onBehalfOfProcess","-[CampoUISiriChatPresentationController siriSessionDidReceiveAddViewsCommand:completion:] #modes SAUIAddViews view class: SAUIAssistantUtteranceView"
2026-09-20 20:32:37.376,"Privado — todo en tu Mac","com.apple.siri","Sin conexiones activas",false,27428,"Inferring originatingProcess to be identical to onBehalfOfProcess","-[CampoUISiriChatPresentationController siriSessionDidReceiveAddViewsCommand:completion:] #Replay isReplaying: 0, wrapper: 0x0"
2026-09-20 20:32:37.376,"Privado — todo en tu Mac","com.apple.siri","Sin conexiones activas",false,27428,"Inferring originatingProcess to be identical to onBehalfOfProcess","-[CampoUISiriChatPresentationController siriSessionDidReceiveAddViewsCommand:completion:] #Replay receivedReplayCommand SAUIAddViews: <private>"
2026-09-20 20:32:37.376,"Privado — todo en tu Mac","com.apple.siri","Sin conexiones activas",false,27428,"Inferring originatingProcess to be identical to onBehalfOfProcess","-[CampoUISiriChatPresentationController siriSessionDidReceiveUpdateVisualResponseSnippetCommand:completion:] command with viewId: <private> handled by presentation: YES"
2026-09-20 20:32:37.376,"Privado — todo en tu Mac","com.apple.siri","Sin conexiones activas",false,27428,"Inferring originatingProcess to be identical to onBehalfOfProcess","-[CampoUISiriChatPresentationController siriSessionDidReceiveAddViewsCommand:completion:] Received an empty SAUIAssistantUtteranceView with no dialog from a SAUIAddViews with aceID:<private> refID:<private>. Marking command as SACommandSucceeded"
2026-09-20 20:32:37.376,"Privado — todo en tu Mac","com.apple.siri","Sin conexiones activas",false,27428,"Inferring originatingProcess to be identical to onBehalfOfProcess","-[CampoUISiriChatPresentationController siriSessionDidReceiveAddViewsCommand:completion:] #modes SAUIAddViews view class: SAUIAssistantUtteranceView"
2026-09-20 20:32:37.376,"Privado — todo en tu Mac","com.apple.siri","Sin conexiones activas",false,27427,"Inferring originatingProcess to be identical to onBehalfOfProcess","-[CampoUISiriChatPresentationController siriSessionDidReceiveAddViewsCommand:completion:] #Replay isReplaying: 0, wrapper: 0x0"
2026-09-20 20:32:37.376,"Privado — todo en tu Mac","com.apple.siri","Sin conexiones activas",false,27427,"Inferring originatingProcess to be identical to onBehalfOfProcess","-[CampoUISiriChatPresentationController siriSessionDidReceiveAddViewsCommand:completion:] #Replay receivedReplayCommand SAUIAddViews: <private>"
2026-09-20 20:32:37.376,"Privado — todo en tu Mac","com.apple.siri","Sin conexiones activas",false,27427,"Inferring originatingProcess to be identical to onBehalfOfProcess","-[CampoUISiriChatPresentationController siriSessionDidReceiveUpdateVisualResponseSnippetCommand:completion:] command with viewId: <private> handled by presentation: YES"
2026-09-20 20:32:37.376,"Privado — todo en tu Mac","com.apple.siri","Sin conexiones activas",false,27427,"Inferring originatingProcess to be identical to onBehalfOfProcess","-[CampoUISiriChatPresentationController siriSessionDidReceiveAddViewsCommand:completion:] Received an empty SAUIAssistantUtteranceView with no dialog from a SAUIAddViews with aceID:<private> refID:<private>. Marking command as SACommandSucceeded"
2026-09-20 20:32:37.376,"Privado — todo en tu Mac","com.apple.siri","Sin conexiones activas",false,27427,"Inferring originatingProcess to be identical to onBehalfOfProcess","-[CampoUISiriChatPresentationController siriSessionDidReceiveAddViewsCommand:completion:] #modes SAUIAddViews view class: SAUIAssistantUtteranceView"
2026-09-20 20:32:37.376,"Privado — todo en tu Mac","com.apple.siri","Sin conexiones activas",false,27427,"Inferring originatingProcess to be identical to onBehalfOfProcess","-[CampoUISiriChatPresentationController siriSessionDidReceiveAddViewsCommand:completion:] #Replay isReplaying: 0, wrapper: 0x0"
2026-09-20 20:32:37.376,"Privado — todo en tu Mac","com.apple.siri","Sin conexiones activas",false,27427,"Inferring originatingProcess to be identical to onBehalfOfProcess","-[CampoUISiriChatPresentationController siriSessionDidReceiveAddViewsCommand:completion:] #Replay receivedReplayCommand SAUIAddViews: <private>"
2026-09-20 20:32:37.375,"Privado — todo en tu Mac","com.apple.siri","Sin conexiones activas",false,27427,"Inferring originatingProcess to be identical to onBehalfOfProcess","-[CampoUISiriChatPresentationController siriSessionDidReceiveUpdateVisualResponseSnippetCommand:completion:] command with viewId: <private> handled by presentation: YES"
2026-09-20 20:32:37.360,"Privado — todo en tu Mac","com.apple.siri","Sin conexiones activas",false,27426,"Inferring originatingProcess to be identical to onBehalfOfProcess","-[CampoUISiriChatPresentationController siriSessionDidReceiveAddViewsCommand:completion:] Received an empty SAUIAssistantUtteranceView with no dialog from a SAUIAddViews with aceID:<private> refID:<private>. Marking command as SACommandSucceeded"
2026-09-20 20:32:37.360,"Privado — todo en tu Mac","com.apple.siri","Sin conexiones activas",false,27426,"Inferring originatingProcess to be identical to onBehalfOfProcess","-[CampoUISiriChatPresentationController siriSessionDidReceiveAddViewsCommand:completion:] #modes SAUIAddViews view class: SAUIAssistantUtteranceView"
2026-09-20 20:32:37.360,"Privado — todo en tu Mac","com.apple.siri","Sin conexiones activas",false,27426,"Inferring originatingProcess to be identical to onBehalfOfProcess","-[CampoUISiriChatPresentationController siriSessionDidReceiveAddViewsCommand:completion:] #Replay isReplaying: 0, wrapper: 0x0"
2026-09-20 20:32:37.360,"Privado — todo en tu Mac","com.apple.siri","Sin conexiones activas",false,27426,"Inferring originatingProcess to be identical to onBehalfOfProcess","-[CampoUISiriChatPresentationController siriSessionDidReceiveAddViewsCommand:completion:] #Replay receivedReplayCommand SAUIAddViews: <private>"
2026-09-20 20:32:37.359,"Privado — todo en tu Mac","com.apple.siri","Sin conexiones activas",false,27426,"Inferring originatingProcess to be identical to onBehalfOfProcess","-[CampoUISiriChatPresentationController siriSessionDidReceiveUpdateVisualResponseSnippetCommand:completion:] command with viewId: <private> handled by presentation: YES"
2026-09-20 20:32:37.358,"Privado — todo en tu Mac","com.apple.siri","Sin conexiones activas",false,27426,"Inferring originatingProcess to be identical to onBehalfOfProcess","-[CampoUISiriChatPresentationController siriSessionDidReceiveAddViewsCommand:completion:] Received an empty SAUIAssistantUtteranceView with no dialog from a SAUIAddViews with aceID:<private> refID:<private>. Marking command as SACommandSucceeded"
2026-09-20 20:32:37.358,"Privado — todo en tu Mac","com.apple.siri","Sin conexiones activas",false,27426,"Inferring originatingProcess to be identical to onBehalfOfProcess","-[CampoUISiriChatPresentationController siriSessionDidReceiveAddViewsCommand:completion:] #modes SAUIAddViews view class: SAUIAssistantUtteranceView"
2026-09-20 20:32:37.358,"Privado — todo en tu Mac","com.apple.siri","Sin conexiones activas",false,27426,"Inferring originatingProcess to be identical to onBehalfOfProcess","-[CampoUISiriChatPresentationController siriSessionDidReceiveAddViewsCommand:completion:] #Replay isReplaying: 0, wrapper: 0x0"
2026-09-20 20:32:37.358,"Privado — todo en tu Mac","com.apple.siri","Sin conexiones activas",false,27425,"Inferring originatingProcess to be identical to onBehalfOfProcess","-[CampoUISiriChatPresentationController siriSessionDidReceiveAddViewsCommand:completion:] #Replay receivedReplayCommand SAUIAddViews: <private>"
2026-09-20 20:32:37.357,"Privado — todo en tu Mac","com.apple.siri","Sin conexiones activas",false,27425,"Inferring originatingProcess to be identical to onBehalfOfProcess","-[CampoUISiriChatPresentationController siriSessionDidReceiveUpdateVisualResponseSnippetCommand:completion:] command with viewId: <private> handled by presentation: YES"
2026-09-20 20:32:37.351,"Privado — todo en tu Mac","com.apple.siri","Sin conexiones activas",false,27425,"Inferring originatingProcess to be identical to onBehalfOfProcess","-[CampoUISiriChatPresentationController siriSessionDidReceiveAddViewsCommand:completion:] Received an empty SAUIAssistantUtteranceView with no dialog from a SAUIAddViews with aceID:<private> refID:<private>. Marking command as SACommandSucceeded"
2026-09-20 20:32:37.351,"Privado — todo en tu Mac","com.apple.siri","Sin conexiones activas",false,27425,"Inferring originatingProcess to be identical to onBehalfOfProcess","-[CampoUISiriChatPresentationController siriSessionDidReceiveAddViewsCommand:completion:] #modes SAUIAddViews view class: SAUIAssistantUtteranceView"
2026-09-20 20:32:37.351,"Privado — todo en tu Mac","com.apple.siri","Sin conexiones activas",false,27425,"Inferring originatingProcess to be identical to onBehalfOfProcess","-[CampoUISiriChatPresentationController siriSessionDidReceiveAddViewsCommand:completion:] #Replay isReplaying: 0, wrapper: 0x0"
2026-09-20 20:32:37.351,"Privado — todo en tu Mac","com.apple.siri","Sin conexiones activas",false,27425,"Inferring originatingProcess to be identical to onBehalfOfProcess","-[CampoUISiriChatPresentationController siriSessionDidReceiveAddViewsCommand:completion:] #Replay receivedReplayCommand SAUIAddViews: <private>"
2026-09-20 20:32:37.310,"Privado — todo en tu Mac","com.apple.siri","Sin conexiones activas",false,27424,"Inferring originatingProcess to be identical to onBehalfOfProcess","-[CampoUISiriChatPresentationController siriSessionDidReceiveUpdateVisualResponseSnippetCommand:completion:] command with viewId: <private> handled by presentation: YES"
2026-09-20 20:32:37.293,"Privado — todo en tu Mac","com.apple.siri","Sin conexiones activas",false,27423,"Inferring originatingProcess to be identical to onBehalfOfProcess","-[CampoUISiriChatPresentationController siriSessionDidReceiveAddViewsCommand:completion:] Received an empty SAUIAssistantUtteranceView with no dialog from a SAUIAddViews with aceID:<private> refID:<private>. Marking command as SACommandSucceeded"
2026-09-20 20:32:37.293,"Privado — todo en tu Mac","com.apple.siri","Sin conexiones activas",false,27423,"Inferring originatingProcess to be identical to onBehalfOfProcess","-[CampoUISiriChatPresentationController siriSessionDidReceiveAddViewsCommand:completion:] #modes SAUIAddViews view class: SAUIAssistantUtteranceView"
2026-09-20 20:32:37.293,"Privado — todo en tu Mac","com.apple.siri","Sin conexiones activas",false,27423,"Inferring originatingProcess to be identical to onBehalfOfProcess","-[CampoUISiriChatPresentationController siriSessionDidReceiveAddViewsCommand:completion:] #Replay isReplaying: 0, wrapper: 0x0"
2026-09-20 20:32:37.293,"Privado — todo en tu Mac","com.apple.siri","Sin conexiones activas",false,27423,"Inferring originatingProcess to be identical to onBehalfOfProcess","-[CampoUISiriChatPresentationController siriSessionDidReceiveAddViewsCommand:completion:] #Replay receivedReplayCommand SAUIAddViews: <private>"
2026-09-20 20:32:37.293,"Privado — todo en tu Mac","com.apple.siri","Sin conexiones activas",false,27423,"Inferring originatingProcess to be identical to onBehalfOfProcess","-[CampoUISiriChatPresentationController siriSessionDidReceiveUpdateVisualResponseSnippetCommand:completion:] command with viewId: <private> handled by presentation: YES"
2026-09-20 20:32:37.292,"Privado — todo en tu Mac","com.apple.siri","Sin conexiones activas",false,27423,"Inferring originatingProcess to be identical to onBehalfOfProcess","-[CampoUISiriChatPresentationController siriSessionDidReceiveAddViewsCommand:completion:] Received an empty SAUIAssistantUtteranceView with no dialog from a SAUIAddViews with aceID:<private> refID:<private>. Marking command as SACommandSucceeded"
2026-09-20 20:32:37.292,"Privado — todo en tu Mac","com.apple.siri","Sin conexiones activas",false,27423,"Inferring originatingProcess to be identical to onBehalfOfProcess","-[CampoUISiriChatPresentationController siriSessionDidReceiveAddViewsCommand:completion:] #modes SAUIAddViews view class: SAUIAssistantUtteranceView"
2026-09-20 20:32:37.292,"Privado — todo en tu Mac","com.apple.siri","Sin conexiones activas",false,27423,"Inferring originatingProcess to be identical to onBehalfOfProcess","-[CampoUISiriChatPresentationController siriSessionDidReceiveAddViewsCommand:completion:] #Replay isReplaying: 0, wrapper: 0x0"
2026-09-20 20:32:37.292,"Privado — todo en tu Mac","com.apple.siri","Sin conexiones activas",false,27422,"Inferring originatingProcess to be identical to onBehalfOfProcess","-[CampoUISiriChatPresentationController siriSessionDidReceiveAddViewsCommand:completion:] #Replay receivedReplayCommand SAUIAddViews: <private>"
2026-09-20 20:32:37.292,"Privado — todo en tu Mac","com.apple.siri","Sin conexiones activas",false,27422,"Inferring originatingProcess to be identical to onBehalfOfProcess","-[CampoUISiriChatPresentationController siriSessionDidReceiveUpdateVisualResponseSnippetCommand:completion:] command with viewId: <private> handled by presentation: YES"
2026-09-20 20:32:37.292,"Privado — todo en tu Mac","com.apple.siri","Sin conexiones activas",false,27422,"Inferring originatingProcess to be identical to onBehalfOfProcess","-[CampoUISiriChatPresentationController _checkAndUpdateSiriIdleAndQuietStatusIfNeededWithError:]_block_invoke Notifying presentation that Siri's active request options changed, siriIsIdleAndQuiet=1"
2026-09-20 20:32:37.292,"Privado — todo en tu Mac","com.apple.siri","Sin conexiones activas",false,27422,"Inferring originatingProcess to be identical to onBehalfOfProcess","-[CampoUISiriChatPresentationController _checkAndUpdateSiriIdleAndQuietStatusIfNeededWithError:]_block_invoke_2 #idleTimer Notifying presentation that Siri's idle and quiet status changed, siriIsIdleAndQuiet=1 isAttending=0"
2026-09-20 20:32:37.292,"Privado — todo en tu Mac","com.apple.siri","Sin conexiones activas",false,27422,"Inferring originatingProcess to be identical to onBehalfOfProcess","-[CampoUISiriChatPresentationController _scheduleInterruptedAudioResumingIfNeeded]_block_invoke Scheduling interrupted audio to be resumed if needed, isAttending: 0"
2026-09-20 20:32:37.292,"Privado — todo en tu Mac","com.apple.siri","Sin conexiones activas",false,27422,"Inferring originatingProcess to be identical to onBehalfOfProcess","-[CampoUISiriChatPresentationController _isSiriIdleAndQuiet] #idle YES - inIdleState:1 requestActive:0 speaking:0 audioPlaying:0 waitingForStartRequest:0 delayingSessionEndForInPlacePunchout:0"
2026-09-20 20:32:37.292,"Privado — todo en tu Mac","com.apple.siri","Sin conexiones activas",false,27421,"Inferring originatingProcess to be identical to onBehalfOfProcess","-[CampoUISiriChatPresentationController siriSessionDidFinishRequestWithError:]_block_invoke Should start listen after speaking 0 1"
2026-09-20 20:32:37.292,"Privado — todo en tu Mac","com.apple.siri","Sin conexiones activas",false,27421,"Inferring originatingProcess to be identical to onBehalfOfProcess","-[SRUIFSpeechSynthesizer _cancelByCancellingActiveTasksOnly:matching:]_block_invoke #tts Canceling speech synthesis"
2026-09-20 20:32:37.292,"Privado — todo en tu Mac","com.apple.siri","Sin conexiones activas",false,27421,"Inferring originatingProcess to be identical to onBehalfOfProcess","-[SRUIFSpeechSynthesizer _cancelByCancellingActiveTasksOnly:matching:]_block_invoke #tts cancelActiveTasksOnly=0; predicate=<private>"
2026-09-20 20:32:37.292,"Privado — todo en tu Mac","com.apple.siri","Sin conexiones activas",false,27421,"Inferring originatingProcess to be identical to onBehalfOfProcess","-[CampoUISiriChatPresentationController _setListenAfterSpeakingForRequestFinished:] listenAfterSpeaking - 0"
2026-09-20 20:32:37.292,"Privado — todo en tu Mac","com.apple.siri","Sin conexiones activas",false,27421,"Inferring originatingProcess to be identical to onBehalfOfProcess","-[SRUIFSpeechSynthesizer cancelProvisionalTasks] #tts predicate=<private>: { [task isProvisional] }"
2026-09-20 20:32:37.292,"Privado — todo en tu Mac","com.apple.siri","Sin conexiones activas",false,27421,"Inferring originatingProcess to be identical to onBehalfOfProcess","-[CampoUISiriChatPresentationController siriSessionDidFinishRequestWithError:] #session success"
2026-09-20 20:32:37.292,"Privado — todo en tu Mac","com.apple.siri","Sin conexiones activas",false,27421,"Inferring originatingProcess to be identical to onBehalfOfProcess","-[CampoUISiriChatPresentationController siriSessionDidTransitionFromState:toState:event:machAbsoluteTransitionTime:] #state changing fromState: SRUIFSiriSessionStateSuccess toState: SRUIFSiriSessionStateSuccess, event: SRUIFSiriSessionEventRequestFinished"
2026-09-20 20:32:37.292,"Privado — todo en tu Mac","com.apple.siri","Sin conexiones activas",false,27421,"Inferring originatingProcess to be identical to onBehalfOfProcess","-[CampoUISiriChatPresentationController _isSiriIdleAndQuiet] #idle NO  - inIdleState:1 requestActive:1 speaking:0 audioPlaying:0 waitingForStartRequest:0 delayingSessionEndForInPlacePunchout:0"
2026-09-20 20:32:37.292,"Privado — todo en tu Mac","com.apple.siri","Sin conexiones activas",false,27421,"Inferring originatingProcess to be identical to onBehalfOfProcess","-[CampoUISiriChatPresentationController siriSessionDidReceiveAddViewsCommand:completion:] Received an empty SAUIAssistantUtteranceView with no dialog from a SAUIAddViews with aceID:<private> refID:<private>. Marking command as SACommandSucceeded"
2026-09-20 20:32:37.292,"Privado — todo en tu Mac","com.apple.siri","Sin conexiones activas",false,27420,"Inferring originatingProcess to be identical to onBehalfOfProcess","-[CampoUISiriChatPresentationController siriSessionDidReceiveAddViewsCommand:completion:] #modes SAUIAddViews view class: SAUIAssistantUtteranceView"
2026-09-20 20:32:37.292,"Privado — todo en tu Mac","com.apple.siri","Sin conexiones activas",false,27420,"Inferring originatingProcess to be identical to onBehalfOfProcess","-[CampoUISiriChatPresentationController siriSessionDidReceiveAddViewsCommand:completion:] #Replay isReplaying: 0, wrapper: 0x0"
2026-09-20 20:32:37.292,"Privado — todo en tu Mac","com.apple.siri","Sin conexiones activas",false,27420,"Inferring originatingProcess to be identical to onBehalfOfProcess","-[CampoUISiriChatPresentationController siriSessionDidReceiveAddViewsCommand:completion:] #Replay receivedReplayCommand SAUIAddViews: <private>"
2026-09-20 20:32:37.291,"Privado — todo en tu Mac","com.apple.siri","Sin conexiones activas",false,27420,"Inferring originatingProcess to be identical to onBehalfOfProcess","Processsing latency progress update: <private>"
2026-09-20 20:32:37.290,"Privado — todo en tu Mac","com.apple.siri","Sin conexiones activas",false,27420,"Inferring originatingProcess to be identical to onBehalfOfProcess","-[SRUIFAudioPowerLevelUpdater sessionStateDidChangeTo:isAttending:] #IntuitiveConversation state=SRUIFSiriSessionStateSuccess attending=0"
2026-09-20 20:32:37.290,"Privado — todo en tu Mac","com.apple.siri","Sin conexiones activas",false,27420,"Inferring originatingProcess to be identical to onBehalfOfProcess","-[SRUIFStateFeedbackManager _cancelFeedbackWithCompletion:] #statefeedback cancelling state feedback"
2026-09-20 20:32:37.290,"Privado — todo en tu Mac","com.apple.siri","Sin conexiones activas",false,27420,"Inferring originatingProcess to be identical to onBehalfOfProcess","-[SRUIFStateFeedbackManager didTransitionFromState:toState:] #statefeedback Transitioning fromState: SRUIFSiriSessionStateSuccess toState: SRUIFSiriSessionStateSuccess"
2026-09-20 20:32:37.290,"Privado — todo en tu Mac","com.apple.siri","Sin conexiones activas",false,27420,"Inferring originatingProcess to be identical to onBehalfOfProcess","-[SRUIFSiriSessionStateHandler stateMachine:didTransitionFromState:forEvent:eventTimeStamp:] From SRUIFSiriSessionStateSuccess; To SRUIFSiriSessionStateSuccess; Event SRUIFSiriSessionEventRequestFinished"
2026-09-20 20:32:37.290,"Privado — todo en tu Mac","com.apple.siri","Sin conexiones activas",false,27420,"Inferring originatingProcess to be identical to onBehalfOfProcess","-[SRUIFSiriSessionStateHandler performTransitionForEvent:eventTimeStamp:] Current state SRUIFSiriSessionStateSuccess; event SRUIFSiriSessionEventRequestFinished"
2026-09-20 20:32:37.290,"Privado — todo en tu Mac","com.apple.siri","Sin conexiones activas",false,27419,"Inferring originatingProcess to be identical to onBehalfOfProcess","-[CampoUISiriChatSession assistantConnectionRequestFinished:]"
2026-09-20 20:32:37.290,"Privado — todo en tu Mac","com.apple.siri","Sin conexiones activas",false,27419,"Inferring originatingProcess to be identical to onBehalfOfProcess","+[AFAggregator logSiriRequestSucceeded]"
2026-09-20 20:32:37.290,"Privado — todo en tu Mac","com.apple.siri","Sin conexiones activas",false,27419,"Inferring originatingProcess to be identical to onBehalfOfProcess","-[AFConnection _extendExistingRequestTimeoutForReason:durationInSeconds:] reason = requestDidAskForTimeoutExtension:"
2026-09-20 20:32:37.290,"Privado — todo en tu Mac","com.apple.siri","Sin conexiones activas",false,27419,"Inferring originatingProcess to be identical to onBehalfOfProcess","-[CampoUISiriChatPresentationController siriSessionDidReceiveUpdateVisualResponseSnippetCommand:completion:] command with viewId: <private> handled by presentation: YES"
2026-09-20 20:32:37.283,"Privado — todo en tu Mac","com.apple.siri","Sin conexiones activas",false,27419,"Inferring originatingProcess to be identical to onBehalfOfProcess","-[ADAssetManager _fetchAssetStatusForLanguage:] Retrieved asset status ASR: 1, NL: 1, Morphun: 1, Attention: 1, NLRouter: 1, IF: 1, TB: 1 (lang:en-US, uod:1, hybrid:0)"
2026-09-20 20:32:37.280,"Privado — todo en tu Mac","com.apple.siri","Sin conexiones activas",false,27419,"Inferring originatingProcess to be identical to onBehalfOfProcess","+[ADRequestLifecycleObserver _companionServiceCompletionHandler]_block_invoke Error Domain=kAFAssistantErrorDomain Code=1000"
2026-09-20 20:32:36.702,"Privado — todo en tu Mac","com.apple.siri","Sin conexiones activas",false,25106,"Inferring originatingProcess to be identical to onBehalfOfProcess","-[CampoUISiriChatSession assistantConnection:receivedCommand:completion:] Received Command: StreamChunk aceId: <private>"
2026-09-20 20:32:36.702,"Privado — todo en tu Mac","com.apple.siri","Sin conexiones activas",false,25106,"Inferring originatingProcess to be identical to onBehalfOfProcess","-[AFConnection _dispatchCommand:isInterstitial:interstitialPhase:interstitialDelay:reply:] command = <private>, isInterstitial = 0"
2026-09-20 20:32:36.702,"Privado — todo en tu Mac","com.apple.siri","Sin conexiones activas",false,25106,"Inferring originatingProcess to be identical to onBehalfOfProcess","-[AFConnection _handleCommand:reply:] command = <private>"
2026-09-20 20:32:36.702,"Privado — todo en tu Mac","com.apple.siri","Sin conexiones activas",false,25106,"Inferring originatingProcess to be identical to onBehalfOfProcess","-[AFConnection _extendExistingRequestTimeoutForReason:durationInSeconds:] reason = requestDidAskForTimeoutExtension:"
2026-09-20 20:32:36.702,"Privado — todo en tu Mac","com.apple.siri","Sin conexiones activas",false,25106,"Inferring originatingProcess to be identical to onBehalfOfProcess","Processsing latency progress update: <private>"
2026-09-20 20:32:36.702,"Privado — todo en tu Mac","com.apple.siri","Sin conexiones activas",false,25105,"Inferring originatingProcess to be identical to onBehalfOfProcess","-[AFConnection _extendExistingRequestTimeoutForReason:durationInSeconds:] reason = requestDidAskForTimeoutExtension:"
2026-09-20 20:32:36.702,"Privado — todo en tu Mac","com.apple.siri","Sin conexiones activas",false,25105,"Inferring originatingProcess to be identical to onBehalfOfProcess","Processsing latency progress update: <private>"
2026-09-20 20:32:36.702,"Privado — todo en tu Mac","com.apple.siri","Sin conexiones activas",false,25105,"Inferring originatingProcess to be identical to onBehalfOfProcess","-[CampoUISiriChatSession assistantConnection:receivedCommand:completion:] Received Command: StreamChunk aceId: <private>"
2026-09-20 20:32:36.702,"Privado — todo en tu Mac","com.apple.siri","Sin conexiones activas",false,25105,"Inferring originatingProcess to be identical to onBehalfOfProcess","-[AFConnection _dispatchCommand:isInterstitial:interstitialPhase:interstitialDelay:reply:] command = <private>, isInterstitial = 0"
2026-09-20 20:32:36.702,"Privado — todo en tu Mac","com.apple.siri","Sin conexiones activas",false,25105,"Inferring originatingProcess to be identical to onBehalfOfProcess","-[AFConnection _handleCommand:reply:] command = <private>"
2026-09-20 20:32:36.702,"Privado — todo en tu Mac","com.apple.siri","Sin conexiones activas",false,25105,"Inferring originatingProcess to be identical to onBehalfOfProcess","-[AFConnection _extendExistingRequestTimeoutForReason:durationInSeconds:] reason = requestDidAskForTimeoutExtension:"
2026-09-20 20:32:36.702,"Privado — todo en tu Mac","com.apple.siri","Sin conexiones activas",false,25105,"Inferring originatingProcess to be identical to onBehalfOfProcess","-[CampoUISiriChatSession assistantConnection:receivedCommand:completion:] Received Command: StreamChunk aceId: <private>"
2026-09-20 20:32:36.702,"Privado — todo en tu Mac","com.apple.siri","Sin conexiones activas",false,25105,"Inferring originatingProcess to be identical to onBehalfOfProcess","-[AFConnection _dispatchCommand:isInterstitial:interstitialPhase:interstitialDelay:reply:] command = <private>, isInterstitial = 0"
2026-09-20 20:32:36.702,"Privado — todo en tu Mac","com.apple.siri","Sin conexiones activas",false,25104,"Inferring originatingProcess to be identical to onBehalfOfProcess","-[AFConnection _handleCommand:reply:] command = <private>"
2026-09-20 20:32:36.702,"Privado — todo en tu Mac","com.apple.siri","Sin conexiones activas",false,25104,"Inferring originatingProcess to be identical to onBehalfOfProcess","-[AFConnection _extendExistingRequestTimeoutForReason:durationInSeconds:] No existing timeout timer set. Skipping."
2026-09-20 20:32:36.702,"Privado — todo en tu Mac","com.apple.siri","Sin conexiones activas",false,25104,"Inferring originatingProcess to be identical to onBehalfOfProcess","-[AFConnection _extendExistingRequestTimeoutForReason:durationInSeconds:] reason = requestDidAskForTimeoutExtension:"
2026-09-20 20:32:36.701,"Privado — todo en tu Mac","com.apple.siri","Sin conexiones activas",false,25104,"Inferring originatingProcess to be identical to onBehalfOfProcess","-[CampoUISiriChatPresentationController siriSessionDidReceiveAddViewsCommand:completion:] Received an empty SAUIAssistantUtteranceView with no dialog from a SAUIAddViews with aceID:<private> refID:<private>. Marking command as SACommandSucceeded"
2026-09-20 20:32:36.701,"Privado — todo en tu Mac","com.apple.siri","Sin conexiones activas",false,25104,"Inferring originatingProcess to be identical to onBehalfOfProcess","-[CampoUISiriChatPresentationController siriSessionDidReceiveAddViewsCommand:completion:] #modes SAUIAddViews view class: SAUIAssistantUtteranceView"
2026-09-20 20:32:36.701,"Privado — todo en tu Mac","com.apple.siri","Sin conexiones activas",false,25104,"Inferring originatingProcess to be identical to onBehalfOfProcess","-[CampoUISiriChatPresentationController siriSessionDidReceiveAddViewsCommand:completion:] #Replay isReplaying: 0, wrapper: 0x0"
2026-09-20 20:32:36.701,"Privado — todo en tu Mac","com.apple.siri","Sin conexiones activas",false,25104,"Inferring originatingProcess to be identical to onBehalfOfProcess","-[CampoUISiriChatPresentationController siriSessionDidReceiveAddViewsCommand:completion:] #Replay receivedReplayCommand SAUIAddViews: <private>"
2026-09-20 20:32:36.664,"Privado — todo en tu Mac","com.apple.siri","Sin conexiones activas",false,25103,"Inferring originatingProcess to be identical to onBehalfOfProcess","Processsing latency progress update: <private>"
2026-09-20 20:32:36.664,"Privado — todo en tu Mac","com.apple.siri","Sin conexiones activas",false,25103,"Inferring originatingProcess to be identical to onBehalfOfProcess","-[AFConnection _extendExistingRequestTimeoutForReason:durationInSeconds:] No existing timeout timer set. Skipping."
2026-09-20 20:32:36.664,"Privado — todo en tu Mac","com.apple.siri","Sin conexiones activas",false,25103,"Inferring originatingProcess to be identical to onBehalfOfProcess","-[AFConnection _extendExistingRequestTimeoutForReason:durationInSeconds:] reason = requestDidAskForTimeoutExtension:"
2026-09-20 20:32:36.664,"Privado — todo en tu Mac","com.apple.siri","Sin conexiones activas",false,25103,"Inferring originatingProcess to be identical to onBehalfOfProcess","Processsing latency progress update: <private>"
2026-09-20 20:32:36.664,"Privado — todo en tu Mac","com.apple.siri","Sin conexiones activas",false,25103,"Inferring originatingProcess to be identical to onBehalfOfProcess","-[AFConnection _extendExistingRequestTimeoutForReason:durationInSeconds:] reason = requestDidAskForTimeoutExtension:"
2026-09-20 20:32:36.664,"Privado — todo en tu Mac","com.apple.siri","Sin conexiones activas",false,25102,"Inferring originatingProcess to be identical to onBehalfOfProcess","-[CampoUISiriChatSession assistantConnection:receivedCommand:completion:] Received Command: StreamChunk aceId: <private>"
2026-09-20 20:32:36.664,"Privado — todo en tu Mac","com.apple.siri","Sin conexiones activas",false,25102,"Inferring originatingProcess to be identical to onBehalfOfProcess","-[AFConnection _dispatchCommand:isInterstitial:interstitialPhase:interstitialDelay:reply:] command = <private>, isInterstitial = 0"
2026-09-20 20:32:36.664,"Privado — todo en tu Mac","com.apple.siri","Sin conexiones activas",false,25102,"Inferring originatingProcess to be identical to onBehalfOfProcess","-[AFConnection _handleCommand:reply:] command = <private>"
2026-09-20 20:32:36.663,"Privado — todo en tu Mac","com.apple.siri","Sin conexiones activas",false,25102,"Inferring originatingProcess to be identical to onBehalfOfProcess","-[AFConnection _extendExistingRequestTimeoutForReason:durationInSeconds:] reason = requestDidAskForTimeoutExtension:"
2026-09-20 20:32:36.663,"Privado — todo en tu Mac","com.apple.siri","Sin conexiones activas",false,25102,"Inferring originatingProcess to be identical to onBehalfOfProcess","-[CampoUISiriChatSession assistantConnection:receivedCommand:completion:] Received Command: StreamChunk aceId: <private>"
2026-09-20 20:32:36.663,"Privado — todo en tu Mac","com.apple.siri","Sin conexiones activas",false,25102,"Inferring originatingProcess to be identical to onBehalfOfProcess","-[AFConnection _dispatchCommand:isInterstitial:interstitialPhase:interstitialDelay:reply:] command = <private>, isInterstitial = 0"
2026-09-20 20:32:36.663,"Privado — todo en tu Mac","com.apple.siri","Sin conexiones activas",false,25102,"Inferring originatingProcess to be identical to onBehalfOfProcess","-[AFConnection _handleCommand:reply:] command = <private>"
2026-09-20 20:32:36.663,"Privado — todo en tu Mac","com.apple.siri","Sin conexiones activas",false,25102,"Inferring originatingProcess to be identical to onBehalfOfProcess","-[CampoUISiriChatPresentationController siriSessionDidReceiveUpdateVisualResponseSnippetCommand:completion:] command with viewId: <private> handled by presentation: YES"
2026-09-20 20:32:36.663,"Privado — todo en tu Mac","com.apple.siri","Sin conexiones activas",false,25101,"Inferring originatingProcess to be identical to onBehalfOfProcess","-[AFConnection _extendExistingRequestTimeoutForReason:durationInSeconds:] reason = requestDidAskForTimeoutExtension:"
2026-09-20 20:32:36.645,"Privado — todo en tu Mac","com.apple.siri","Sin conexiones activas",false,25101,"Inferring originatingProcess to be identical to onBehalfOfProcess","-[CampoUISiriChatPresentationController siriSessionDidReceiveAddViewsCommand:completion:] Received an empty SAUIAssistantUtteranceView with no dialog from a SAUIAddViews with aceID:<private> refID:<private>. Marking command as SACommandSucceeded"
2026-09-20 20:32:36.645,"Privado — todo en tu Mac","com.apple.siri","Sin conexiones activas",false,25101,"Inferring originatingProcess to be identical to onBehalfOfProcess","-[CampoUISiriChatPresentationController siriSessionDidReceiveAddViewsCommand:completion:] #modes SAUIAddViews view class: SAUIAssistantUtteranceView"
2026-09-20 20:32:36.645,"Privado — todo en tu Mac","com.apple.siri","Sin conexiones activas",false,25100,"Inferring originatingProcess to be identical to onBehalfOfProcess","-[CampoUISiriChatPresentationController siriSessionDidReceiveAddViewsCommand:completion:] #Replay isReplaying: 0, wrapper: 0x0"
2026-09-20 20:32:36.645,"Privado — todo en tu Mac","com.apple.siri","Sin conexiones activas",false,25100,"Inferring originatingProcess to be identical to onBehalfOfProcess","-[CampoUISiriChatPresentationController siriSessionDidReceiveAddViewsCommand:completion:] #Replay receivedReplayCommand SAUIAddViews: <private>"
2026-09-20 20:32:36.623,"Privado — todo en tu Mac","com.apple.siri","Sin conexiones activas",false,25099,"Inferring originatingProcess to be identical to onBehalfOfProcess","-[CampoUISiriChatPresentationController siriSessionDidReceiveUpdateVisualResponseSnippetCommand:completion:] command with viewId: <private> handled by presentation: YES"
2026-09-20 20:32:36.610,"Privado — todo en tu Mac","com.apple.siri","Sin conexiones activas",false,25099,"Inferring originatingProcess to be identical to onBehalfOfProcess","-[CampoUISiriChatPresentationController siriSessionDidReceiveAddViewsCommand:completion:] Received an empty SAUIAssistantUtteranceView with no dialog from a SAUIAddViews with aceID:<private> refID:<private>. Marking command as SACommandSucceeded"
2026-09-20 20:32:36.610,"Privado — todo en tu Mac","com.apple.siri","Sin conexiones activas",false,25098,"Inferring originatingProcess to be identical to onBehalfOfProcess","-[CampoUISiriChatPresentationController siriSessionDidReceiveAddViewsCommand:completion:] #modes SAUIAddViews view class: SAUIAssistantUtteranceView"
2026-09-20 20:32:36.610,"Privado — todo en tu Mac","com.apple.siri","Sin conexiones activas",false,25098,"Inferring originatingProcess to be identical to onBehalfOfProcess","-[CampoUISiriChatPresentationController siriSessionDidReceiveAddViewsCommand:completion:] #Replay isReplaying: 0, wrapper: 0x0"
2026-09-20 20:32:36.610,"Privado — todo en tu Mac","com.apple.siri","Sin conexiones activas",false,25098,"Inferring originatingProcess to be identical to onBehalfOfProcess","-[CampoUISiriChatPresentationController siriSessionDidReceiveAddViewsCommand:completion:] #Replay receivedReplayCommand SAUIAddViews: <private>"
2026-09-20 20:32:36.610,"Privado — todo en tu Mac","com.apple.siri","Sin conexiones activas",false,25098,"Inferring originatingProcess to be identical to onBehalfOfProcess","Processsing latency progress update: <private>"
2026-09-20 20:32:36.610,"Privado — todo en tu Mac","com.apple.siri","Sin conexiones activas",false,25098,"Inferring originatingProcess to be identical to onBehalfOfProcess","-[CampoUISiriChatSession assistantConnection:receivedCommand:completion:] Received Command: StreamChunk aceId: <private>"
2026-09-20 20:32:36.610,"Privado — todo en tu Mac","com.apple.siri","Sin conexiones activas",false,25098,"Inferring originatingProcess to be identical to onBehalfOfProcess","-[AFConnection _handleCommand:reply:] command = <private>"
2026-09-20 20:32:36.610,"Privado — todo en tu Mac","com.apple.siri","Sin conexiones activas",false,25098,"Inferring originatingProcess to be identical to onBehalfOfProcess","-[AFConnection _extendExistingRequestTimeoutForReason:durationInSeconds:] No existing timeout timer set. Skipping."
2026-09-20 20:32:36.610,"Privado — todo en tu Mac","com.apple.siri","Sin conexiones activas",false,25098,"Inferring originatingProcess to be identical to onBehalfOfProcess","-[AFConnection _extendExistingRequestTimeoutForReason:durationInSeconds:] reason = requestDidAskForTimeoutExtension:"
2026-09-20 20:32:36.610,"Privado — todo en tu Mac","com.apple.siri","Sin conexiones activas",false,25098,"Inferring originatingProcess to be identical to onBehalfOfProcess","Processsing latency progress update: <private>"
2026-09-20 20:32:36.610,"Privado — todo en tu Mac","com.apple.siri","Sin conexiones activas",false,25098,"Inferring originatingProcess to be identical to onBehalfOfProcess","-[CampoUISiriChatSession assistantConnection:receivedCommand:completion:] Received Command: StreamChunk aceId: <private>"
2026-09-20 20:32:36.610,"Privado — todo en tu Mac","com.apple.siri","Sin conexiones activas",false,25098,"Inferring originatingProcess to be identical to onBehalfOfProcess","-[AFConnection _dispatchCommand:isInterstitial:interstitialPhase:interstitialDelay:reply:] command = <private>, isInterstitial = 0"
2026-09-20 20:32:36.610,"Privado — todo en tu Mac","com.apple.siri","Sin conexiones activas",false,25098,"Inferring originatingProcess to be identical to onBehalfOfProcess","-[AFConnection _handleCommand:reply:] command = <private>"
2026-09-20 20:32:36.610,"Privado — todo en tu Mac","com.apple.siri","Sin conexiones activas",false,25095,"Inferring originatingProcess to be identical to onBehalfOfProcess","-[AFConnection _extendExistingRequestTimeoutForReason:durationInSeconds:] No existing timeout timer set. Skipping."
2026-09-20 20:32:36.609,"Privado — todo en tu Mac","com.apple.siri","Sin conexiones activas",false,25094,"Inferring originatingProcess to be identical to onBehalfOfProcess","-[AFConnection _extendExistingRequestTimeoutForReason:durationInSeconds:] reason = requestDidAskForTimeoutExtension:"
2026-09-20 20:32:36.609,"Privado — todo en tu Mac","com.apple.siri","Sin conexiones activas",false,25094,"Inferring originatingProcess to be identical to onBehalfOfProcess","-[CampoUISiriChatPresentationController siriSessionDidReceiveUpdateVisualResponseSnippetCommand:completion:] command with viewId: <private> handled by presentation: YES"
2026-09-20 20:32:36.598,"Privado — todo en tu Mac","com.apple.siri","Sin conexiones activas",false,25093,"Inferring originatingProcess to be identical to onBehalfOfProcess","Processsing latency progress update: <private>"
2026-09-20 20:32:36.598,"Privado — todo en tu Mac","com.apple.siri","Sin conexiones activas",false,25093,"Inferring originatingProcess to be identical to onBehalfOfProcess","-[AFConnection _extendExistingRequestTimeoutForReason:durationInSeconds:] No existing timeout timer set. Skipping."
2026-09-20 20:32:36.598,"Privado — todo en tu Mac","com.apple.siri","Sin conexiones activas",false,25093,"Inferring originatingProcess to be identical to onBehalfOfProcess","-[AFConnection _extendExistingRequestTimeoutForReason:durationInSeconds:] reason = requestDidAskForTimeoutExtension:"
2026-09-20 20:32:36.598,"Privado — todo en tu Mac","com.apple.siri","Sin conexiones activas",false,25093,"Inferring originatingProcess to be identical to onBehalfOfProcess","Processsing latency progress update: <private>"
2026-09-20 20:32:36.598,"Privado — todo en tu Mac","com.apple.siri","Sin conexiones activas",false,25093,"Inferring originatingProcess to be identical to onBehalfOfProcess","-[AFConnection _extendExistingRequestTimeoutForReason:durationInSeconds:] reason = requestDidAskForTimeoutExtension:"
2026-09-20 20:32:36.598,"Privado — todo en tu Mac","com.apple.siri","Sin conexiones activas",false,25093,"Inferring originatingProcess to be identical to onBehalfOfProcess","-[CampoUISiriChatSession assistantConnection:receivedCommand:completion:] Received Command: StreamChunk aceId: <private>"
2026-09-20 20:32:36.598,"Privado — todo en tu Mac","com.apple.siri","Sin conexiones activas",false,25093,"Inferring originatingProcess to be identical to onBehalfOfProcess","-[AFConnection _dispatchCommand:isInterstitial:interstitialPhase:interstitialDelay:reply:] command = <private>, isInterstitial = 0"
2026-09-20 20:32:36.598,"Privado — todo en tu Mac","com.apple.siri","Sin conexiones activas",false,25093,"Inferring originatingProcess to be identical to onBehalfOfProcess","-[AFConnection _handleCommand:reply:] command = <private>"
2026-09-20 20:32:36.598,"Privado — todo en tu Mac","com.apple.siri","Sin conexiones activas",false,25092,"Inferring originatingProcess to be identical to onBehalfOfProcess","-[AFConnection _extendExistingRequestTimeoutForReason:durationInSeconds:] reason = requestDidAskForTimeoutExtension:"
2026-09-20 20:32:36.598,"Privado — todo en tu Mac","com.apple.siri","Sin conexiones activas",false,25092,"Inferring originatingProcess to be identical to onBehalfOfProcess","-[CampoUISiriChatSession assistantConnection:receivedCommand:completion:] Received Command: StreamChunk aceId: <private>"
2026-09-20 20:32:36.598,"Privado — todo en tu Mac","com.apple.siri","Sin conexiones activas",false,25092,"Inferring originatingProcess to be identical to onBehalfOfProcess","-[AFConnection _dispatchCommand:isInterstitial:interstitialPhase:interstitialDelay:reply:] command = <private>, isInterstitial = 0"
2026-09-20 20:32:36.598,"Privado — todo en tu Mac","com.apple.siri","Sin conexiones activas",false,25092,"Inferring originatingProcess to be identical to onBehalfOfProcess","-[AFConnection _handleCommand:reply:] command = <private>"
2026-09-20 20:32:36.598,"Privado — todo en tu Mac","com.apple.siri","Sin conexiones activas",false,25092,"Inferring originatingProcess to be identical to onBehalfOfProcess","-[AFConnection _extendExistingRequestTimeoutForReason:durationInSeconds:] reason = requestDidAskForTimeoutExtension:"
2026-09-20 20:32:36.598,"Privado — todo en tu Mac","com.apple.siri","Sin conexiones activas",false,25092,"Inferring originatingProcess to be identical to onBehalfOfProcess","Processsing latency progress update: <private>"
2026-09-20 20:32:36.598,"Privado — todo en tu Mac","com.apple.siri","Sin conexiones activas",false,25092,"Inferring originatingProcess to be identical to onBehalfOfProcess","-[AFConnection _extendExistingRequestTimeoutForReason:durationInSeconds:] reason = requestDidAskForTimeoutExtension:"
2026-09-20 20:32:36.598,"Privado — todo en tu Mac","com.apple.siri","Sin conexiones activas",false,25092,"Inferring originatingProcess to be identical to onBehalfOfProcess","Processsing latency progress update: <private>"
2026-09-20 20:32:36.598,"Privado — todo en tu Mac","com.apple.siri","Sin conexiones activas",false,25092,"Inferring originatingProcess to be identical to onBehalfOfProcess","-[AFConnection _extendExistingRequestTimeoutForReason:durationInSeconds:] reason = requestDidAskForTimeoutExtension:"
2026-09-20 20:32:36.598,"Privado — todo en tu Mac","com.apple.siri","Sin conexiones activas",false,25092,"Inferring originatingProcess to be identical to onBehalfOfProcess","-[CampoUISiriChatSession assistantConnection:receivedCommand:completion:] Received Command: StreamChunk aceId: <private>"
2026-09-20 20:32:36.598,"Privado — todo en tu Mac","com.apple.siri","Sin conexiones activas",false,25092,"Inferring originatingProcess to be identical to onBehalfOfProcess","-[AFConnection _dispatchCommand:isInterstitial:interstitialPhase:interstitialDelay:reply:] command = <private>, isInterstitial = 0"
2026-09-20 20:32:36.598,"Privado — todo en tu Mac","com.apple.siri","Sin conexiones activas",false,25092,"Inferring originatingProcess to be identical to onBehalfOfProcess","-[AFConnection _handleCommand:reply:] command = <private>"
2026-09-20 20:32:36.598,"Privado — todo en tu Mac","com.apple.siri","Sin conexiones activas",false,25092,"Inferring originatingProcess to be identical to onBehalfOfProcess","-[CampoUISiriChatSession assistantConnection:receivedCommand:completion:] Received Command: StreamChunk aceId: <private>"
2026-09-20 20:32:36.598,"Privado — todo en tu Mac","com.apple.siri","Sin conexiones activas",false,25091,"Inferring originatingProcess to be identical to onBehalfOfProcess","-[AFConnection _handleCommand:reply:] command = <private>"
2026-09-20 20:32:36.598,"Privado — todo en tu Mac","com.apple.siri","Sin conexiones activas",false,25091,"Inferring originatingProcess to be identical to onBehalfOfProcess","-[AFConnection _extendExistingRequestTimeoutForReason:durationInSeconds:] reason = requestDidAskForTimeoutExtension:"
2026-09-20 20:32:36.598,"Privado — todo en tu Mac","com.apple.siri","Sin conexiones activas",false,25091,"Inferring originatingProcess to be identical to onBehalfOfProcess","Processsing latency progress update: <private>"
2026-09-20 20:32:36.598,"Privado — todo en tu Mac","com.apple.siri","Sin conexiones activas",false,25091,"Inferring originatingProcess to be identical to onBehalfOfProcess","-[AFConnection _extendExistingRequestTimeoutForReason:durationInSeconds:] reason = requestDidAskForTimeoutExtension:"
2026-09-20 20:32:36.598,"Privado — todo en tu Mac","com.apple.siri","Sin conexiones activas",false,25091,"Inferring originatingProcess to be identical to onBehalfOfProcess","Processsing latency progress update: <private>"
2026-09-20 20:32:36.598,"Privado — todo en tu Mac","com.apple.siri","Sin conexiones activas",false,25091,"Inferring originatingProcess to be identical to onBehalfOfProcess","-[AFConnection _extendExistingRequestTimeoutForReason:durationInSeconds:] reason = requestDidAskForTimeoutExtension:"
2026-09-20 20:32:36.598,"Privado — todo en tu Mac","com.apple.siri","Sin conexiones activas",false,25091,"Inferring originatingProcess to be identical to onBehalfOfProcess","-[CampoUISiriChatSession assistantConnection:receivedCommand:completion:] Received Command: StreamChunk aceId: <private>"
2026-09-20 20:32:36.598,"Privado — todo en tu Mac","com.apple.siri","Sin conexiones activas",false,25091,"Inferring originatingProcess to be identical to onBehalfOfProcess","-[AFConnection _dispatchCommand:isInterstitial:interstitialPhase:interstitialDelay:reply:] command = <private>, isInterstitial = 0"
2026-09-20 20:32:36.598,"Privado — todo en tu Mac","com.apple.siri","Sin conexiones activas",false,25091,"Inferring originatingProcess to be identical to onBehalfOfProcess","-[AFConnection _handleCommand:reply:] command = <private>"
2026-09-20 20:32:36.598,"Privado — todo en tu Mac","com.apple.siri","Sin conexiones activas",false,25091,"Inferring originatingProcess to be identical to onBehalfOfProcess","-[CampoUISiriChatSession assistantConnection:receivedCommand:completion:] Received Command: StreamChunk aceId: <private>"
2026-09-20 20:32:36.598,"Privado — todo en tu Mac","com.apple.siri","Sin conexiones activas",false,25090,"Inferring originatingProcess to be identical to onBehalfOfProcess","-[AFConnection _dispatchCommand:isInterstitial:interstitialPhase:interstitialDelay:reply:] command = <private>, isInterstitial = 0"
2026-09-20 20:32:36.598,"Privado — todo en tu Mac","com.apple.siri","Sin conexiones activas",false,25090,"Inferring originatingProcess to be identical to onBehalfOfProcess","-[AFConnection _handleCommand:reply:] command = <private>"
2026-09-20 20:32:36.598,"Privado — todo en tu Mac","com.apple.siri","Sin conexiones activas",false,25090,"Inferring originatingProcess to be identical to onBehalfOfProcess","-[AFConnection _extendExistingRequestTimeoutForReason:durationInSeconds:] No existing timeout timer set. Skipping."
2026-09-20 20:32:36.598,"Privado — todo en tu Mac","com.apple.siri","Sin conexiones activas",false,25090,"Inferring originatingProcess to be identical to onBehalfOfProcess","-[AFConnection _extendExistingRequestTimeoutForReason:durationInSeconds:] reason = requestDidAskForTimeoutExtension:"
2026-09-20 20:32:36.597,"Privado — todo en tu Mac","com.apple.siri","Sin conexiones activas",false,25090,"Inferring originatingProcess to be identical to onBehalfOfProcess","-[CampoUISiriChatPresentationController siriSessionDidReceiveAddViewsCommand:completion:] Received an empty SAUIAssistantUtteranceView with no dialog from a SAUIAddViews with aceID:<private> refID:<private>. Marking command as SACommandSucceeded"
2026-09-20 20:32:36.597,"Privado — todo en tu Mac","com.apple.siri","Sin conexiones activas",false,25090,"Inferring originatingProcess to be identical to onBehalfOfProcess","-[CampoUISiriChatPresentationController siriSessionDidReceiveAddViewsCommand:completion:] #modes SAUIAddViews view class: SAUIAssistantUtteranceView"
2026-09-20 20:32:36.597,"Privado — todo en tu Mac","com.apple.siri","Sin conexiones activas",false,25089,"Inferring originatingProcess to be identical to onBehalfOfProcess","-[CampoUISiriChatPresentationController siriSessionDidReceiveAddViewsCommand:completion:] #Replay isReplaying: 0, wrapper: 0x0"
2026-09-20 20:32:36.597,"Privado — todo en tu Mac","com.apple.siri","Sin conexiones activas",false,25089,"Inferring originatingProcess to be identical to onBehalfOfProcess","-[CampoUISiriChatPresentationController siriSessionDidReceiveAddViewsCommand:completion:] #Replay receivedReplayCommand SAUIAddViews: <private>"
2026-09-20 20:32:36.568,"Privado — todo en tu Mac","com.apple.siri","Sin conexiones activas",false,25082,"Inferring originatingProcess to be identical to onBehalfOfProcess","Processsing latency progress update: <private>"
2026-09-20 20:32:36.568,"Privado — todo en tu Mac","com.apple.siri","Sin conexiones activas",false,25082,"Inferring originatingProcess to be identical to onBehalfOfProcess","-[AFConnection _extendExistingRequestTimeoutForReason:durationInSeconds:] reason = requestDidAskForTimeoutExtension:"
2026-09-20 20:32:36.568,"Privado — todo en tu Mac","com.apple.siri","Sin conexiones activas",false,25082,"Inferring originatingProcess to be identical to onBehalfOfProcess","-[CampoUISiriChatSession assistantConnection:receivedCommand:completion:] Received Command: StreamChunk aceId: <private>"
2026-09-20 20:32:36.568,"Privado — todo en tu Mac","com.apple.siri","Sin conexiones activas",false,25082,"Inferring originatingProcess to be identical to onBehalfOfProcess","-[AFConnection _handleCommand:reply:] command = <private>"
2026-09-20 20:32:36.568,"Privado — todo en tu Mac","com.apple.siri","Sin conexiones activas",false,25082,"Inferring originatingProcess to be identical to onBehalfOfProcess","-[AFConnection _extendExistingRequestTimeoutForReason:durationInSeconds:] reason = requestDidAskForTimeoutExtension:"
2026-09-20 20:32:36.568,"Privado — todo en tu Mac","com.apple.siri","Sin conexiones activas",false,25082,"Inferring originatingProcess to be identical to onBehalfOfProcess","-[CampoUISiriChatSession assistantConnection:receivedCommand:completion:] Received Command: StreamChunk aceId: <private>"
2026-09-20 20:32:36.568,"Privado — todo en tu Mac","com.apple.siri","Sin conexiones activas",false,25082,"Inferring originatingProcess to be identical to onBehalfOfProcess","-[AFConnection _dispatchCommand:isInterstitial:interstitialPhase:interstitialDelay:reply:] command = <private>, isInterstitial = 0"
2026-09-20 20:32:36.568,"Privado — todo en tu Mac","com.apple.siri","Sin conexiones activas",false,25082,"Inferring originatingProcess to be identical to onBehalfOfProcess","-[AFConnection _handleCommand:reply:] command = <private>"
2026-09-20 20:32:36.568,"Privado — todo en tu Mac","com.apple.siri","Sin conexiones activas",false,25082,"Inferring originatingProcess to be identical to onBehalfOfProcess","-[AFConnection _extendExistingRequestTimeoutForReason:durationInSeconds:] reason = requestDidAskForTimeoutExtension:"
2026-09-20 20:32:36.568,"Privado — todo en tu Mac","com.apple.siri","Sin conexiones activas",false,25082,"Inferring originatingProcess to be identical to onBehalfOfProcess","-[CampoUISiriChatPresentationController siriSessionDidReceiveUpdateVisualResponseSnippetCommand:completion:] command with viewId: <private> handled by presentation: YES"
2026-09-20 20:32:36.545,"Privado — todo en tu Mac","com.apple.siri","Sin conexiones activas",false,25081,"Inferring originatingProcess to be identical to onBehalfOfProcess","-[CampoUISiriChatPresentationController siriSessionDidReceiveAddViewsCommand:completion:] Received an empty SAUIAssistantUtteranceView with no dialog from a SAUIAddViews with aceID:<private> refID:<private>. Marking command as SACommandSucceeded"
2026-09-20 20:32:36.545,"Privado — todo en tu Mac","com.apple.siri","Sin conexiones activas",false,25081,"Inferring originatingProcess to be identical to onBehalfOfProcess","-[CampoUISiriChatPresentationController siriSessionDidReceiveAddViewsCommand:completion:] #modes SAUIAddViews view class: SAUIAssistantUtteranceView"
2026-09-20 20:32:36.545,"Privado — todo en tu Mac","com.apple.siri","Sin conexiones activas",false,25078,"Inferring originatingProcess to be identical to onBehalfOfProcess","-[CampoUISiriChatPresentationController siriSessionDidReceiveAddViewsCommand:completion:] #Replay isReplaying: 0, wrapper: 0x0"
2026-09-20 20:32:36.545,"Privado — todo en tu Mac","com.apple.siri","Sin conexiones activas",false,25078,"Inferring originatingProcess to be identical to onBehalfOfProcess","-[CampoUISiriChatPresentationController siriSessionDidReceiveAddViewsCommand:completion:] #Replay receivedReplayCommand SAUIAddViews: <private>"
2026-09-20 20:32:36.529,"Privado — todo en tu Mac","com.apple.siri","Sin conexiones activas",false,25078,"Inferring originatingProcess to be identical to onBehalfOfProcess","-[CampoUISiriChatPresentationController siriSessionDidReceiveUpdateVisualResponseSnippetCommand:completion:] command with viewId: <private> handled by presentation: YES"
2026-09-20 20:32:36.512,"Privado — todo en tu Mac","com.apple.siri","Sin conexiones activas",false,25077,"Inferring originatingProcess to be identical to onBehalfOfProcess","-[CampoUISiriChatPresentationController siriSessionDidReceiveAddViewsCommand:completion:] Received an empty SAUIAssistantUtteranceView with no dialog from a SAUIAddViews with aceID:<private> refID:<private>. Marking command as SACommandSucceeded"
2026-09-20 20:32:36.512,"Privado — todo en tu Mac","com.apple.siri","Sin conexiones activas",false,25077,"Inferring originatingProcess to be identical to onBehalfOfProcess","-[CampoUISiriChatPresentationController siriSessionDidReceiveAddViewsCommand:completion:] #modes SAUIAddViews view class: SAUIAssistantUtteranceView"
2026-09-20 20:32:36.512,"Privado — todo en tu Mac","com.apple.siri","Sin conexiones activas",false,25077,"Inferring originatingProcess to be identical to onBehalfOfProcess","-[CampoUISiriChatPresentationController siriSessionDidReceiveAddViewsCommand:completion:] #Replay isReplaying: 0, wrapper: 0x0"
2026-09-20 20:32:36.512,"Privado — todo en tu Mac","com.apple.siri","Sin conexiones activas",false,25077,"Inferring originatingProcess to be identical to onBehalfOfProcess","-[CampoUISiriChatPresentationController siriSessionDidReceiveAddViewsCommand:completion:] #Replay receivedReplayCommand SAUIAddViews: <private>"
2026-09-20 20:32:36.485,"Privado — todo en tu Mac","com.apple.siri","Sin conexiones activas",false,25076,"Inferring originatingProcess to be identical to onBehalfOfProcess","-[CampoUISiriChatPresentationController siriSessionDidReceiveUpdateVisualResponseSnippetCommand:completion:] command with viewId: <private> handled by presentation: YES"
2026-09-20 20:32:36.464,"Privado — todo en tu Mac","com.apple.siri","Sin conexiones activas",false,25074,"Inferring originatingProcess to be identical to onBehalfOfProcess","-[CampoUISiriChatSession assistantConnection:receivedCommand:completion:] Received Command: StreamChunk aceId: <private>"
2026-09-20 20:32:36.464,"Privado — todo en tu Mac","com.apple.siri","Sin conexiones activas",false,25074,"Inferring originatingProcess to be identical to onBehalfOfProcess","-[AFConnection _dispatchCommand:isInterstitial:interstitialPhase:interstitialDelay:reply:] command = <private>, isInterstitial = 0"
2026-09-20 20:32:36.464,"Privado — todo en tu Mac","com.apple.siri","Sin conexiones activas",false,25074,"Inferring originatingProcess to be identical to onBehalfOfProcess","-[AFConnection _handleCommand:reply:] command = <private>"
2026-09-20 20:32:36.464,"Privado — todo en tu Mac","com.apple.siri","Sin conexiones activas",false,25074,"Inferring originatingProcess to be identical to onBehalfOfProcess","Processsing latency progress update: <private>"
2026-09-20 20:32:36.463,"Privado — todo en tu Mac","com.apple.siri","Sin conexiones activas",false,25074,"Inferring originatingProcess to be identical to onBehalfOfProcess","-[AFConnection _extendExistingRequestTimeoutForReason:durationInSeconds:] No existing timeout timer set. Skipping."
2026-09-20 20:32:36.463,"Privado — todo en tu Mac","com.apple.siri","Sin conexiones activas",false,25074,"Inferring originatingProcess to be identical to onBehalfOfProcess","-[AFConnection _extendExistingRequestTimeoutForReason:durationInSeconds:] reason = requestDidAskForTimeoutExtension:"
2026-09-20 20:32:36.463,"Privado — todo en tu Mac","com.apple.siri","Sin conexiones activas",false,25074,"Inferring originatingProcess to be identical to onBehalfOfProcess","-[AFConnection _extendExistingRequestTimeoutForReason:durationInSeconds:] No existing timeout timer set. Skipping."
2026-09-20 20:32:36.463,"Privado — todo en tu Mac","com.apple.siri","Sin conexiones activas",false,25074,"Inferring originatingProcess to be identical to onBehalfOfProcess","-[AFConnection _extendExistingRequestTimeoutForReason:durationInSeconds:] reason = requestDidAskForTimeoutExtension:"
2026-09-20 20:32:36.463,"Privado — todo en tu Mac","com.apple.siri","Sin conexiones activas",false,25074,"Inferring originatingProcess to be identical to onBehalfOfProcess","-[CampoUISiriChatPresentationController siriSessionDidReceiveAddViewsCommand:completion:] Received an empty SAUIAssistantUtteranceView with no dialog from a SAUIAddViews with aceID:<private> refID:<private>. Marking command as SACommandSucceeded"
2026-09-20 20:32:36.463,"Privado — todo en tu Mac","com.apple.siri","Sin conexiones activas",false,25073,"Inferring originatingProcess to be identical to onBehalfOfProcess","-[CampoUISiriChatPresentationController siriSessionDidReceiveAddViewsCommand:completion:] #modes SAUIAddViews view class: SAUIAssistantUtteranceView"
2026-09-20 20:32:36.463,"Privado — todo en tu Mac","com.apple.siri","Sin conexiones activas",false,25073,"Inferring originatingProcess to be identical to onBehalfOfProcess","-[CampoUISiriChatPresentationController siriSessionDidReceiveAddViewsCommand:completion:] #Replay isReplaying: 0, wrapper: 0x0"
2026-09-20 20:32:36.463,"Privado — todo en tu Mac","com.apple.siri","Sin conexiones activas",false,25073,"Inferring originatingProcess to be identical to onBehalfOfProcess","-[CampoUISiriChatPresentationController siriSessionDidReceiveAddViewsCommand:completion:] #Replay receivedReplayCommand SAUIAddViews: <private>"
2026-09-20 20:32:36.447,"Privado — todo en tu Mac","com.apple.siri","Sin conexiones activas",false,25072,"Inferring originatingProcess to be identical to onBehalfOfProcess","Processsing latency progress update: <private>"
2026-09-20 20:32:36.446,"Privado — todo en tu Mac","com.apple.siri","Sin conexiones activas",false,25072,"Inferring originatingProcess to be identical to onBehalfOfProcess","-[CampoUISiriChatSession assistantConnection:receivedCommand:completion:] Received Command: StreamChunk aceId: <private>"
2026-09-20 20:32:36.446,"Privado — todo en tu Mac","com.apple.siri","Sin conexiones activas",false,25072,"Inferring originatingProcess to be identical to onBehalfOfProcess","-[AFConnection _dispatchCommand:isInterstitial:interstitialPhase:interstitialDelay:reply:] command = <private>, isInterstitial = 0"
2026-09-20 20:32:36.446,"Privado — todo en tu Mac","com.apple.siri","Sin conexiones activas",false,25072,"Inferring originatingProcess to be identical to onBehalfOfProcess","-[AFConnection _handleCommand:reply:] command = <private>"
2026-09-20 20:32:36.446,"Privado — todo en tu Mac","com.apple.siri","Sin conexiones activas",false,25072,"Inferring originatingProcess to be identical to onBehalfOfProcess","-[AFConnection _extendExistingRequestTimeoutForReason:durationInSeconds:] No existing timeout timer set. Skipping."
2026-09-20 20:32:36.446,"Privado — todo en tu Mac","com.apple.siri","Sin conexiones activas",false,25072,"Inferring originatingProcess to be identical to onBehalfOfProcess","-[AFConnection _extendExistingRequestTimeoutForReason:durationInSeconds:] reason = requestDidAskForTimeoutExtension:"
2026-09-20 20:32:36.446,"Privado — todo en tu Mac","com.apple.siri","Sin conexiones activas",false,25072,"Inferring originatingProcess to be identical to onBehalfOfProcess","Processsing latency progress update: <private>"
2026-09-20 20:32:36.446,"Privado — todo en tu Mac","com.apple.siri","Sin conexiones activas",false,25072,"Inferring originatingProcess to be identical to onBehalfOfProcess","-[CampoUISiriChatPresentationController siriSessionDidReceiveUpdateVisualResponseSnippetCommand:completion:] command with viewId: <private> handled by presentation: YES"
2026-09-20 20:32:36.446,"Privado — todo en tu Mac","com.apple.siri","Sin conexiones activas",false,25071,"Inferring originatingProcess to be identical to onBehalfOfProcess","-[AFConnection _extendExistingRequestTimeoutForReason:durationInSeconds:] reason = requestDidAskForTimeoutExtension:"
2026-09-20 20:32:36.446,"Privado — todo en tu Mac","com.apple.siri","Sin conexiones activas",false,25071,"Inferring originatingProcess to be identical to onBehalfOfProcess","Processsing latency progress update: <private>"
2026-09-20 20:32:36.417,"Privado — todo en tu Mac","com.apple.siri","Sin conexiones activas",false,25069,"Inferring originatingProcess to be identical to onBehalfOfProcess","-[AFConnection _extendExistingRequestTimeoutForReason:durationInSeconds:] reason = requestDidAskForTimeoutExtension:"
2026-09-20 20:32:36.417,"Privado — todo en tu Mac","com.apple.siri","Sin conexiones activas",false,25069,"Inferring originatingProcess to be identical to onBehalfOfProcess","-[CampoUISiriChatSession assistantConnection:receivedCommand:completion:] Received Command: StreamChunk aceId: <private>"
2026-09-20 20:32:36.417,"Privado — todo en tu Mac","com.apple.siri","Sin conexiones activas",false,25069,"Inferring originatingProcess to be identical to onBehalfOfProcess","-[AFConnection _handleCommand:reply:] command = <private>"
2026-09-20 20:32:36.417,"Privado — todo en tu Mac","com.apple.siri","Sin conexiones activas",false,25069,"Inferring originatingProcess to be identical to onBehalfOfProcess","-[CampoUISiriChatSession assistantConnection:receivedCommand:completion:] Received Command: StreamChunk aceId: <private>"
2026-09-20 20:32:36.417,"Privado — todo en tu Mac","com.apple.siri","Sin conexiones activas",false,25069,"Inferring originatingProcess to be identical to onBehalfOfProcess","-[AFConnection _dispatchCommand:isInterstitial:interstitialPhase:interstitialDelay:reply:] command = <private>, isInterstitial = 0"
2026-09-20 20:32:36.417,"Privado — todo en tu Mac","com.apple.siri","Sin conexiones activas",false,25069,"Inferring originatingProcess to be identical to onBehalfOfProcess","-[AFConnection _handleCommand:reply:] command = <private>"
2026-09-20 20:32:36.417,"Privado — todo en tu Mac","com.apple.siri","Sin conexiones activas",false,25069,"Inferring originatingProcess to be identical to onBehalfOfProcess","-[AFConnection _extendExistingRequestTimeoutForReason:durationInSeconds:] reason = requestDidAskForTimeoutExtension:"
2026-09-20 20:32:36.417,"Privado — todo en tu Mac","com.apple.siri","Sin conexiones activas",false,25069,"Inferring originatingProcess to be identical to onBehalfOfProcess","-[CampoUISiriChatPresentationController siriSessionDidReceiveAddViewsCommand:completion:] Received an empty SAUIAssistantUtteranceView with no dialog from a SAUIAddViews with aceID:<private> refID:<private>. Marking command as SACommandSucceeded"
2026-09-20 20:32:36.417,"Privado — todo en tu Mac","com.apple.siri","Sin conexiones activas",false,25068,"Inferring originatingProcess to be identical to onBehalfOfProcess","-[CampoUISiriChatPresentationController siriSessionDidReceiveAddViewsCommand:completion:] #modes SAUIAddViews view class: SAUIAssistantUtteranceView"
2026-09-20 20:32:36.417,"Privado — todo en tu Mac","com.apple.siri","Sin conexiones activas",false,25068,"Inferring originatingProcess to be identical to onBehalfOfProcess","-[CampoUISiriChatPresentationController siriSessionDidReceiveAddViewsCommand:completion:] #Replay isReplaying: 0, wrapper: 0x0"
2026-09-20 20:32:36.417,"Privado — todo en tu Mac","com.apple.siri","Sin conexiones activas",false,25068,"Inferring originatingProcess to be identical to onBehalfOfProcess","-[CampoUISiriChatPresentationController siriSessionDidReceiveAddViewsCommand:completion:] #Replay receivedReplayCommand SAUIAddViews: <private>"
2026-09-20 20:32:36.404,"Privado — todo en tu Mac","com.apple.siri","Sin conexiones activas",false,25067,"Inferring originatingProcess to be identical to onBehalfOfProcess","-[CampoUISiriChatPresentationController siriSessionDidReceiveUpdateVisualResponseSnippetCommand:completion:] command with viewId: <private> handled by presentation: YES"
2026-09-20 20:32:36.388,"Privado — todo en tu Mac","com.apple.siri","Sin conexiones activas",false,25066,"Inferring originatingProcess to be identical to onBehalfOfProcess","Processsing latency progress update: <private>"
2026-09-20 20:32:36.388,"Privado — todo en tu Mac","com.apple.siri","Sin conexiones activas",false,25066,"Inferring originatingProcess to be identical to onBehalfOfProcess","-[CampoUISiriChatSession assistantConnection:receivedCommand:completion:] Received Command: StreamChunk aceId: <private>"
2026-09-20 20:32:36.388,"Privado — todo en tu Mac","com.apple.siri","Sin conexiones activas",false,25066,"Inferring originatingProcess to be identical to onBehalfOfProcess","-[AFConnection _dispatchCommand:isInterstitial:interstitialPhase:interstitialDelay:reply:] command = <private>, isInterstitial = 0"
2026-09-20 20:32:36.388,"Privado — todo en tu Mac","com.apple.siri","Sin conexiones activas",false,25066,"Inferring originatingProcess to be identical to onBehalfOfProcess","-[AFConnection _handleCommand:reply:] command = <private>"
2026-09-20 20:32:36.388,"Privado — todo en tu Mac","com.apple.siri","Sin conexiones activas",false,25066,"Inferring originatingProcess to be identical to onBehalfOfProcess","-[AFConnection _extendExistingRequestTimeoutForReason:durationInSeconds:] reason = requestDidAskForTimeoutExtension:"
2026-09-20 20:32:36.388,"Privado — todo en tu Mac","com.apple.siri","Sin conexiones activas",false,25066,"Inferring originatingProcess to be identical to onBehalfOfProcess","-[CampoUISiriChatPresentationController siriSessionDidReceiveAddViewsCommand:completion:] Received an empty SAUIAssistantUtteranceView with no dialog from a SAUIAddViews with aceID:<private> refID:<private>. Marking command as SACommandSucceeded"
2026-09-20 20:32:36.388,"Privado — todo en tu Mac","com.apple.siri","Sin conexiones activas",false,25066,"Inferring originatingProcess to be identical to onBehalfOfProcess","-[CampoUISiriChatPresentationController siriSessionDidReceiveAddViewsCommand:completion:] #modes SAUIAddViews view class: SAUIAssistantUtteranceView"
2026-09-20 20:32:36.388,"Privado — todo en tu Mac","com.apple.siri","Sin conexiones activas",false,25065,"Inferring originatingProcess to be identical to onBehalfOfProcess","-[CampoUISiriChatPresentationController siriSessionDidReceiveAddViewsCommand:completion:] #Replay receivedReplayCommand SAUIAddViews: <private>"
2026-09-20 20:32:36.384,"Privado — todo en tu Mac","com.apple.siri","Sin conexiones activas",false,25065,"Inferring originatingProcess to be identical to onBehalfOfProcess","Processsing latency progress update: <private>"
2026-09-20 20:32:36.384,"Privado — todo en tu Mac","com.apple.siri","Sin conexiones activas",false,25065,"Inferring originatingProcess to be identical to onBehalfOfProcess","-[CampoUISiriChatSession assistantConnection:receivedCommand:completion:] Received Command: StreamChunk aceId: <private>"
2026-09-20 20:32:36.384,"Privado — todo en tu Mac","com.apple.siri","Sin conexiones activas",false,25065,"Inferring originatingProcess to be identical to onBehalfOfProcess","-[AFConnection _dispatchCommand:isInterstitial:interstitialPhase:interstitialDelay:reply:] command = <private>, isInterstitial = 0"
2026-09-20 20:32:36.384,"Privado — todo en tu Mac","com.apple.siri","Sin conexiones activas",false,25065,"Inferring originatingProcess to be identical to onBehalfOfProcess","-[AFConnection _handleCommand:reply:] command = <private>"
2026-09-20 20:32:36.384,"Privado — todo en tu Mac","com.apple.siri","Sin conexiones activas",false,25065,"Inferring originatingProcess to be identical to onBehalfOfProcess","-[AFConnection _extendExistingRequestTimeoutForReason:durationInSeconds:] reason = requestDidAskForTimeoutExtension:"
2026-09-20 20:32:36.384,"Privado — todo en tu Mac","com.apple.siri","Sin conexiones activas",false,25065,"Inferring originatingProcess to be identical to onBehalfOfProcess","-[AFConnection _extendExistingRequestTimeoutForReason:durationInSeconds:] No existing timeout timer set. Skipping."
2026-09-20 20:32:36.384,"Privado — todo en tu Mac","com.apple.siri","Sin conexiones activas",false,25065,"Inferring originatingProcess to be identical to onBehalfOfProcess","-[AFConnection _extendExistingRequestTimeoutForReason:durationInSeconds:] reason = requestDidAskForTimeoutExtension:"
2026-09-20 20:32:36.384,"Privado — todo en tu Mac","com.apple.siri","Sin conexiones activas",false,25065,"Inferring originatingProcess to be identical to onBehalfOfProcess","-[CampoUISiriChatPresentationController siriSessionDidReceiveUpdateVisualResponseSnippetCommand:completion:] command with viewId: <private> handled by presentation: YES"
2026-09-20 20:32:36.377,"Privado — todo en tu Mac","com.apple.siri","Sin conexiones activas",false,25065,"Inferring originatingProcess to be identical to onBehalfOfProcess","-[CampoUISiriChatPresentationController siriSessionDidReceiveAddViewsCommand:completion:] Received an empty SAUIAssistantUtteranceView with no dialog from a SAUIAddViews with aceID:<private> refID:<private>. Marking command as SACommandSucceeded"
2026-09-20 20:32:36.377,"Privado — todo en tu Mac","com.apple.siri","Sin conexiones activas",false,25065,"Inferring originatingProcess to be identical to onBehalfOfProcess","-[CampoUISiriChatPresentationController siriSessionDidReceiveAddViewsCommand:completion:] #modes SAUIAddViews view class: SAUIAssistantUtteranceView"
2026-09-20 20:32:36.377,"Privado — todo en tu Mac","com.apple.siri","Sin conexiones activas",false,25065,"Inferring originatingProcess to be identical to onBehalfOfProcess","-[CampoUISiriChatPresentationController siriSessionDidReceiveAddViewsCommand:completion:] #Replay isReplaying: 0, wrapper: 0x0"
2026-09-20 20:32:36.377,"Privado — todo en tu Mac","com.apple.siri","Sin conexiones activas",false,25065,"Inferring originatingProcess to be identical to onBehalfOfProcess","-[CampoUISiriChatPresentationController siriSessionDidReceiveAddViewsCommand:completion:] #Replay receivedReplayCommand SAUIAddViews: <private>"
2026-09-20 20:32:36.376,"Privado — todo en tu Mac","com.apple.siri","Sin conexiones activas",false,25065,"Inferring originatingProcess to be identical to onBehalfOfProcess","-[CampoUISiriChatPresentationController siriSessionDidReceiveUpdateVisualResponseSnippetCommand:completion:] command with viewId: <private> handled by presentation: YES"
2026-09-20 20:32:36.367,"Privado — todo en tu Mac","com.apple.siri","Sin conexiones activas",false,25061,"Inferring originatingProcess to be identical to onBehalfOfProcess","-[CampoUISiriChatPresentationController siriSessionDidReceiveAddViewsCommand:completion:] Received an empty SAUIAssistantUtteranceView with no dialog from a SAUIAddViews with aceID:<private> refID:<private>. Marking command as SACommandSucceeded"
2026-09-20 20:32:36.367,"Privado — todo en tu Mac","com.apple.siri","Sin conexiones activas",false,25061,"Inferring originatingProcess to be identical to onBehalfOfProcess","-[CampoUISiriChatPresentationController siriSessionDidReceiveAddViewsCommand:completion:] #modes SAUIAddViews view class: SAUIAssistantUtteranceView"
2026-09-20 20:32:36.367,"Privado — todo en tu Mac","com.apple.siri","Sin conexiones activas",false,25061,"Inferring originatingProcess to be identical to onBehalfOfProcess","-[CampoUISiriChatPresentationController siriSessionDidReceiveAddViewsCommand:completion:] #Replay isReplaying: 0, wrapper: 0x0"
2026-09-20 20:32:36.367,"Privado — todo en tu Mac","com.apple.siri","Sin conexiones activas",false,25061,"Inferring originatingProcess to be identical to onBehalfOfProcess","-[CampoUISiriChatPresentationController siriSessionDidReceiveAddViewsCommand:completion:] #Replay receivedReplayCommand SAUIAddViews: <private>"
2026-09-20 20:32:36.360,"Privado — todo en tu Mac","com.apple.siri","Sin conexiones activas",false,25060,"Inferring originatingProcess to be identical to onBehalfOfProcess","Processsing latency progress update: <private>"
2026-09-20 20:32:36.360,"Privado — todo en tu Mac","com.apple.siri","Sin conexiones activas",false,25060,"Inferring originatingProcess to be identical to onBehalfOfProcess","-[CampoUISiriChatSession assistantConnection:receivedCommand:completion:] Received Command: StreamChunk aceId: <private>"
2026-09-20 20:32:36.360,"Privado — todo en tu Mac","com.apple.siri","Sin conexiones activas",false,25060,"Inferring originatingProcess to be identical to onBehalfOfProcess","-[AFConnection _handleCommand:reply:] command = <private>"
2026-09-20 20:32:36.360,"Privado — todo en tu Mac","com.apple.siri","Sin conexiones activas",false,25060,"Inferring originatingProcess to be identical to onBehalfOfProcess","-[AFConnection _extendExistingRequestTimeoutForReason:durationInSeconds:] No existing timeout timer set. Skipping."
2026-09-20 20:32:36.360,"Privado — todo en tu Mac","com.apple.siri","Sin conexiones activas",false,25060,"Inferring originatingProcess to be identical to onBehalfOfProcess","-[AFConnection _extendExistingRequestTimeoutForReason:durationInSeconds:] reason = requestDidAskForTimeoutExtension:"
2026-09-20 20:32:36.360,"Privado — todo en tu Mac","com.apple.siri","Sin conexiones activas",false,25060,"Inferring originatingProcess to be identical to onBehalfOfProcess","-[CampoUISiriChatSession assistantConnection:receivedCommand:completion:] Received Command: StreamChunk aceId: <private>"
2026-09-20 20:32:36.360,"Privado — todo en tu Mac","com.apple.siri","Sin conexiones activas",false,25060,"Inferring originatingProcess to be identical to onBehalfOfProcess","-[AFConnection _dispatchCommand:isInterstitial:interstitialPhase:interstitialDelay:reply:] command = <private>, isInterstitial = 0"
2026-09-20 20:32:36.360,"Privado — todo en tu Mac","com.apple.siri","Sin conexiones activas",false,25060,"Inferring originatingProcess to be identical to onBehalfOfProcess","-[AFConnection _handleCommand:reply:] command = <private>"
2026-09-20 20:32:36.360,"Privado — todo en tu Mac","com.apple.siri","Sin conexiones activas",false,25060,"Inferring originatingProcess to be identical to onBehalfOfProcess","-[AFConnection _extendExistingRequestTimeoutForReason:durationInSeconds:] reason = requestDidAskForTimeoutExtension:"
2026-09-20 20:32:36.359,"Privado — todo en tu Mac","com.apple.siri","Sin conexiones activas",false,25060,"Inferring originatingProcess to be identical to onBehalfOfProcess","-[AFConnection _extendExistingRequestTimeoutForReason:durationInSeconds:] No existing timeout timer set. Skipping."
2026-09-20 20:32:36.359,"Privado — todo en tu Mac","com.apple.siri","Sin conexiones activas",false,25059,"Inferring originatingProcess to be identical to onBehalfOfProcess","-[AFConnection _extendExistingRequestTimeoutForReason:durationInSeconds:] reason = requestDidAskForTimeoutExtension:"
2026-09-20 20:32:36.359,"Privado — todo en tu Mac","com.apple.siri","Sin conexiones activas",false,25059,"Inferring originatingProcess to be identical to onBehalfOfProcess","-[CampoUISiriChatPresentationController siriSessionDidReceiveUpdateVisualResponseSnippetCommand:completion:] command with viewId: <private> handled by presentation: YES"
2026-09-20 20:32:36.342,"Privado — todo en tu Mac","com.apple.siri","Sin conexiones activas",false,25058,"Inferring originatingProcess to be identical to onBehalfOfProcess","-[CampoUISiriChatPresentationController siriSessionDidReceiveAddViewsCommand:completion:] Received an empty SAUIAssistantUtteranceView with no dialog from a SAUIAddViews with aceID:<private> refID:<private>. Marking command as SACommandSucceeded"
2026-09-20 20:32:36.342,"Privado — todo en tu Mac","com.apple.siri","Sin conexiones activas",false,25057,"Inferring originatingProcess to be identical to onBehalfOfProcess","-[CampoUISiriChatPresentationController siriSessionDidReceiveAddViewsCommand:completion:] #modes SAUIAddViews view class: SAUIAssistantUtteranceView"
2026-09-20 20:32:36.342,"Privado — todo en tu Mac","com.apple.siri","Sin conexiones activas",false,25057,"Inferring originatingProcess to be identical to onBehalfOfProcess","-[CampoUISiriChatPresentationController siriSessionDidReceiveAddViewsCommand:completion:] #Replay isReplaying: 0, wrapper: 0x0"
2026-09-20 20:32:36.342,"Privado — todo en tu Mac","com.apple.siri","Sin conexiones activas",false,25057,"Inferring originatingProcess to be identical to onBehalfOfProcess","-[CampoUISiriChatPresentationController siriSessionDidReceiveAddViewsCommand:completion:] #Replay receivedReplayCommand SAUIAddViews: <private>"
2026-09-20 20:32:36.341,"Privado — todo en tu Mac","com.apple.siri","Sin conexiones activas",false,25057,"Inferring originatingProcess to be identical to onBehalfOfProcess","-[CampoUISiriChatPresentationController siriSessionDidReceiveUpdateVisualResponseSnippetCommand:completion:] command with viewId: <private> handled by presentation: YES"
2026-09-20 20:32:36.324,"Privado — todo en tu Mac","com.apple.siri","Sin conexiones activas",false,25055,"Inferring originatingProcess to be identical to onBehalfOfProcess","-[CampoUISiriChatPresentationController siriSessionDidReceiveAddViewsCommand:completion:] Received an empty SAUIAssistantUtteranceView with no dialog from a SAUIAddViews with aceID:<private> refID:<private>. Marking command as SACommandSucceeded"
2026-09-20 20:32:36.324,"Privado — todo en tu Mac","com.apple.siri","Sin conexiones activas",false,25055,"Inferring originatingProcess to be identical to onBehalfOfProcess","-[CampoUISiriChatPresentationController siriSessionDidReceiveAddViewsCommand:completion:] #modes SAUIAddViews view class: SAUIAssistantUtteranceView"
2026-09-20 20:32:36.324,"Privado — todo en tu Mac","com.apple.siri","Sin conexiones activas",false,25055,"Inferring originatingProcess to be identical to onBehalfOfProcess","-[CampoUISiriChatPresentationController siriSessionDidReceiveAddViewsCommand:completion:] #Replay isReplaying: 0, wrapper: 0x0"
2026-09-20 20:32:36.324,"Privado — todo en tu Mac","com.apple.siri","Sin conexiones activas",false,25055,"Inferring originatingProcess to be identical to onBehalfOfProcess","-[CampoUISiriChatPresentationController siriSessionDidReceiveAddViewsCommand:completion:] #Replay receivedReplayCommand SAUIAddViews: <private>"
2026-09-20 20:32:36.323,"Privado — todo en tu Mac","com.apple.siri","Sin conexiones activas",false,25053,"Inferring originatingProcess to be identical to onBehalfOfProcess","Processsing latency progress update: <private>"
2026-09-20 20:32:36.323,"Privado — todo en tu Mac","com.apple.siri","Sin conexiones activas",false,25053,"Inferring originatingProcess to be identical to onBehalfOfProcess","-[AFConnection _extendExistingRequestTimeoutForReason:durationInSeconds:] reason = requestDidAskForTimeoutExtension:"
2026-09-20 20:32:36.323,"Privado — todo en tu Mac","com.apple.siri","Sin conexiones activas",false,25053,"Inferring originatingProcess to be identical to onBehalfOfProcess","-[CampoUISiriChatSession assistantConnection:receivedCommand:completion:] Received Command: StreamChunk aceId: <private>"
2026-09-20 20:32:36.323,"Privado — todo en tu Mac","com.apple.siri","Sin conexiones activas",false,25053,"Inferring originatingProcess to be identical to onBehalfOfProcess","-[AFConnection _dispatchCommand:isInterstitial:interstitialPhase:interstitialDelay:reply:] command = <private>, isInterstitial = 0"
2026-09-20 20:32:36.323,"Privado — todo en tu Mac","com.apple.siri","Sin conexiones activas",false,25052,"Inferring originatingProcess to be identical to onBehalfOfProcess","-[AFConnection _handleCommand:reply:] command = <private>"
2026-09-20 20:32:36.323,"Privado — todo en tu Mac","com.apple.siri","Sin conexiones activas",false,25052,"Inferring originatingProcess to be identical to onBehalfOfProcess","-[AFConnection _extendExistingRequestTimeoutForReason:durationInSeconds:] reason = requestDidAskForTimeoutExtension:"
2026-09-20 20:32:36.323,"Privado — todo en tu Mac","com.apple.siri","Sin conexiones activas",false,25052,"Inferring originatingProcess to be identical to onBehalfOfProcess","-[CampoUISiriChatSession assistantConnection:receivedCommand:completion:] Received Command: StreamChunk aceId: <private>"
2026-09-20 20:32:36.323,"Privado — todo en tu Mac","com.apple.siri","Sin conexiones activas",false,25052,"Inferring originatingProcess to be identical to onBehalfOfProcess","-[AFConnection _dispatchCommand:isInterstitial:interstitialPhase:interstitialDelay:reply:] command = <private>, isInterstitial = 0"
2026-09-20 20:32:36.323,"Privado — todo en tu Mac","com.apple.siri","Sin conexiones activas",false,25052,"Inferring originatingProcess to be identical to onBehalfOfProcess","-[AFConnection _handleCommand:reply:] command = <private>"
2026-09-20 20:32:36.323,"Privado — todo en tu Mac","com.apple.siri","Sin conexiones activas",false,25052,"Inferring originatingProcess to be identical to onBehalfOfProcess","-[AFConnection _extendExistingRequestTimeoutForReason:durationInSeconds:] reason = requestDidAskForTimeoutExtension:"
2026-09-20 20:32:36.323,"Privado — todo en tu Mac","com.apple.siri","Sin conexiones activas",false,25051,"Inferring originatingProcess to be identical to onBehalfOfProcess","-[CampoUISiriChatPresentationController siriSessionDidReceiveUpdateVisualResponseSnippetCommand:completion:] command with viewId: <private> handled by presentation: YES"
2026-09-20 20:32:36.305,"Privado — todo en tu Mac","com.apple.siri","Sin conexiones activas",false,25050,"Inferring originatingProcess to be identical to onBehalfOfProcess","-[CampoUISiriChatPresentationController siriSessionDidReceiveAddViewsCommand:completion:] Received an empty SAUIAssistantUtteranceView with no dialog from a SAUIAddViews with aceID:<private> refID:<private>. Marking command as SACommandSucceeded"
2026-09-20 20:32:36.305,"Privado — todo en tu Mac","com.apple.siri","Sin conexiones activas",false,25050,"Inferring originatingProcess to be identical to onBehalfOfProcess","-[CampoUISiriChatPresentationController siriSessionDidReceiveAddViewsCommand:completion:] #modes SAUIAddViews view class: SAUIAssistantUtteranceView"
2026-09-20 20:32:36.305,"Privado — todo en tu Mac","com.apple.siri","Sin conexiones activas",false,25050,"Inferring originatingProcess to be identical to onBehalfOfProcess","-[CampoUISiriChatPresentationController siriSessionDidReceiveAddViewsCommand:completion:] #Replay isReplaying: 0, wrapper: 0x0"
2026-09-20 20:32:36.305,"Privado — todo en tu Mac","com.apple.siri","Sin conexiones activas",false,25050,"Inferring originatingProcess to be identical to onBehalfOfProcess","-[CampoUISiriChatPresentationController siriSessionDidReceiveAddViewsCommand:completion:] #Replay receivedReplayCommand SAUIAddViews: <private>"
2026-09-20 20:32:36.296,"Privado — todo en tu Mac","com.apple.siri","Sin conexiones activas",false,25049,"Inferring originatingProcess to be identical to onBehalfOfProcess","Processsing latency progress update: <private>"
2026-09-20 20:32:36.296,"Privado — todo en tu Mac","com.apple.siri","Sin conexiones activas",false,25049,"Inferring originatingProcess to be identical to onBehalfOfProcess","-[AFConnection _extendExistingRequestTimeoutForReason:durationInSeconds:] reason = requestDidAskForTimeoutExtension:"
2026-09-20 20:32:36.296,"Privado — todo en tu Mac","com.apple.siri","Sin conexiones activas",false,25049,"Inferring originatingProcess to be identical to onBehalfOfProcess","-[CampoUISiriChatSession assistantConnection:receivedCommand:completion:] Received Command: StreamChunk aceId: <private>"
2026-09-20 20:32:36.296,"Privado — todo en tu Mac","com.apple.siri","Sin conexiones activas",false,25049,"Inferring originatingProcess to be identical to onBehalfOfProcess","-[AFConnection _dispatchCommand:isInterstitial:interstitialPhase:interstitialDelay:reply:] command = <private>, isInterstitial = 0"
2026-09-20 20:32:36.296,"Privado — todo en tu Mac","com.apple.siri","Sin conexiones activas",false,25049,"Inferring originatingProcess to be identical to onBehalfOfProcess","-[AFConnection _handleCommand:reply:] command = <private>"
2026-09-20 20:32:36.296,"Privado — todo en tu Mac","com.apple.siri","Sin conexiones activas",false,25049,"Inferring originatingProcess to be identical to onBehalfOfProcess","-[CampoUISiriChatSession assistantConnection:receivedCommand:completion:] Received Command: StreamChunk aceId: <private>"
2026-09-20 20:32:36.296,"Privado — todo en tu Mac","com.apple.siri","Sin conexiones activas",false,25049,"Inferring originatingProcess to be identical to onBehalfOfProcess","-[AFConnection _dispatchCommand:isInterstitial:interstitialPhase:interstitialDelay:reply:] command = <private>, isInterstitial = 0"
2026-09-20 20:32:36.296,"Privado — todo en tu Mac","com.apple.siri","Sin conexiones activas",false,25048,"Inferring originatingProcess to be identical to onBehalfOfProcess","-[AFConnection _handleCommand:reply:] command = <private>"
2026-09-20 20:32:36.296,"Privado — todo en tu Mac","com.apple.siri","Sin conexiones activas",false,25048,"Inferring originatingProcess to be identical to onBehalfOfProcess","-[AFConnection _extendExistingRequestTimeoutForReason:durationInSeconds:] reason = requestDidAskForTimeoutExtension:"
2026-09-20 20:32:36.296,"Privado — todo en tu Mac","com.apple.siri","Sin conexiones activas",false,25048,"Inferring originatingProcess to be identical to onBehalfOfProcess","-[CampoUISiriChatPresentationController siriSessionDidReceiveUpdateVisualResponseSnippetCommand:completion:] command with viewId: <private> handled by presentation: YES"
2026-09-20 20:32:36.285,"Privado — todo en tu Mac","com.apple.siri","Sin conexiones activas",false,25044,"Inferring originatingProcess to be identical to onBehalfOfProcess","-[CampoUISiriChatPresentationController siriSessionDidReceiveAddViewsCommand:completion:] Received an empty SAUIAssistantUtteranceView with no dialog from a SAUIAddViews with aceID:<private> refID:<private>. Marking command as SACommandSucceeded"
2026-09-20 20:32:36.285,"Privado — todo en tu Mac","com.apple.siri","Sin conexiones activas",false,25044,"Inferring originatingProcess to be identical to onBehalfOfProcess","-[CampoUISiriChatPresentationController siriSessionDidReceiveAddViewsCommand:completion:] #modes SAUIAddViews view class: SAUIAssistantUtteranceView"
2026-09-20 20:32:36.285,"Privado — todo en tu Mac","com.apple.siri","Sin conexiones activas",false,25044,"Inferring originatingProcess to be identical to onBehalfOfProcess","-[CampoUISiriChatPresentationController siriSessionDidReceiveAddViewsCommand:completion:] #Replay isReplaying: 0, wrapper: 0x0"
2026-09-20 20:32:36.285,"Privado — todo en tu Mac","com.apple.siri","Sin conexiones activas",false,25044,"Inferring originatingProcess to be identical to onBehalfOfProcess","-[CampoUISiriChatPresentationController siriSessionDidReceiveAddViewsCommand:completion:] #Replay receivedReplayCommand SAUIAddViews: <private>"
2026-09-20 20:32:36.268,"Privado — todo en tu Mac","com.apple.siri","Sin conexiones activas",false,25043,"Inferring originatingProcess to be identical to onBehalfOfProcess","Processsing latency progress update: <private>"
2026-09-20 20:32:36.267,"Privado — todo en tu Mac","com.apple.siri","Sin conexiones activas",false,25043,"Inferring originatingProcess to be identical to onBehalfOfProcess","-[AFConnection _extendExistingRequestTimeoutForReason:durationInSeconds:] reason = requestDidAskForTimeoutExtension:"
2026-09-20 20:32:36.267,"Privado — todo en tu Mac","com.apple.siri","Sin conexiones activas",false,25042,"Inferring originatingProcess to be identical to onBehalfOfProcess","-[CampoUISiriChatSession assistantConnection:receivedCommand:completion:] Received Command: StreamChunk aceId: <private>"
2026-09-20 20:32:36.267,"Privado — todo en tu Mac","com.apple.siri","Sin conexiones activas",false,25042,"Inferring originatingProcess to be identical to onBehalfOfProcess","-[AFConnection _dispatchCommand:isInterstitial:interstitialPhase:interstitialDelay:reply:] command = <private>, isInterstitial = 0"
2026-09-20 20:32:36.267,"Privado — todo en tu Mac","com.apple.siri","Sin conexiones activas",false,25042,"Inferring originatingProcess to be identical to onBehalfOfProcess","-[AFConnection _handleCommand:reply:] command = <private>"
2026-09-20 20:32:36.267,"Privado — todo en tu Mac","com.apple.siri","Sin conexiones activas",false,25042,"Inferring originatingProcess to be identical to onBehalfOfProcess","-[AFConnection _extendExistingRequestTimeoutForReason:durationInSeconds:] reason = requestDidAskForTimeoutExtension:"
2026-09-20 20:32:36.267,"Privado — todo en tu Mac","com.apple.siri","Sin conexiones activas",false,25042,"Inferring originatingProcess to be identical to onBehalfOfProcess","Processsing latency progress update: <private>"
2026-09-20 20:32:36.267,"Privado — todo en tu Mac","com.apple.siri","Sin conexiones activas",false,25042,"Inferring originatingProcess to be identical to onBehalfOfProcess","-[CampoUISiriChatSession assistantConnection:receivedCommand:completion:] Received Command: StreamChunk aceId: <private>"
2026-09-20 20:32:36.267,"Privado — todo en tu Mac","com.apple.siri","Sin conexiones activas",false,25042,"Inferring originatingProcess to be identical to onBehalfOfProcess","-[AFConnection _dispatchCommand:isInterstitial:interstitialPhase:interstitialDelay:reply:] command = <private>, isInterstitial = 0"
2026-09-20 20:32:36.267,"Privado — todo en tu Mac","com.apple.siri","Sin conexiones activas",false,25042,"Inferring originatingProcess to be identical to onBehalfOfProcess","-[AFConnection _handleCommand:reply:] command = <private>"
2026-09-20 20:32:36.267,"Privado — todo en tu Mac","com.apple.siri","Sin conexiones activas",false,25042,"Inferring originatingProcess to be identical to onBehalfOfProcess","-[AFConnection _extendExistingRequestTimeoutForReason:durationInSeconds:] No existing timeout timer set. Skipping."
2026-09-20 20:32:36.267,"Privado — todo en tu Mac","com.apple.siri","Sin conexiones activas",false,25041,"Inferring originatingProcess to be identical to onBehalfOfProcess","-[AFConnection _extendExistingRequestTimeoutForReason:durationInSeconds:] reason = requestDidAskForTimeoutExtension:"
2026-09-20 20:32:36.267,"Privado — todo en tu Mac","com.apple.siri","Sin conexiones activas",false,25041,"Inferring originatingProcess to be identical to onBehalfOfProcess","-[CampoUISiriChatPresentationController siriSessionDidReceiveUpdateVisualResponseSnippetCommand:completion:] command with viewId: <private> handled by presentation: YES"
2026-09-20 20:32:36.248,"Privado — todo en tu Mac","com.apple.siri","Sin conexiones activas",false,25040,"Inferring originatingProcess to be identical to onBehalfOfProcess","Processsing latency progress update: <private>"
2026-09-20 20:32:36.248,"Privado — todo en tu Mac","com.apple.siri","Sin conexiones activas",false,25040,"Inferring originatingProcess to be identical to onBehalfOfProcess","-[AFConnection _extendExistingRequestTimeoutForReason:durationInSeconds:] reason = requestDidAskForTimeoutExtension:"
2026-09-20 20:32:36.247,"Privado — todo en tu Mac","com.apple.siri","Sin conexiones activas",false,25040,"Inferring originatingProcess to be identical to onBehalfOfProcess","Processsing latency progress update: <private>"
2026-09-20 20:32:36.247,"Privado — todo en tu Mac","com.apple.siri","Sin conexiones activas",false,25040,"Inferring originatingProcess to be identical to onBehalfOfProcess","-[AFConnection _extendExistingRequestTimeoutForReason:durationInSeconds:] reason = requestDidAskForTimeoutExtension:"
2026-09-20 20:32:36.246,"Privado — todo en tu Mac","com.apple.siri","Sin conexiones activas",false,25039,"Inferring originatingProcess to be identical to onBehalfOfProcess","-[CampoUISiriChatPresentationController siriSessionDidReceiveAddViewsCommand:completion:] Received an empty SAUIAssistantUtteranceView with no dialog from a SAUIAddViews with aceID:<private> refID:<private>. Marking command as SACommandSucceeded"
2026-09-20 20:32:36.246,"Privado — todo en tu Mac","com.apple.siri","Sin conexiones activas",false,25039,"Inferring originatingProcess to be identical to onBehalfOfProcess","-[CampoUISiriChatPresentationController siriSessionDidReceiveAddViewsCommand:completion:] #modes SAUIAddViews view class: SAUIAssistantUtteranceView"
2026-09-20 20:32:36.246,"Privado — todo en tu Mac","com.apple.siri","Sin conexiones activas",false,25039,"Inferring originatingProcess to be identical to onBehalfOfProcess","-[CampoUISiriChatPresentationController siriSessionDidReceiveAddViewsCommand:completion:] #Replay isReplaying: 0, wrapper: 0x0"
2026-09-20 20:32:36.246,"Privado — todo en tu Mac","com.apple.siri","Sin conexiones activas",false,25039,"Inferring originatingProcess to be identical to onBehalfOfProcess","-[CampoUISiriChatPresentationController siriSessionDidReceiveAddViewsCommand:completion:] #Replay receivedReplayCommand SAUIAddViews: <private>"
2026-09-20 20:32:36.246,"Privado — todo en tu Mac","com.apple.siri","Sin conexiones activas",false,25039,"Inferring originatingProcess to be identical to onBehalfOfProcess","-[CampoUISiriChatSession assistantConnection:receivedCommand:completion:] Received Command: StreamChunk aceId: <private>"
2026-09-20 20:32:36.246,"Privado — todo en tu Mac","com.apple.siri","Sin conexiones activas",false,25039,"Inferring originatingProcess to be identical to onBehalfOfProcess","-[AFConnection _dispatchCommand:isInterstitial:interstitialPhase:interstitialDelay:reply:] command = <private>, isInterstitial = 0"
2026-09-20 20:32:36.246,"Privado — todo en tu Mac","com.apple.siri","Sin conexiones activas",false,25038,"Inferring originatingProcess to be identical to onBehalfOfProcess","-[AFConnection _handleCommand:reply:] command = <private>"
2026-09-20 20:32:36.230,"Privado — todo en tu Mac","com.apple.siri","Sin conexiones activas",false,25038,"Inferring originatingProcess to be identical to onBehalfOfProcess","-[AFConnection _extendExistingRequestTimeoutForReason:durationInSeconds:] reason = requestDidAskForTimeoutExtension:"
2026-09-20 20:32:36.230,"Privado — todo en tu Mac","com.apple.siri","Sin conexiones activas",false,25038,"Inferring originatingProcess to be identical to onBehalfOfProcess","-[CampoUISiriChatSession assistantConnection:receivedCommand:completion:] Received Command: StreamChunk aceId: <private>"
2026-09-20 20:32:36.230,"Privado — todo en tu Mac","com.apple.siri","Sin conexiones activas",false,25038,"Inferring originatingProcess to be identical to onBehalfOfProcess","-[AFConnection _dispatchCommand:isInterstitial:interstitialPhase:interstitialDelay:reply:] command = <private>, isInterstitial = 0"
2026-09-20 20:32:36.230,"Privado — todo en tu Mac","com.apple.siri","Sin conexiones activas",false,25038,"Inferring originatingProcess to be identical to onBehalfOfProcess","-[AFConnection _handleCommand:reply:] command = <private>"
2026-09-20 20:32:36.230,"Privado — todo en tu Mac","com.apple.siri","Sin conexiones activas",false,25037,"Inferring originatingProcess to be identical to onBehalfOfProcess","-[AFConnection _extendExistingRequestTimeoutForReason:durationInSeconds:] No existing timeout timer set. Skipping."
2026-09-20 20:32:36.230,"Privado — todo en tu Mac","com.apple.siri","Sin conexiones activas",false,25037,"Inferring originatingProcess to be identical to onBehalfOfProcess","-[AFConnection _extendExistingRequestTimeoutForReason:durationInSeconds:] reason = requestDidAskForTimeoutExtension:"
2026-09-20 20:32:36.229,"Privado — todo en tu Mac","com.apple.siri","Sin conexiones activas",false,25037,"Inferring originatingProcess to be identical to onBehalfOfProcess","-[CampoUISiriChatPresentationController siriSessionDidReceiveUpdateVisualResponseSnippetCommand:completion:] command with viewId: <private> handled by presentation: YES"
2026-09-20 20:32:36.214,"Privado — todo en tu Mac","com.apple.siri","Sin conexiones activas",false,25036,"Inferring originatingProcess to be identical to onBehalfOfProcess","Processsing latency progress update: <private>"
2026-09-20 20:32:36.214,"Privado — todo en tu Mac","com.apple.siri","Sin conexiones activas",false,25036,"Inferring originatingProcess to be identical to onBehalfOfProcess","-[CampoUISiriChatSession assistantConnection:receivedCommand:completion:] Received Command: StreamChunk aceId: <private>"
2026-09-20 20:32:36.214,"Privado — todo en tu Mac","com.apple.siri","Sin conexiones activas",false,25036,"Inferring originatingProcess to be identical to onBehalfOfProcess","-[AFConnection _dispatchCommand:isInterstitial:interstitialPhase:interstitialDelay:reply:] command = <private>, isInterstitial = 0"
2026-09-20 20:32:36.214,"Privado — todo en tu Mac","com.apple.siri","Sin conexiones activas",false,25036,"Inferring originatingProcess to be identical to onBehalfOfProcess","-[AFConnection _handleCommand:reply:] command = <private>"
2026-09-20 20:32:36.214,"Privado — todo en tu Mac","com.apple.siri","Sin conexiones activas",false,25036,"Inferring originatingProcess to be identical to onBehalfOfProcess","-[AFConnection _extendExistingRequestTimeoutForReason:durationInSeconds:] reason = requestDidAskForTimeoutExtension:"
