Timestamp,EstadoClasificado,Subsistema,DestinoRed,NeuralEngineActivo,TiempoRespuestaMs,Consulta,MensajeSistemaCrudo
2026-09-20 17:14:23.844,"Privado — todo en tu Mac","com.apple.intelligenceplatform","Sin conexiones activas",false,22986,"ViewUpdate: Finished update job for live","ViewUpdate: Finished update job for live"
2026-09-20 17:14:23.844,"Privado — todo en tu Mac","com.apple.intelligenceplatform","Sin conexiones activas",false,22986,"Procesando solicitud…","ViewUpdate: 37:AppsRecentlyFocused: Ending view update attempt"
2026-09-20 17:14:23.844,"Privado — todo en tu Mac","com.apple.intelligenceplatform","Sin conexiones activas",false,22986,"Procesando solicitud…","ViewUpdate: 37:AppsRecentlyFocused: No update required"
2026-09-20 17:14:23.840,"Privado — todo en tu Mac","com.apple.intelligenceplatform","Sin conexiones activas",false,22986,"Procesando solicitud…","ViewUpdate: 37:AppsRecentlyFocused: Beginning view update attempt"
2026-09-20 17:14:23.840,"Privado — todo en tu Mac","com.apple.intelligenceplatform","Sin conexiones activas",false,22986,"ViewUpdate: Initially have 1 views that may need updating","ViewUpdate: Initially have 1 views that may need updating"
2026-09-20 17:14:23.840,"Privado — todo en tu Mac","com.apple.intelligenceplatform","Sin conexiones activas",false,22985,"ViewUpdate: Starting schedule run <private>","ViewUpdate: Starting schedule run <private>"
2026-09-20 17:14:23.840,"Privado — todo en tu Mac","com.apple.intelligenceplatform","Sin conexiones activas",false,22985,"Procesando solicitud…","ViewUpdate: Beginning update job for live [runMode: update, checkSLA: true]"
2026-09-20 17:14:23.839,"Privado — todo en tu Mac","com.apple.intelligenceplatform","Sin conexiones activas",false,22985,"SourceUpdater: <private> triggered 37 to run on the live schedule","SourceUpdater: <private> triggered 37 to run on the live schedule"
2026-09-20 17:14:23.829,"Privado — todo en tu Mac","com.apple.intelligenceplatform","Sin conexiones activas",false,22985,"ViewUpdate: Finished update job for live","ViewUpdate: Finished update job for live"
2026-09-20 17:14:23.829,"Privado — todo en tu Mac","com.apple.intelligenceplatform","Sin conexiones activas",false,22985,"Procesando solicitud…","ViewUpdate: 37:AppsRecentlyFocused: Ending view update attempt"
2026-09-20 17:14:23.829,"Privado — todo en tu Mac","com.apple.intelligenceplatform","Sin conexiones activas",false,22985,"ViewUpdate: completed update","ViewUpdate: completed update"
2026-09-20 17:14:23.829,"Privado — todo en tu Mac","com.apple.intelligenceplatform","Sin conexiones activas",false,22985,"Procesando solicitud…","ViewUpdate: 37:AppsRecentlyFocused: View was updated"
2026-09-20 17:14:23.821,"Privado — todo en tu Mac","com.apple.intelligenceplatform","Sin conexiones activas",false,22985,"Procesando solicitud…","ViewUpdate: <private>: <private>: Finished update"
2026-09-20 17:14:23.821,"Privado — todo en tu Mac","com.apple.intelligenceplatform","Sin conexiones activas",false,22985,"Procesando solicitud…","ViewUpdate: <private>: Finished update"
2026-09-20 17:14:23.811,"Privado — todo en tu Mac","com.apple.intelligenceplatform","Sin conexiones activas",false,22985,"Using target provided in IntelligencePlatform for view: (<private>)","Using target provided in IntelligencePlatform for view: (<private>)"
2026-09-20 17:14:23.809,"Privado — todo en tu Mac","com.apple.intelligenceplatform","Sin conexiones activas",false,22985,"Procesando solicitud…","ViewUpdate: <private>: Update is required"
2026-09-20 17:14:23.803,"Privado — todo en tu Mac","com.apple.intelligenceplatform","Sin conexiones activas",false,22985,"Procesando solicitud…","ViewUpdate: 37:AppsRecentlyFocused: Beginning view update attempt"
2026-09-20 17:14:23.802,"Privado — todo en tu Mac","com.apple.intelligenceplatform","Sin conexiones activas",false,22985,"ViewUpdate: Initially have 1 views that may need updating","ViewUpdate: Initially have 1 views that may need updating"
2026-09-20 17:14:23.802,"Privado — todo en tu Mac","com.apple.intelligenceplatform","Sin conexiones activas",false,22985,"ViewUpdate: Starting schedule run <private>","ViewUpdate: Starting schedule run <private>"
2026-09-20 17:14:23.802,"Privado — todo en tu Mac","com.apple.intelligenceplatform","Sin conexiones activas",false,22985,"Procesando solicitud…","ViewUpdate: Beginning update job for live [runMode: update, checkSLA: true]"
2026-09-20 17:14:23.800,"Privado — todo en tu Mac","com.apple.intelligenceplatform","Sin conexiones activas",false,22984,"SourceUpdater: <private> triggered 37 to run on the live schedule","SourceUpdater: <private> triggered 37 to run on the live schedule"
2026-09-20 17:14:09.979,"Privado — todo en tu Mac","com.apple.siri","Sin conexiones activas",false,9300,"Procesando solicitud…","-[CampoUISiriChatPresentationController _scheduleAudioResumptionAfterDelayInSec:]_block_invoke Resuming interrupted audio"
2026-09-20 17:14:09.979,"Privado — todo en tu Mac","com.apple.siri","Sin conexiones activas",false,9299,"Procesando solicitud…","-[CampoUISiriChatPresentationController _isSiriIdleAndQuiet] #idle YES - inIdleState:1 requestActive:0 speaking:0 audioPlaying:0 waitingForStartRequest:0 delayingSessionEndForInPlacePunchout:0"
2026-09-20 17:14:08.054,"Privado — todo en tu Mac","com.apple.intelligenceplatform","Sin conexiones activas",false,7060,"ViewUpdate: Finished update job for live","ViewUpdate: Finished update job for live"
2026-09-20 17:14:08.054,"Privado — todo en tu Mac","com.apple.intelligenceplatform","Sin conexiones activas",false,7060,"ViewUpdate: Initially have 0 views that may need updating","ViewUpdate: Initially have 0 views that may need updating"
2026-09-20 17:14:08.054,"Privado — todo en tu Mac","com.apple.intelligenceplatform","Sin conexiones activas",false,7060,"ViewUpdate: Starting schedule run <private>","ViewUpdate: Starting schedule run <private>"
2026-09-20 17:14:08.054,"Privado — todo en tu Mac","com.apple.intelligenceplatform","Sin conexiones activas",false,7060,"Procesando solicitud…","ViewUpdate: Beginning update job for live [runMode: update, checkSLA: true]"
2026-09-20 17:14:08.054,"Privado — todo en tu Mac","com.apple.intelligenceplatform","Sin conexiones activas",false,7059,"ViewUpdate: Finished update job for live","ViewUpdate: Finished update job for live"
2026-09-20 17:14:08.053,"Privado — todo en tu Mac","com.apple.intelligenceplatform","Sin conexiones activas",false,7059,"Procesando solicitud…","ViewUpdate: 100:ITDDatestampClientSessionIDClientRequestIDIndexView: Ending view update attempt"
2026-09-20 17:14:08.053,"Privado — todo en tu Mac","com.apple.intelligenceplatform","Sin conexiones activas",false,7059,"ViewUpdate: completed update","ViewUpdate: completed update"
2026-09-20 17:14:08.053,"Privado — todo en tu Mac","com.apple.intelligenceplatform","Sin conexiones activas",false,7059,"Procesando solicitud…","ViewUpdate: 100:ITDDatestampClientSessionIDClientRequestIDIndexView: View was updated"
2026-09-20 17:14:08.051,"Privado — todo en tu Mac","com.apple.intelligenceplatform","Sin conexiones activas",false,7059,"Procesando solicitud…","ViewUpdate: <private>: <private>: Finished update"
2026-09-20 17:14:08.051,"Privado — todo en tu Mac","com.apple.intelligenceplatform","Sin conexiones activas",false,7059,"Procesando solicitud…","ViewUpdate: <private>: Finished update"
2026-09-20 17:14:08.037,"Privado — todo en tu Mac","com.apple.intelligenceplatform","Sin conexiones activas",false,7059,"Using target provided in IntelligencePlatform for view: (<private>)","Using target provided in IntelligencePlatform for view: (<private>)"
2026-09-20 17:14:08.036,"Privado — todo en tu Mac","com.apple.intelligenceplatform","Sin conexiones activas",false,7058,"Procesando solicitud…","ViewUpdate: <private>: Update is required"
2026-09-20 17:14:08.031,"Privado — todo en tu Mac","com.apple.intelligenceplatform","Sin conexiones activas",false,7058,"Procesando solicitud…","ViewUpdate: 100:ITDDatestampClientSessionIDClientRequestIDIndexView: Beginning view update attempt"
2026-09-20 17:14:08.030,"Privado — todo en tu Mac","com.apple.intelligenceplatform","Sin conexiones activas",false,7058,"Procesando solicitud…","ViewUpdate: 99:ITDDatestampSessionIDIndexView: Ending view update attempt"
2026-09-20 17:14:08.030,"Privado — todo en tu Mac","com.apple.intelligenceplatform","Sin conexiones activas",false,7058,"ViewUpdate: completed update","ViewUpdate: completed update"
2026-09-20 17:14:08.030,"Privado — todo en tu Mac","com.apple.intelligenceplatform","Sin conexiones activas",false,7058,"Procesando solicitud…","ViewUpdate: 99:ITDDatestampSessionIDIndexView: View was updated"
2026-09-20 17:14:08.029,"Privado — todo en tu Mac","com.apple.intelligenceplatform","Sin conexiones activas",false,7058,"Procesando solicitud…","ViewUpdate: <private>: <private>: Finished update"
2026-09-20 17:14:08.029,"Privado — todo en tu Mac","com.apple.intelligenceplatform","Sin conexiones activas",false,7057,"Procesando solicitud…","ViewUpdate: <private>: Finished update"
2026-09-20 17:14:08.019,"Privado — todo en tu Mac","com.apple.intelligenceplatform","Sin conexiones activas",false,7057,"Using target provided in IntelligencePlatform for view: (<private>)","Using target provided in IntelligencePlatform for view: (<private>)"
2026-09-20 17:14:08.018,"Privado — todo en tu Mac","com.apple.intelligenceplatform","Sin conexiones activas",false,7057,"Procesando solicitud…","ViewUpdate: <private>: Update is required"
2026-09-20 17:14:08.014,"Privado — todo en tu Mac","com.apple.intelligenceplatform","Sin conexiones activas",false,7057,"Procesando solicitud…","ViewUpdate: 99:ITDDatestampSessionIDIndexView: Beginning view update attempt"
2026-09-20 17:14:08.013,"Privado — todo en tu Mac","com.apple.intelligenceplatform","Sin conexiones activas",false,7057,"Procesando solicitud…","ViewUpdate: 32:ITDDatestampEventIDIndexView: Ending view update attempt"
2026-09-20 17:14:08.013,"Privado — todo en tu Mac","com.apple.intelligenceplatform","Sin conexiones activas",false,7057,"ViewUpdate: completed update","ViewUpdate: completed update"
2026-09-20 17:14:08.013,"Privado — todo en tu Mac","com.apple.intelligenceplatform","Sin conexiones activas",false,7057,"Procesando solicitud…","ViewUpdate: 32:ITDDatestampEventIDIndexView: View was updated"
2026-09-20 17:14:08.012,"Privado — todo en tu Mac","com.apple.intelligenceplatform","Sin conexiones activas",false,7056,"Procesando solicitud…","ViewUpdate: <private>: <private>: Finished update"
2026-09-20 17:14:08.012,"Privado — todo en tu Mac","com.apple.intelligenceplatform","Sin conexiones activas",false,7056,"Procesando solicitud…","ViewUpdate: <private>: Finished update"
2026-09-20 17:14:08.009,"Privado — todo en tu Mac","com.apple.intelligenceplatform","Sin conexiones activas",false,7056,"Using target provided in IntelligencePlatform for view: (<private>)","Using target provided in IntelligencePlatform for view: (<private>)"
2026-09-20 17:14:08.008,"Privado — todo en tu Mac","com.apple.intelligenceplatform","Sin conexiones activas",false,7056,"Procesando solicitud…","ViewUpdate: <private>: Update is required"
2026-09-20 17:14:08.004,"Privado — todo en tu Mac","com.apple.intelligenceplatform","Sin conexiones activas",false,7056,"Procesando solicitud…","ViewUpdate: 32:ITDDatestampEventIDIndexView: Beginning view update attempt"
2026-09-20 17:14:08.003,"Privado — todo en tu Mac","com.apple.intelligenceplatform","Sin conexiones activas",false,7055,"Procesando solicitud…","ViewUpdate: 32:ITDDatestampEventIDIndexView: Ending view update attempt"
2026-09-20 17:14:08.003,"Privado — todo en tu Mac","com.apple.intelligenceplatform","Sin conexiones activas",false,7055,"ViewUpdate: completed update","ViewUpdate: completed update"
2026-09-20 17:14:08.003,"Privado — todo en tu Mac","com.apple.intelligenceplatform","Sin conexiones activas",false,7055,"Procesando solicitud…","ViewUpdate: 32:ITDDatestampEventIDIndexView: View was updated"
2026-09-20 17:14:08.003,"Privado — todo en tu Mac","com.apple.intelligenceplatform","Sin conexiones activas",false,7055,"IntelligenceFlow.Transcript.Datastream","ViewUpdate: 32:ITDDatestampEventIDIndexView: re-adding to schedule live as source timestamp has changed since the update for SourceState(sourceId: 44, sourceType: IntelligencePlatformCore.ViewUpdate.SourceType.biome, sourceIdentifier: ""IntelligenceFlow.Transcript.Datastream"", updateType: IntelligencePlatformCore.ViewUpdate.UpdateType.normal, modifiedTimestamp: 811610047.991827, available: true, lastQueriedSourceData: nil)"
2026-09-20 17:14:08.002,"Privado — todo en tu Mac","com.apple.intelligenceplatform","Sin conexiones activas",false,7054,"Procesando solicitud…","ViewUpdate: <private>: <private>: Finished update"
2026-09-20 17:14:08.002,"Privado — todo en tu Mac","com.apple.intelligenceplatform","Sin conexiones activas",false,7054,"Procesando solicitud…","ViewUpdate: <private>: Finished update"
2026-09-20 17:14:07.997,"Privado — todo en tu Mac","com.apple.intelligenceplatform","Sin conexiones activas",false,7054,"Using target provided in IntelligencePlatform for view: (<private>)","Using target provided in IntelligencePlatform for view: (<private>)"
2026-09-20 17:14:07.996,"Privado — todo en tu Mac","com.apple.intelligenceplatform","Sin conexiones activas",false,7053,"SourceUpdater: <private> triggered 32 to run on the live schedule","SourceUpdater: <private> triggered 32 to run on the live schedule"
2026-09-20 17:14:07.996,"Privado — todo en tu Mac","com.apple.intelligenceplatform","Sin conexiones activas",false,7053,"Procesando solicitud…","ViewUpdate: <private>: Update is required"
2026-09-20 17:14:07.996,"Privado — todo en tu Mac","com.apple.siri","Sin conexiones activas",false,7053,"Procesando solicitud…","-[CampoUISiriChatPresentationController siriSessionDidReceiveAddViewsCommand:completion:] Received an empty SAUIAssistantUtteranceView with no dialog from a SAUIAddViews with aceID:<private> refID:<private>. Marking command as SACommandSucceeded"
2026-09-20 17:14:07.996,"Privado — todo en tu Mac","com.apple.siri","Sin conexiones activas",false,7053,"Procesando solicitud…","-[CampoUISiriChatPresentationController siriSessionDidReceiveAddViewsCommand:completion:] #modes SAUIAddViews view class: SAUIAssistantUtteranceView"
2026-09-20 17:14:07.995,"Privado — todo en tu Mac","com.apple.siri","Sin conexiones activas",false,7053,"Procesando solicitud…","-[CampoUISiriChatPresentationController siriSessionDidReceiveAddViewsCommand:completion:] #Replay isReplaying: 0, wrapper: 0x0"
2026-09-20 17:14:07.995,"Privado — todo en tu Mac","com.apple.siri","Sin conexiones activas",false,7053,"Procesando solicitud…","-[CampoUISiriChatPresentationController siriSessionDidReceiveAddViewsCommand:completion:] #Replay receivedReplayCommand SAUIAddViews: <private>"
2026-09-20 17:14:07.995,"Privado — todo en tu Mac","com.apple.siri","Sin conexiones activas",false,7052,"Procesando solicitud…","-[CampoUISiriChatPresentationController siriSessionDidReceiveUpdateVisualResponseSnippetCommand:completion:] command with viewId: <private> handled by presentation: YES"
2026-09-20 17:14:07.994,"Privado — todo en tu Mac","com.apple.siri","Sin conexiones activas",false,7052,"Processsing latency progress update: <private>","Processsing latency progress update: <private>"
2026-09-20 17:14:07.994,"Privado — todo en tu Mac","com.apple.siri","Sin conexiones activas",false,7052,"Procesando solicitud…","-[AFConnection _extendExistingRequestTimeoutForReason:durationInSeconds:] No existing timeout timer set. Skipping."
2026-09-20 17:14:07.994,"Privado — todo en tu Mac","com.apple.siri","Sin conexiones activas",false,7052,"Procesando solicitud…","-[AFConnection _extendExistingRequestTimeoutForReason:durationInSeconds:] reason = requestDidAskForTimeoutExtension:"
2026-09-20 17:14:07.994,"Privado — todo en tu Mac","com.apple.siri","Sin conexiones activas",false,7052,"Procesando solicitud…","-[CampoUISiriChatSession assistantConnection:receivedCommand:completion:] Received Command: StreamChunk aceId: <private>"
2026-09-20 17:14:07.994,"Privado — todo en tu Mac","com.apple.siri","Sin conexiones activas",false,7052,"Procesando solicitud…","-[AFConnection _dispatchCommand:isInterstitial:interstitialPhase:interstitialDelay:reply:] command = <private>, isInterstitial = 0"
2026-09-20 17:14:07.994,"Privado — todo en tu Mac","com.apple.siri","Sin conexiones activas",false,7052,"Procesando solicitud…","-[AFConnection _handleCommand:reply:] command = <private>"
2026-09-20 17:14:07.994,"Privado — todo en tu Mac","com.apple.siri","Sin conexiones activas",false,7052,"Procesando solicitud…","-[AFConnection _extendExistingRequestTimeoutForReason:durationInSeconds:] No existing timeout timer set. Skipping."
2026-09-20 17:14:07.994,"Privado — todo en tu Mac","com.apple.siri","Sin conexiones activas",false,7052,"Procesando solicitud…","-[AFConnection _extendExistingRequestTimeoutForReason:durationInSeconds:] reason = requestDidAskForTimeoutExtension:"
2026-09-20 17:14:07.992,"Privado — todo en tu Mac","com.apple.intelligenceplatform","Sin conexiones activas",false,7051,"Procesando solicitud…","ViewUpdate: 32:ITDDatestampEventIDIndexView: Beginning view update attempt"
2026-09-20 17:14:07.992,"Privado — todo en tu Mac","com.apple.intelligenceplatform","Sin conexiones activas",false,7051,"Procesando solicitud…","ViewUpdate: 32:ITDDatestampEventIDIndexView: Ending view update attempt"
2026-09-20 17:14:07.992,"Privado — todo en tu Mac","com.apple.intelligenceplatform","Sin conexiones activas",false,7051,"ViewUpdate: completed update","ViewUpdate: completed update"
2026-09-20 17:14:07.991,"Privado — todo en tu Mac","com.apple.intelligenceplatform","Sin conexiones activas",false,7051,"Procesando solicitud…","ViewUpdate: 32:ITDDatestampEventIDIndexView: View was updated"
2026-09-20 17:14:07.991,"Privado — todo en tu Mac","com.apple.intelligenceplatform","Sin conexiones activas",false,7051,"IntelligenceFlow.Transcript.Datastream","ViewUpdate: 32:ITDDatestampEventIDIndexView: re-adding to schedule live as source timestamp has changed since the update for SourceState(sourceId: 44, sourceType: IntelligencePlatformCore.ViewUpdate.SourceType.biome, sourceIdentifier: ""IntelligenceFlow.Transcript.Datastream"", updateType: IntelligencePlatformCore.ViewUpdate.UpdateType.normal, modifiedTimestamp: 811610047.978357, available: true, lastQueriedSourceData: nil)"
2026-09-20 17:14:07.989,"Privado — todo en tu Mac","com.apple.intelligenceplatform","Sin conexiones activas",false,7050,"SourceUpdater: Dropping notification for <private> - no action needed","SourceUpdater: Dropping notification for <private> - no action needed"
2026-09-20 17:14:07.989,"Privado — todo en tu Mac","com.apple.intelligenceplatform","Sin conexiones activas",false,7050,"Procesando solicitud…","ViewUpdate: <private>: <private>: Finished update"
2026-09-20 17:14:07.989,"Privado — todo en tu Mac","com.apple.intelligenceplatform","Sin conexiones activas",false,7050,"Procesando solicitud…","ViewUpdate: <private>: Finished update"
2026-09-20 17:14:07.986,"Privado — todo en tu Mac","com.apple.intelligenceplatform","Sin conexiones activas",false,7050,"SourceUpdater: Dropping notification for <private> - no action needed","SourceUpdater: Dropping notification for <private> - no action needed"
2026-09-20 17:14:07.985,"Privado — todo en tu Mac","com.apple.siri","Sin conexiones activas",false,7049,"Procesando solicitud…","-[CampoUISiriChatPresentationController siriSessionDidReceiveAddViewsCommand:completion:] Received an empty SAUIAssistantUtteranceView with no dialog from a SAUIAddViews with aceID:<private> refID:<private>. Marking command as SACommandSucceeded"
2026-09-20 17:14:07.985,"Privado — todo en tu Mac","com.apple.siri","Sin conexiones activas",false,7049,"Procesando solicitud…","-[CampoUISiriChatPresentationController siriSessionDidReceiveAddViewsCommand:completion:] #modes SAUIAddViews view class: SAUIAssistantUtteranceView"
2026-09-20 17:14:07.985,"Privado — todo en tu Mac","com.apple.siri","Sin conexiones activas",false,7049,"Procesando solicitud…","-[CampoUISiriChatPresentationController siriSessionDidReceiveAddViewsCommand:completion:] #Replay receivedReplayCommand SAUIAddViews: <private>"
2026-09-20 17:14:07.985,"Privado — todo en tu Mac","com.apple.siri","Sin conexiones activas",false,7049,"Procesando solicitud…","-[CampoUISiriChatPresentationController siriSessionDidReceiveUpdateVisualResponseSnippetCommand:completion:] command with viewId: <private> handled by presentation: YES"
2026-09-20 17:14:07.985,"Privado — todo en tu Mac","com.apple.intelligenceplatform","Sin conexiones activas",false,7049,"Using target provided in IntelligencePlatform for view: (<private>)","Using target provided in IntelligencePlatform for view: (<private>)"
2026-09-20 17:14:07.985,"Privado — todo en tu Mac","com.apple.intelligenceplatform","Sin conexiones activas",false,7048,"SourceUpdater: Dropping notification for <private> - no action needed","SourceUpdater: Dropping notification for <private> - no action needed"
2026-09-20 17:14:07.984,"Privado — todo en tu Mac","com.apple.siri","Sin conexiones activas",false,7048,"Procesando solicitud…","-[CampoUISiriChatPresentationController siriSessionDidReceiveAddViewsCommand:completion:] Received an empty SAUIAssistantUtteranceView with no dialog from a SAUIAddViews with aceID:<private> refID:<private>. Marking command as SACommandSucceeded"
2026-09-20 17:14:07.984,"Privado — todo en tu Mac","com.apple.siri","Sin conexiones activas",false,7048,"Procesando solicitud…","-[CampoUISiriChatPresentationController siriSessionDidReceiveAddViewsCommand:completion:] #modes SAUIAddViews view class: SAUIAssistantUtteranceView"
2026-09-20 17:14:07.984,"Privado — todo en tu Mac","com.apple.siri","Sin conexiones activas",false,7048,"Procesando solicitud…","-[CampoUISiriChatPresentationController siriSessionDidReceiveAddViewsCommand:completion:] #Replay isReplaying: 0, wrapper: 0x0"
2026-09-20 17:14:07.984,"Privado — todo en tu Mac","com.apple.siri","Sin conexiones activas",false,7048,"Procesando solicitud…","-[CampoUISiriChatPresentationController siriSessionDidReceiveAddViewsCommand:completion:] #Replay receivedReplayCommand SAUIAddViews: <private>"
2026-09-20 17:14:07.984,"Privado — todo en tu Mac","com.apple.siri","Sin conexiones activas",false,7047,"Processsing latency progress update: <private>","Processsing latency progress update: <private>"
2026-09-20 17:14:07.984,"Privado — todo en tu Mac","com.apple.siri","Sin conexiones activas",false,7047,"Procesando solicitud…","-[AFConnection _extendExistingRequestTimeoutForReason:durationInSeconds:] No existing timeout timer set. Skipping."
2026-09-20 17:14:07.984,"Privado — todo en tu Mac","com.apple.siri","Sin conexiones activas",false,7047,"Procesando solicitud…","-[AFConnection _extendExistingRequestTimeoutForReason:durationInSeconds:] reason = requestDidAskForTimeoutExtension:"
2026-09-20 17:14:07.984,"Privado — todo en tu Mac","com.apple.siri","Sin conexiones activas",false,7047,"Processsing latency progress update: <private>","Processsing latency progress update: <private>"
2026-09-20 17:14:07.984,"Privado — todo en tu Mac","com.apple.siri","Sin conexiones activas",false,7047,"Procesando solicitud…","-[AFConnection _extendExistingRequestTimeoutForReason:durationInSeconds:] No existing timeout timer set. Skipping."
2026-09-20 17:14:07.984,"Privado — todo en tu Mac","com.apple.siri","Sin conexiones activas",false,7047,"Procesando solicitud…","-[AFConnection _extendExistingRequestTimeoutForReason:durationInSeconds:] reason = requestDidAskForTimeoutExtension:"
2026-09-20 17:14:07.984,"Privado — todo en tu Mac","com.apple.siri","Sin conexiones activas",false,7047,"Procesando solicitud…","-[CampoUISiriChatSession assistantConnection:receivedCommand:completion:] Received Command: StreamChunk aceId: <private>"
2026-09-20 17:14:07.984,"Privado — todo en tu Mac","com.apple.siri","Sin conexiones activas",false,7047,"Procesando solicitud…","-[AFConnection _dispatchCommand:isInterstitial:interstitialPhase:interstitialDelay:reply:] command = <private>, isInterstitial = 0"
2026-09-20 17:14:07.984,"Privado — todo en tu Mac","com.apple.siri","Sin conexiones activas",false,7047,"Procesando solicitud…","-[AFConnection _handleCommand:reply:] command = <private>"
2026-09-20 17:14:07.984,"Privado — todo en tu Mac","com.apple.siri","Sin conexiones activas",false,7047,"Procesando solicitud…","-[CampoUISiriChatPresentationController siriSessionDidReceiveUpdateVisualResponseSnippetCommand:completion:] command with viewId: <private> handled by presentation: YES"
2026-09-20 17:14:07.983,"Privado — todo en tu Mac","com.apple.intelligenceplatform","Sin conexiones activas",false,7047,"SourceUpdater: Dropping notification for <private> - no action needed","SourceUpdater: Dropping notification for <private> - no action needed"
2026-09-20 17:14:07.983,"Privado — todo en tu Mac","com.apple.intelligenceplatform","Sin conexiones activas",false,7047,"Procesando solicitud…","ViewUpdate: <private>: Update is required"
2026-09-20 17:14:07.983,"Privado — todo en tu Mac","com.apple.intelligenceplatform","Sin conexiones activas",false,7047,"SourceUpdater: <private> triggered 32 to run on the live schedule","SourceUpdater: <private> triggered 32 to run on the live schedule"
2026-09-20 17:14:07.982,"Privado — todo en tu Mac","com.apple.siri","Sin conexiones activas",false,7047,"Procesando solicitud…","-[AFConnection _extendExistingRequestTimeoutForReason:durationInSeconds:] No existing timeout timer set. Skipping."
2026-09-20 17:14:07.982,"Privado — todo en tu Mac","com.apple.siri","Sin conexiones activas",false,7047,"Procesando solicitud…","-[AFConnection _extendExistingRequestTimeoutForReason:durationInSeconds:] reason = requestDidAskForTimeoutExtension:"
2026-09-20 17:14:07.982,"Privado — todo en tu Mac","com.apple.siri","Sin conexiones activas",false,7047,"Procesando solicitud…","-[CampoUISiriChatSession assistantConnection:receivedCommand:completion:] Received Command: StreamChunk aceId: <private>"
2026-09-20 17:14:07.982,"Privado — todo en tu Mac","com.apple.siri","Sin conexiones activas",false,7047,"Procesando solicitud…","-[AFConnection _dispatchCommand:isInterstitial:interstitialPhase:interstitialDelay:reply:] command = <private>, isInterstitial = 0"
2026-09-20 17:14:07.982,"Privado — todo en tu Mac","com.apple.siri","Sin conexiones activas",false,7047,"Procesando solicitud…","-[AFConnection _handleCommand:reply:] command = <private>"
2026-09-20 17:14:07.981,"Privado — todo en tu Mac","com.apple.siri","Sin conexiones activas",false,7047,"Procesando solicitud…","-[AFConnection _extendExistingRequestTimeoutForReason:durationInSeconds:] No existing timeout timer set. Skipping."
2026-09-20 17:14:07.981,"Privado — todo en tu Mac","com.apple.siri","Sin conexiones activas",false,7047,"Procesando solicitud…","-[AFConnection _extendExistingRequestTimeoutForReason:durationInSeconds:] reason = requestDidAskForTimeoutExtension:"
2026-09-20 17:14:07.979,"Privado — todo en tu Mac","com.apple.intelligenceplatform","Sin conexiones activas",false,7047,"Procesando solicitud…","ViewUpdate: 32:ITDDatestampEventIDIndexView: Beginning view update attempt"
2026-09-20 17:14:07.978,"Privado — todo en tu Mac","com.apple.intelligenceplatform","Sin conexiones activas",false,7047,"Procesando solicitud…","ViewUpdate: 32:ITDDatestampEventIDIndexView: Ending view update attempt"
2026-09-20 17:14:07.978,"Privado — todo en tu Mac","com.apple.intelligenceplatform","Sin conexiones activas",false,7047,"ViewUpdate: completed update","ViewUpdate: completed update"
2026-09-20 17:14:07.978,"Privado — todo en tu Mac","com.apple.intelligenceplatform","Sin conexiones activas",false,7047,"Procesando solicitud…","ViewUpdate: 32:ITDDatestampEventIDIndexView: View was updated"
2026-09-20 17:14:07.978,"Privado — todo en tu Mac","com.apple.intelligenceplatform","Sin conexiones activas",false,7046,"IntelligenceFlow.Transcript.Datastream","ViewUpdate: 32:ITDDatestampEventIDIndexView: re-adding to schedule live as source timestamp has changed since the update for SourceState(sourceId: 44, sourceType: IntelligencePlatformCore.ViewUpdate.SourceType.biome, sourceIdentifier: ""IntelligenceFlow.Transcript.Datastream"", updateType: IntelligencePlatformCore.ViewUpdate.UpdateType.normal, modifiedTimestamp: 811610047.959353, available: true, lastQueriedSourceData: nil)"
2026-09-20 17:14:07.977,"Privado — todo en tu Mac","com.apple.intelligenceplatform","Sin conexiones activas",false,7043,"Procesando solicitud…","ViewUpdate: <private>: <private>: Finished update"
2026-09-20 17:14:07.977,"Privado — todo en tu Mac","com.apple.intelligenceplatform","Sin conexiones activas",false,7043,"Procesando solicitud…","ViewUpdate: <private>: Finished update"
2026-09-20 17:14:07.972,"Privado — todo en tu Mac","com.apple.intelligenceplatform","Sin conexiones activas",false,7043,"SourceUpdater: Dropping notification for <private> - no action needed","SourceUpdater: Dropping notification for <private> - no action needed"
2026-09-20 17:14:07.972,"Privado — todo en tu Mac","com.apple.siri","Sin conexiones activas",false,7043,"Procesando solicitud…","-[CampoUISiriChatPresentationController siriSessionDidReceiveAddViewsCommand:completion:] Received an empty SAUIAssistantUtteranceView with no dialog from a SAUIAddViews with aceID:<private> refID:<private>. Marking command as SACommandSucceeded"
2026-09-20 17:14:07.972,"Privado — todo en tu Mac","com.apple.siri","Sin conexiones activas",false,7042,"Procesando solicitud…","-[CampoUISiriChatPresentationController siriSessionDidReceiveAddViewsCommand:completion:] #modes SAUIAddViews view class: SAUIAssistantUtteranceView"
2026-09-20 17:14:07.972,"Privado — todo en tu Mac","com.apple.siri","Sin conexiones activas",false,7042,"Procesando solicitud…","-[CampoUISiriChatPresentationController siriSessionDidReceiveAddViewsCommand:completion:] #Replay isReplaying: 0, wrapper: 0x0"
2026-09-20 17:14:07.972,"Privado — todo en tu Mac","com.apple.siri","Sin conexiones activas",false,7042,"Procesando solicitud…","-[CampoUISiriChatPresentationController siriSessionDidReceiveAddViewsCommand:completion:] #Replay receivedReplayCommand SAUIAddViews: <private>"
2026-09-20 17:14:07.972,"Privado — todo en tu Mac","com.apple.siri","Sin conexiones activas",false,7042,"Procesando solicitud…","-[CampoUISiriChatPresentationController siriSessionDidReceiveUpdateVisualResponseSnippetCommand:completion:] command with viewId: <private> handled by presentation: YES"
2026-09-20 17:14:07.971,"Privado — todo en tu Mac","com.apple.intelligenceplatform","Sin conexiones activas",false,7042,"SourceUpdater: Dropping notification for <private> - no action needed","SourceUpdater: Dropping notification for <private> - no action needed"
2026-09-20 17:14:07.970,"Privado — todo en tu Mac","com.apple.siri","Sin conexiones activas",false,7042,"Processsing latency progress update: <private>","Processsing latency progress update: <private>"
2026-09-20 17:14:07.970,"Privado — todo en tu Mac","com.apple.siri","Sin conexiones activas",false,7041,"Procesando solicitud…","-[CampoUISiriChatSession assistantConnection:receivedCommand:completion:] Received Command: StreamChunk aceId: <private>"
2026-09-20 17:14:07.970,"Privado — todo en tu Mac","com.apple.siri","Sin conexiones activas",false,7041,"Procesando solicitud…","-[AFConnection _dispatchCommand:isInterstitial:interstitialPhase:interstitialDelay:reply:] command = <private>, isInterstitial = 0"
2026-09-20 17:14:07.970,"Privado — todo en tu Mac","com.apple.siri","Sin conexiones activas",false,7041,"Procesando solicitud…","-[AFConnection _handleCommand:reply:] command = <private>"
2026-09-20 17:14:07.970,"Privado — todo en tu Mac","com.apple.siri","Sin conexiones activas",false,7041,"Procesando solicitud…","-[AFConnection _extendExistingRequestTimeoutForReason:durationInSeconds:] No existing timeout timer set. Skipping."
2026-09-20 17:14:07.970,"Privado — todo en tu Mac","com.apple.siri","Sin conexiones activas",false,7041,"Procesando solicitud…","-[AFConnection _extendExistingRequestTimeoutForReason:durationInSeconds:] reason = requestDidAskForTimeoutExtension:"
2026-09-20 17:14:07.970,"Privado — todo en tu Mac","com.apple.intelligenceplatform","Sin conexiones activas",false,7041,"SourceUpdater: Dropping notification for <private> - no action needed","SourceUpdater: Dropping notification for <private> - no action needed"
2026-09-20 17:14:07.969,"Privado — todo en tu Mac","com.apple.siri","Sin conexiones activas",false,7041,"Procesando solicitud…","-[AFConnection _extendExistingRequestTimeoutForReason:durationInSeconds:] No existing timeout timer set. Skipping."
2026-09-20 17:14:07.969,"Privado — todo en tu Mac","com.apple.siri","Sin conexiones activas",false,7040,"Procesando solicitud…","-[AFConnection _extendExistingRequestTimeoutForReason:durationInSeconds:] reason = requestDidAskForTimeoutExtension:"
2026-09-20 17:14:07.969,"Privado — todo en tu Mac","com.apple.intelligenceplatform","Sin conexiones activas",false,7040,"Using target provided in IntelligencePlatform for view: (<private>)","Using target provided in IntelligencePlatform for view: (<private>)"
2026-09-20 17:14:07.969,"Privado — todo en tu Mac","com.apple.intelligenceplatform","Sin conexiones activas",false,7040,"SourceUpdater: Dropping notification for <private> - no action needed","SourceUpdater: Dropping notification for <private> - no action needed"
2026-09-20 17:14:07.968,"Privado — todo en tu Mac","com.apple.siri","Sin conexiones activas",false,7040,"Procesando solicitud…","-[CampoUISiriChatPresentationController siriSessionDidReceiveAddViewsCommand:completion:] Received an empty SAUIAssistantUtteranceView with no dialog from a SAUIAddViews with aceID:<private> refID:<private>. Marking command as SACommandSucceeded"
2026-09-20 17:14:07.968,"Privado — todo en tu Mac","com.apple.siri","Sin conexiones activas",false,7039,"Procesando solicitud…","-[CampoUISiriChatPresentationController siriSessionDidReceiveAddViewsCommand:completion:] #modes SAUIAddViews view class: SAUIAssistantUtteranceView"
2026-09-20 17:14:07.968,"Privado — todo en tu Mac","com.apple.siri","Sin conexiones activas",false,7039,"Procesando solicitud…","-[CampoUISiriChatPresentationController siriSessionDidReceiveAddViewsCommand:completion:] #Replay isReplaying: 0, wrapper: 0x0"
2026-09-20 17:14:07.968,"Privado — todo en tu Mac","com.apple.siri","Sin conexiones activas",false,7039,"Procesando solicitud…","-[CampoUISiriChatPresentationController siriSessionDidReceiveAddViewsCommand:completion:] #Replay receivedReplayCommand SAUIAddViews: <private>"
2026-09-20 17:14:07.968,"Privado — todo en tu Mac","com.apple.siri","Sin conexiones activas",false,7039,"Procesando solicitud…","-[CampoUISiriChatPresentationController siriSessionDidReceiveUpdateVisualResponseSnippetCommand:completion:] command with viewId: <private> handled by presentation: YES"
2026-09-20 17:14:07.968,"Privado — todo en tu Mac","com.apple.intelligenceplatform","Sin conexiones activas",false,7039,"SourceUpdater: Dropping notification for <private> - no action needed","SourceUpdater: Dropping notification for <private> - no action needed"
2026-09-20 17:14:07.968,"Privado — todo en tu Mac","com.apple.siri","Sin conexiones activas",false,7039,"Processsing latency progress update: <private>","Processsing latency progress update: <private>"
2026-09-20 17:14:07.968,"Privado — todo en tu Mac","com.apple.siri","Sin conexiones activas",false,7038,"Procesando solicitud…","-[AFConnection _extendExistingRequestTimeoutForReason:durationInSeconds:] No existing timeout timer set. Skipping."
2026-09-20 17:14:07.968,"Privado — todo en tu Mac","com.apple.siri","Sin conexiones activas",false,7038,"Procesando solicitud…","-[AFConnection _extendExistingRequestTimeoutForReason:durationInSeconds:] reason = requestDidAskForTimeoutExtension:"
2026-09-20 17:14:07.968,"Privado — todo en tu Mac","com.apple.siri","Sin conexiones activas",false,7038,"Processsing latency progress update: <private>","Processsing latency progress update: <private>"
2026-09-20 17:14:07.967,"Privado — todo en tu Mac","com.apple.siri","Sin conexiones activas",false,7038,"Procesando solicitud…","-[CampoUISiriChatPresentationController siriSessionDidReceiveAddViewsCommand:completion:] Received an empty SAUIAssistantUtteranceView with no dialog from a SAUIAddViews with aceID:<private> refID:<private>. Marking command as SACommandSucceeded"
2026-09-20 17:14:07.967,"Privado — todo en tu Mac","com.apple.siri","Sin conexiones activas",false,7038,"Procesando solicitud…","-[CampoUISiriChatPresentationController siriSessionDidReceiveAddViewsCommand:completion:] #modes SAUIAddViews view class: SAUIAssistantUtteranceView"
2026-09-20 17:14:07.967,"Privado — todo en tu Mac","com.apple.siri","Sin conexiones activas",false,7038,"Procesando solicitud…","-[CampoUISiriChatPresentationController siriSessionDidReceiveAddViewsCommand:completion:] #Replay receivedReplayCommand SAUIAddViews: <private>"
2026-09-20 17:14:07.967,"Privado — todo en tu Mac","com.apple.siri","Sin conexiones activas",false,7038,"Procesando solicitud…","-[AFConnection _extendExistingRequestTimeoutForReason:durationInSeconds:] No existing timeout timer set. Skipping."
2026-09-20 17:14:07.967,"Privado — todo en tu Mac","com.apple.siri","Sin conexiones activas",false,7037,"Procesando solicitud…","-[AFConnection _extendExistingRequestTimeoutForReason:durationInSeconds:] reason = requestDidAskForTimeoutExtension:"
2026-09-20 17:14:07.967,"Privado — todo en tu Mac","com.apple.siri","Sin conexiones activas",false,7037,"Processsing latency progress update: <private>","Processsing latency progress update: <private>"
2026-09-20 17:14:07.966,"Privado — todo en tu Mac","com.apple.siri","Sin conexiones activas",false,7037,"Procesando solicitud…","-[CampoUISiriChatPresentationController siriSessionDidReceiveUpdateVisualResponseSnippetCommand:completion:] command with viewId: <private> handled by presentation: YES"
2026-09-20 17:14:07.966,"Privado — todo en tu Mac","com.apple.siri","Sin conexiones activas",false,7037,"Procesando solicitud…","-[AFConnection _extendExistingRequestTimeoutForReason:durationInSeconds:] No existing timeout timer set. Skipping."
2026-09-20 17:14:07.966,"Privado — todo en tu Mac","com.apple.siri","Sin conexiones activas",false,7037,"Procesando solicitud…","-[AFConnection _extendExistingRequestTimeoutForReason:durationInSeconds:] reason = requestDidAskForTimeoutExtension:"
2026-09-20 17:14:07.966,"Privado — todo en tu Mac","com.apple.siri","Sin conexiones activas",false,7037,"Procesando solicitud…","-[CampoUISiriChatSession assistantConnection:receivedCommand:completion:] Received Command: StreamChunk aceId: <private>"
2026-09-20 17:14:07.966,"Privado — todo en tu Mac","com.apple.siri","Sin conexiones activas",false,7037,"Procesando solicitud…","-[AFConnection _dispatchCommand:isInterstitial:interstitialPhase:interstitialDelay:reply:] command = <private>, isInterstitial = 0"
2026-09-20 17:14:07.966,"Privado — todo en tu Mac","com.apple.siri","Sin conexiones activas",false,7036,"Procesando solicitud…","-[AFConnection _handleCommand:reply:] command = <private>"
2026-09-20 17:14:07.966,"Privado — todo en tu Mac","com.apple.siri","Sin conexiones activas",false,7036,"Procesando solicitud…","-[AFConnection _extendExistingRequestTimeoutForReason:durationInSeconds:] No existing timeout timer set. Skipping."
2026-09-20 17:14:07.966,"Privado — todo en tu Mac","com.apple.siri","Sin conexiones activas",false,7036,"Procesando solicitud…","-[AFConnection _extendExistingRequestTimeoutForReason:durationInSeconds:] reason = requestDidAskForTimeoutExtension:"
2026-09-20 17:14:07.966,"Privado — todo en tu Mac","com.apple.siri","Sin conexiones activas",false,7036,"Procesando solicitud…","-[CampoUISiriChatSession assistantConnection:receivedCommand:completion:] Received Command: StreamChunk aceId: <private>"
2026-09-20 17:14:07.966,"Privado — todo en tu Mac","com.apple.siri","Sin conexiones activas",false,7036,"Procesando solicitud…","-[AFConnection _dispatchCommand:isInterstitial:interstitialPhase:interstitialDelay:reply:] command = <private>, isInterstitial = 0"
2026-09-20 17:14:07.966,"Privado — todo en tu Mac","com.apple.siri","Sin conexiones activas",false,7036,"Procesando solicitud…","-[AFConnection _handleCommand:reply:] command = <private>"
2026-09-20 17:14:07.965,"Privado — todo en tu Mac","com.apple.siri","Sin conexiones activas",false,7036,"Procesando solicitud…","-[CampoUISiriChatPresentationController siriSessionDidReceiveAddViewsCommand:completion:] Received an empty SAUIAssistantUtteranceView with no dialog from a SAUIAddViews with aceID:<private> refID:<private>. Marking command as SACommandSucceeded"
2026-09-20 17:14:07.965,"Privado — todo en tu Mac","com.apple.siri","Sin conexiones activas",false,7036,"Procesando solicitud…","-[CampoUISiriChatPresentationController siriSessionDidReceiveAddViewsCommand:completion:] #modes SAUIAddViews view class: SAUIAssistantUtteranceView"
2026-09-20 17:14:07.965,"Privado — todo en tu Mac","com.apple.siri","Sin conexiones activas",false,7036,"Procesando solicitud…","-[CampoUISiriChatPresentationController siriSessionDidReceiveAddViewsCommand:completion:] #Replay isReplaying: 0, wrapper: 0x0"
2026-09-20 17:14:07.965,"Privado — todo en tu Mac","com.apple.siri","Sin conexiones activas",false,7036,"Procesando solicitud…","-[CampoUISiriChatPresentationController siriSessionDidReceiveAddViewsCommand:completion:] #Replay receivedReplayCommand SAUIAddViews: <private>"
2026-09-20 17:14:07.964,"Privado — todo en tu Mac","com.apple.intelligenceplatform","Sin conexiones activas",false,7035,"SourceUpdater: Dropping notification for <private> - no action needed","SourceUpdater: Dropping notification for <private> - no action needed"
2026-09-20 17:14:07.964,"Privado — todo en tu Mac","com.apple.siri","Sin conexiones activas",false,7035,"Procesando solicitud…","-[CampoUISiriChatPresentationController siriSessionDidReceiveUpdateVisualResponseSnippetCommand:completion:] command with viewId: <private> handled by presentation: YES"
2026-09-20 17:14:07.964,"Privado — todo en tu Mac","com.apple.intelligenceplatform","Sin conexiones activas",false,7035,"SourceUpdater: <private> triggered 32 to run on the live schedule","SourceUpdater: <private> triggered 32 to run on the live schedule"
2026-09-20 17:14:07.964,"Privado — todo en tu Mac","com.apple.siri","Sin conexiones activas",false,7034,"Procesando solicitud…","-[AFConnection _extendExistingRequestTimeoutForReason:durationInSeconds:] No existing timeout timer set. Skipping."
2026-09-20 17:14:07.964,"Privado — todo en tu Mac","com.apple.siri","Sin conexiones activas",false,7034,"Procesando solicitud…","-[AFConnection _extendExistingRequestTimeoutForReason:durationInSeconds:] reason = requestDidAskForTimeoutExtension:"
2026-09-20 17:14:07.963,"Privado — todo en tu Mac","com.apple.siri","Sin conexiones activas",false,7034,"Procesando solicitud…","-[CampoUISiriChatSession assistantConnection:receivedCommand:completion:] Received Command: StreamChunk aceId: <private>"
2026-09-20 17:14:07.963,"Privado — todo en tu Mac","com.apple.siri","Sin conexiones activas",false,7034,"Procesando solicitud…","-[AFConnection _dispatchCommand:isInterstitial:interstitialPhase:interstitialDelay:reply:] command = <private>, isInterstitial = 0"
2026-09-20 17:14:07.963,"Privado — todo en tu Mac","com.apple.siri","Sin conexiones activas",false,7034,"Procesando solicitud…","-[AFConnection _handleCommand:reply:] command = <private>"
2026-09-20 17:14:07.963,"Privado — todo en tu Mac","com.apple.intelligenceplatform","Sin conexiones activas",false,7034,"Procesando solicitud…","ViewUpdate: <private>: Update is required"
2026-09-20 17:14:07.963,"Privado — todo en tu Mac","com.apple.siri","Sin conexiones activas",false,7034,"Procesando solicitud…","-[AFConnection _extendExistingRequestTimeoutForReason:durationInSeconds:] No existing timeout timer set. Skipping."
2026-09-20 17:14:07.963,"Privado — todo en tu Mac","com.apple.siri","Sin conexiones activas",false,7034,"Procesando solicitud…","-[AFConnection _extendExistingRequestTimeoutForReason:durationInSeconds:] reason = requestDidAskForTimeoutExtension:"
2026-09-20 17:14:07.954,"Privado — todo en tu Mac","com.apple.intelligenceplatform","Sin conexiones activas",false,7034,"Procesando solicitud…","ViewUpdate: 32:ITDDatestampEventIDIndexView: Beginning view update attempt"
2026-09-20 17:14:07.953,"Privado — todo en tu Mac","com.apple.intelligenceplatform","Sin conexiones activas",false,7033,"Procesando solicitud…","ViewUpdate: 32:ITDDatestampEventIDIndexView: Ending view update attempt"
2026-09-20 17:14:07.953,"Privado — todo en tu Mac","com.apple.intelligenceplatform","Sin conexiones activas",false,7033,"ViewUpdate: completed update","ViewUpdate: completed update"
2026-09-20 17:14:07.953,"Privado — todo en tu Mac","com.apple.intelligenceplatform","Sin conexiones activas",false,7033,"Procesando solicitud…","ViewUpdate: 32:ITDDatestampEventIDIndexView: View was updated"
2026-09-20 17:14:07.953,"Privado — todo en tu Mac","com.apple.intelligenceplatform","Sin conexiones activas",false,7033,"IntelligenceFlow.Transcript.Datastream","ViewUpdate: 32:ITDDatestampEventIDIndexView: re-adding to schedule live as source timestamp has changed since the update for SourceState(sourceId: 44, sourceType: IntelligencePlatformCore.ViewUpdate.SourceType.biome, sourceIdentifier: ""IntelligenceFlow.Transcript.Datastream"", updateType: IntelligencePlatformCore.ViewUpdate.UpdateType.normal, modifiedTimestamp: 811610047.945827, available: true, lastQueriedSourceData: nil)"
2026-09-20 17:14:07.952,"Privado — todo en tu Mac","com.apple.siri","Sin conexiones activas",false,7033,"Procesando solicitud…","-[CampoUISiriChatPresentationController siriSessionDidReceiveAddViewsCommand:completion:] Received an empty SAUIAssistantUtteranceView with no dialog from a SAUIAddViews with aceID:<private> refID:<private>. Marking command as SACommandSucceeded"
2026-09-20 17:14:07.952,"Privado — todo en tu Mac","com.apple.siri","Sin conexiones activas",false,7032,"Procesando solicitud…","-[CampoUISiriChatPresentationController siriSessionDidReceiveAddViewsCommand:completion:] #modes SAUIAddViews view class: SAUIAssistantUtteranceView"
2026-09-20 17:14:07.952,"Privado — todo en tu Mac","com.apple.siri","Sin conexiones activas",false,7032,"Procesando solicitud…","-[CampoUISiriChatPresentationController siriSessionDidReceiveAddViewsCommand:completion:] #Replay receivedReplayCommand SAUIAddViews: <private>"
2026-09-20 17:14:07.952,"Privado — todo en tu Mac","com.apple.intelligenceplatform","Sin conexiones activas",false,7032,"Procesando solicitud…","ViewUpdate: <private>: <private>: Finished update"
2026-09-20 17:14:07.952,"Privado — todo en tu Mac","com.apple.intelligenceplatform","Sin conexiones activas",false,7032,"Procesando solicitud…","ViewUpdate: <private>: Finished update"
2026-09-20 17:14:07.952,"Privado — todo en tu Mac","com.apple.siri","Sin conexiones activas",false,7031,"Procesando solicitud…","-[CampoUISiriChatPresentationController siriSessionDidReceiveUpdateVisualResponseSnippetCommand:completion:] command with viewId: <private> handled by presentation: YES"
2026-09-20 17:14:07.952,"Privado — todo en tu Mac","com.apple.intelligenceplatform","Sin conexiones activas",false,7031,"SourceUpdater: Dropping notification for <private> - no action needed","SourceUpdater: Dropping notification for <private> - no action needed"
2026-09-20 17:14:07.951,"Privado — todo en tu Mac","com.apple.siri","Sin conexiones activas",false,7031,"Processsing latency progress update: <private>","Processsing latency progress update: <private>"
2026-09-20 17:14:07.951,"Privado — todo en tu Mac","com.apple.siri","Sin conexiones activas",false,7030,"Procesando solicitud…","-[CampoUISiriChatSession assistantConnection:receivedCommand:completion:] Received Command: StreamChunk aceId: <private>"
2026-09-20 17:14:07.951,"Privado — todo en tu Mac","com.apple.siri","Sin conexiones activas",false,7030,"Procesando solicitud…","-[AFConnection _dispatchCommand:isInterstitial:interstitialPhase:interstitialDelay:reply:] command = <private>, isInterstitial = 0"
2026-09-20 17:14:07.951,"Privado — todo en tu Mac","com.apple.siri","Sin conexiones activas",false,7030,"Procesando solicitud…","-[AFConnection _handleCommand:reply:] command = <private>"
2026-09-20 17:14:07.951,"Privado — todo en tu Mac","com.apple.siri","Sin conexiones activas",false,7030,"Procesando solicitud…","-[AFConnection _extendExistingRequestTimeoutForReason:durationInSeconds:] No existing timeout timer set. Skipping."
2026-09-20 17:14:07.951,"Privado — todo en tu Mac","com.apple.siri","Sin conexiones activas",false,7030,"Procesando solicitud…","-[AFConnection _extendExistingRequestTimeoutForReason:durationInSeconds:] reason = requestDidAskForTimeoutExtension:"
2026-09-20 17:14:07.950,"Privado — todo en tu Mac","com.apple.intelligenceplatform","Sin conexiones activas",false,7030,"SourceUpdater: <private> triggered 32 to run on the live schedule","SourceUpdater: <private> triggered 32 to run on the live schedule"
2026-09-20 17:14:07.950,"Privado — todo en tu Mac","com.apple.siri","Sin conexiones activas",false,7030,"Procesando solicitud…","-[AFConnection _extendExistingRequestTimeoutForReason:durationInSeconds:] No existing timeout timer set. Skipping."
2026-09-20 17:14:07.950,"Privado — todo en tu Mac","com.apple.siri","Sin conexiones activas",false,7030,"Procesando solicitud…","-[AFConnection _extendExistingRequestTimeoutForReason:durationInSeconds:] reason = requestDidAskForTimeoutExtension:"
2026-09-20 17:14:07.948,"Privado — todo en tu Mac","com.apple.intelligenceplatform","Sin conexiones activas",false,7030,"Using target provided in IntelligencePlatform for view: (<private>)","Using target provided in IntelligencePlatform for view: (<private>)"
2026-09-20 17:14:07.948,"Privado — todo en tu Mac","com.apple.intelligenceplatform","Sin conexiones activas",false,7030,"Procesando solicitud…","ViewUpdate: <private>: Update is required"
2026-09-20 17:14:07.944,"Privado — todo en tu Mac","com.apple.intelligenceplatform","Sin conexiones activas",false,7030,"Procesando solicitud…","ViewUpdate: 32:ITDDatestampEventIDIndexView: Beginning view update attempt"
2026-09-20 17:14:07.943,"Privado — todo en tu Mac","com.apple.intelligenceplatform","Sin conexiones activas",false,7030,"Procesando solicitud…","ViewUpdate: 32:ITDDatestampEventIDIndexView: Ending view update attempt"
2026-09-20 17:14:07.943,"Privado — todo en tu Mac","com.apple.intelligenceplatform","Sin conexiones activas",false,7030,"ViewUpdate: completed update","ViewUpdate: completed update"
2026-09-20 17:14:07.943,"Privado — todo en tu Mac","com.apple.intelligenceplatform","Sin conexiones activas",false,7027,"Procesando solicitud…","ViewUpdate: 32:ITDDatestampEventIDIndexView: View was updated"
2026-09-20 17:14:07.943,"Privado — todo en tu Mac","com.apple.intelligenceplatform","Sin conexiones activas",false,7026,"IntelligenceFlow.Transcript.Datastream","ViewUpdate: 32:ITDDatestampEventIDIndexView: re-adding to schedule live as source timestamp has changed since the update for SourceState(sourceId: 44, sourceType: IntelligencePlatformCore.ViewUpdate.SourceType.biome, sourceIdentifier: ""IntelligenceFlow.Transcript.Datastream"", updateType: IntelligencePlatformCore.ViewUpdate.UpdateType.normal, modifiedTimestamp: 811610047.921165, available: true, lastQueriedSourceData: nil)"
2026-09-20 17:14:07.942,"Privado — todo en tu Mac","com.apple.intelligenceplatform","Sin conexiones activas",false,7026,"Procesando solicitud…","ViewUpdate: <private>: <private>: Finished update"
2026-09-20 17:14:07.942,"Privado — todo en tu Mac","com.apple.intelligenceplatform","Sin conexiones activas",false,7026,"Procesando solicitud…","ViewUpdate: <private>: Finished update"
2026-09-20 17:14:07.939,"Privado — todo en tu Mac","com.apple.intelligenceplatform","Sin conexiones activas",false,7025,"SourceUpdater: Dropping notification for <private> - no action needed","SourceUpdater: Dropping notification for <private> - no action needed"
2026-09-20 17:14:07.939,"Privado — todo en tu Mac","com.apple.siri","Sin conexiones activas",false,7025,"Procesando solicitud…","-[CampoUISiriChatPresentationController siriSessionDidReceiveAddViewsCommand:completion:] Received an empty SAUIAssistantUtteranceView with no dialog from a SAUIAddViews with aceID:<private> refID:<private>. Marking command as SACommandSucceeded"
2026-09-20 17:14:07.939,"Privado — todo en tu Mac","com.apple.siri","Sin conexiones activas",false,7025,"Procesando solicitud…","-[CampoUISiriChatPresentationController siriSessionDidReceiveAddViewsCommand:completion:] #modes SAUIAddViews view class: SAUIAssistantUtteranceView"
2026-09-20 17:14:07.939,"Privado — todo en tu Mac","com.apple.siri","Sin conexiones activas",false,7025,"Procesando solicitud…","-[CampoUISiriChatPresentationController siriSessionDidReceiveAddViewsCommand:completion:] #Replay receivedReplayCommand SAUIAddViews: <private>"
2026-09-20 17:14:07.938,"Privado — todo en tu Mac","com.apple.siri","Sin conexiones activas",false,7025,"Procesando solicitud…","-[CampoUISiriChatPresentationController siriSessionDidReceiveUpdateVisualResponseSnippetCommand:completion:] command with viewId: <private> handled by presentation: YES"
2026-09-20 17:14:07.938,"Privado — todo en tu Mac","com.apple.intelligenceplatform","Sin conexiones activas",false,7025,"SourceUpdater: Dropping notification for <private> - no action needed","SourceUpdater: Dropping notification for <private> - no action needed"
2026-09-20 17:14:07.937,"Privado — todo en tu Mac","com.apple.siri","Sin conexiones activas",false,7024,"Processsing latency progress update: <private>","Processsing latency progress update: <private>"
2026-09-20 17:14:07.937,"Privado — todo en tu Mac","com.apple.siri","Sin conexiones activas",false,7024,"Procesando solicitud…","-[CampoUISiriChatSession assistantConnection:receivedCommand:completion:] Received Command: StreamChunk aceId: <private>"
2026-09-20 17:14:07.937,"Privado — todo en tu Mac","com.apple.siri","Sin conexiones activas",false,7024,"Procesando solicitud…","-[AFConnection _dispatchCommand:isInterstitial:interstitialPhase:interstitialDelay:reply:] command = <private>, isInterstitial = 0"
2026-09-20 17:14:07.937,"Privado — todo en tu Mac","com.apple.siri","Sin conexiones activas",false,7024,"Procesando solicitud…","-[AFConnection _handleCommand:reply:] command = <private>"
2026-09-20 17:14:07.937,"Privado — todo en tu Mac","com.apple.intelligenceplatform","Sin conexiones activas",false,7024,"SourceUpdater: Dropping notification for <private> - no action needed","SourceUpdater: Dropping notification for <private> - no action needed"
2026-09-20 17:14:07.937,"Privado — todo en tu Mac","com.apple.siri","Sin conexiones activas",false,7023,"Procesando solicitud…","-[AFConnection _extendExistingRequestTimeoutForReason:durationInSeconds:] No existing timeout timer set. Skipping."
2026-09-20 17:14:07.937,"Privado — todo en tu Mac","com.apple.siri","Sin conexiones activas",false,7023,"Procesando solicitud…","-[AFConnection _extendExistingRequestTimeoutForReason:durationInSeconds:] reason = requestDidAskForTimeoutExtension:"
2026-09-20 17:14:07.936,"Privado — todo en tu Mac","com.apple.siri","Sin conexiones activas",false,7023,"Procesando solicitud…","-[AFConnection _extendExistingRequestTimeoutForReason:durationInSeconds:] No existing timeout timer set. Skipping."
2026-09-20 17:14:07.936,"Privado — todo en tu Mac","com.apple.siri","Sin conexiones activas",false,7023,"Procesando solicitud…","-[AFConnection _extendExistingRequestTimeoutForReason:durationInSeconds:] reason = requestDidAskForTimeoutExtension:"
2026-09-20 17:14:07.934,"Privado — todo en tu Mac","com.apple.intelligenceplatform","Sin conexiones activas",false,7022,"SourceUpdater: Dropping notification for <private> - no action needed","SourceUpdater: Dropping notification for <private> - no action needed"
2026-09-20 17:14:07.934,"Privado — todo en tu Mac","com.apple.siri","Sin conexiones activas",false,7022,"Procesando solicitud…","-[CampoUISiriChatPresentationController siriSessionDidReceiveAddViewsCommand:completion:] Received an empty SAUIAssistantUtteranceView with no dialog from a SAUIAddViews with aceID:<private> refID:<private>. Marking command as SACommandSucceeded"
2026-09-20 17:14:07.934,"Privado — todo en tu Mac","com.apple.siri","Sin conexiones activas",false,7021,"Procesando solicitud…","-[CampoUISiriChatPresentationController siriSessionDidReceiveAddViewsCommand:completion:] #modes SAUIAddViews view class: SAUIAssistantUtteranceView"
2026-09-20 17:14:07.934,"Privado — todo en tu Mac","com.apple.siri","Sin conexiones activas",false,7021,"Procesando solicitud…","-[CampoUISiriChatPresentationController siriSessionDidReceiveAddViewsCommand:completion:] #Replay receivedReplayCommand SAUIAddViews: <private>"
2026-09-20 17:14:07.934,"Privado — todo en tu Mac","com.apple.siri","Sin conexiones activas",false,7021,"Procesando solicitud…","-[CampoUISiriChatPresentationController siriSessionDidReceiveUpdateVisualResponseSnippetCommand:completion:] command with viewId: <private> handled by presentation: YES"
2026-09-20 17:14:07.934,"Privado — todo en tu Mac","com.apple.siri","Sin conexiones activas",false,7021,"Procesando solicitud…","-[CampoUISiriChatPresentationController siriSessionDidReceiveAddViewsCommand:completion:] Received an empty SAUIAssistantUtteranceView with no dialog from a SAUIAddViews with aceID:<private> refID:<private>. Marking command as SACommandSucceeded"
2026-09-20 17:14:07.934,"Privado — todo en tu Mac","com.apple.siri","Sin conexiones activas",false,7021,"Procesando solicitud…","-[CampoUISiriChatPresentationController siriSessionDidReceiveAddViewsCommand:completion:] #modes SAUIAddViews view class: SAUIAssistantUtteranceView"
2026-09-20 17:14:07.934,"Privado — todo en tu Mac","com.apple.siri","Sin conexiones activas",false,7021,"Procesando solicitud…","-[CampoUISiriChatPresentationController siriSessionDidReceiveAddViewsCommand:completion:] #Replay isReplaying: 0, wrapper: 0x0"
2026-09-20 17:14:07.934,"Privado — todo en tu Mac","com.apple.siri","Sin conexiones activas",false,7021,"Procesando solicitud…","-[CampoUISiriChatPresentationController siriSessionDidReceiveAddViewsCommand:completion:] #Replay receivedReplayCommand SAUIAddViews: <private>"
2026-09-20 17:14:07.934,"Privado — todo en tu Mac","com.apple.siri","Sin conexiones activas",false,7020,"Procesando solicitud…","-[CampoUISiriChatPresentationController siriSessionDidReceiveUpdateVisualResponseSnippetCommand:completion:] command with viewId: <private> handled by presentation: YES"
2026-09-20 17:14:07.934,"Privado — todo en tu Mac","com.apple.siri","Sin conexiones activas",false,7020,"Procesando solicitud…","-[CampoUISiriChatPresentationController siriSessionDidReceiveAddViewsCommand:completion:] Received an empty SAUIAssistantUtteranceView with no dialog from a SAUIAddViews with aceID:<private> refID:<private>. Marking command as SACommandSucceeded"
2026-09-20 17:14:07.934,"Privado — todo en tu Mac","com.apple.siri","Sin conexiones activas",false,7020,"Procesando solicitud…","-[CampoUISiriChatPresentationController siriSessionDidReceiveAddViewsCommand:completion:] #modes SAUIAddViews view class: SAUIAssistantUtteranceView"
2026-09-20 17:14:07.934,"Privado — todo en tu Mac","com.apple.siri","Sin conexiones activas",false,7020,"Procesando solicitud…","-[CampoUISiriChatPresentationController siriSessionDidReceiveAddViewsCommand:completion:] #Replay isReplaying: 0, wrapper: 0x0"
2026-09-20 17:14:07.934,"Privado — todo en tu Mac","com.apple.siri","Sin conexiones activas",false,7020,"Procesando solicitud…","-[CampoUISiriChatPresentationController siriSessionDidReceiveAddViewsCommand:completion:] #Replay receivedReplayCommand SAUIAddViews: <private>"
2026-09-20 17:14:07.934,"Privado — todo en tu Mac","com.apple.siri","Sin conexiones activas",false,7020,"Procesando solicitud…","-[CampoUISiriChatPresentationController siriSessionDidReceiveUpdateVisualResponseSnippetCommand:completion:] command with viewId: <private> handled by presentation: YES"
2026-09-20 17:14:07.934,"Privado — todo en tu Mac","com.apple.siri","Sin conexiones activas",false,7020,"Procesando solicitud…","-[CampoUISiriChatPresentationController siriSessionDidReceiveAddViewsCommand:completion:] Received an empty SAUIAssistantUtteranceView with no dialog from a SAUIAddViews with aceID:<private> refID:<private>. Marking command as SACommandSucceeded"
2026-09-20 17:14:07.934,"Privado — todo en tu Mac","com.apple.siri","Sin conexiones activas",false,7020,"Procesando solicitud…","-[CampoUISiriChatPresentationController siriSessionDidReceiveAddViewsCommand:completion:] #modes SAUIAddViews view class: SAUIAssistantUtteranceView"
2026-09-20 17:14:07.934,"Privado — todo en tu Mac","com.apple.siri","Sin conexiones activas",false,7019,"Procesando solicitud…","-[CampoUISiriChatPresentationController siriSessionDidReceiveAddViewsCommand:completion:] #Replay receivedReplayCommand SAUIAddViews: <private>"
2026-09-20 17:14:07.933,"Privado — todo en tu Mac","com.apple.siri","Sin conexiones activas",false,7019,"Procesando solicitud…","-[CampoUISiriChatPresentationController siriSessionDidReceiveUpdateVisualResponseSnippetCommand:completion:] command with viewId: <private> handled by presentation: YES"
2026-09-20 17:14:07.933,"Privado — todo en tu Mac","com.apple.siri","Sin conexiones activas",false,7019,"Procesando solicitud…","-[CampoUISiriChatPresentationController siriSessionDidReceiveAddViewsCommand:completion:] Received an empty SAUIAssistantUtteranceView with no dialog from a SAUIAddViews with aceID:<private> refID:<private>. Marking command as SACommandSucceeded"
2026-09-20 17:14:07.933,"Privado — todo en tu Mac","com.apple.siri","Sin conexiones activas",false,7019,"Procesando solicitud…","-[CampoUISiriChatPresentationController siriSessionDidReceiveAddViewsCommand:completion:] #modes SAUIAddViews view class: SAUIAssistantUtteranceView"
2026-09-20 17:14:07.933,"Privado — todo en tu Mac","com.apple.siri","Sin conexiones activas",false,7019,"Procesando solicitud…","-[CampoUISiriChatPresentationController siriSessionDidReceiveAddViewsCommand:completion:] #Replay isReplaying: 0, wrapper: 0x0"
2026-09-20 17:14:07.933,"Privado — todo en tu Mac","com.apple.siri","Sin conexiones activas",false,7019,"Procesando solicitud…","-[CampoUISiriChatPresentationController siriSessionDidReceiveAddViewsCommand:completion:] #Replay receivedReplayCommand SAUIAddViews: <private>"
2026-09-20 17:14:07.932,"Privado — todo en tu Mac","com.apple.intelligenceplatform","Sin conexiones activas",false,7018,"SourceUpdater: Dropping notification for <private> - no action needed","SourceUpdater: Dropping notification for <private> - no action needed"
2026-09-20 17:14:07.932,"Privado — todo en tu Mac","com.apple.siri","Sin conexiones activas",false,7018,"Procesando solicitud…","-[CampoUISiriChatPresentationController siriSessionDidReceiveUpdateVisualResponseSnippetCommand:completion:] command with viewId: <private> handled by presentation: YES"
2026-09-20 17:14:07.931,"Privado — todo en tu Mac","com.apple.siri","Sin conexiones activas",false,7017,"Processsing latency progress update: <private>","Processsing latency progress update: <private>"
2026-09-20 17:14:07.931,"Privado — todo en tu Mac","com.apple.siri","Sin conexiones activas",false,7017,"Procesando solicitud…","-[AFConnection _extendExistingRequestTimeoutForReason:durationInSeconds:] No existing timeout timer set. Skipping."
2026-09-20 17:14:07.931,"Privado — todo en tu Mac","com.apple.siri","Sin conexiones activas",false,7017,"Procesando solicitud…","-[AFConnection _extendExistingRequestTimeoutForReason:durationInSeconds:] reason = requestDidAskForTimeoutExtension:"
2026-09-20 17:14:07.931,"Privado — todo en tu Mac","com.apple.intelligenceplatform","Sin conexiones activas",false,7017,"Using target provided in IntelligencePlatform for view: (<private>)","Using target provided in IntelligencePlatform for view: (<private>)"
2026-09-20 17:14:07.931,"Privado — todo en tu Mac","com.apple.intelligenceplatform","Sin conexiones activas",false,7017,"SourceUpdater: Dropping notification for <private> - no action needed","SourceUpdater: Dropping notification for <private> - no action needed"
2026-09-20 17:14:07.931,"Privado — todo en tu Mac","com.apple.siri","Sin conexiones activas",false,7017,"Processsing latency progress update: <private>","Processsing latency progress update: <private>"
2026-09-20 17:14:07.931,"Privado — todo en tu Mac","com.apple.siri","Sin conexiones activas",false,7017,"Procesando solicitud…","-[AFConnection _extendExistingRequestTimeoutForReason:durationInSeconds:] No existing timeout timer set. Skipping."
2026-09-20 17:14:07.931,"Privado — todo en tu Mac","com.apple.siri","Sin conexiones activas",false,7017,"Procesando solicitud…","-[AFConnection _extendExistingRequestTimeoutForReason:durationInSeconds:] reason = requestDidAskForTimeoutExtension:"
2026-09-20 17:14:07.931,"Privado — todo en tu Mac","com.apple.siri","Sin conexiones activas",false,7016,"Processsing latency progress update: <private>","Processsing latency progress update: <private>"
2026-09-20 17:14:07.930,"Privado — todo en tu Mac","com.apple.siri","Sin conexiones activas",false,7016,"Procesando solicitud…","-[AFConnection _extendExistingRequestTimeoutForReason:durationInSeconds:] No existing timeout timer set. Skipping."
2026-09-20 17:14:07.930,"Privado — todo en tu Mac","com.apple.siri","Sin conexiones activas",false,7016,"Procesando solicitud…","-[AFConnection _extendExistingRequestTimeoutForReason:durationInSeconds:] reason = requestDidAskForTimeoutExtension:"
2026-09-20 17:14:07.930,"Privado — todo en tu Mac","com.apple.siri","Sin conexiones activas",false,7016,"Processsing latency progress update: <private>","Processsing latency progress update: <private>"
2026-09-20 17:14:07.930,"Privado — todo en tu Mac","com.apple.siri","Sin conexiones activas",false,7016,"Procesando solicitud…","-[AFConnection _extendExistingRequestTimeoutForReason:durationInSeconds:] No existing timeout timer set. Skipping."
2026-09-20 17:14:07.930,"Privado — todo en tu Mac","com.apple.siri","Sin conexiones activas",false,7016,"Procesando solicitud…","-[AFConnection _extendExistingRequestTimeoutForReason:durationInSeconds:] reason = requestDidAskForTimeoutExtension:"
2026-09-20 17:14:07.930,"Privado — todo en tu Mac","com.apple.siri","Sin conexiones activas",false,7016,"Processsing latency progress update: <private>","Processsing latency progress update: <private>"
2026-09-20 17:14:07.930,"Privado — todo en tu Mac","com.apple.siri","Sin conexiones activas",false,7015,"Procesando solicitud…","-[AFConnection _extendExistingRequestTimeoutForReason:durationInSeconds:] No existing timeout timer set. Skipping."
2026-09-20 17:14:07.930,"Privado — todo en tu Mac","com.apple.siri","Sin conexiones activas",false,7015,"Procesando solicitud…","-[AFConnection _extendExistingRequestTimeoutForReason:durationInSeconds:] reason = requestDidAskForTimeoutExtension:"
2026-09-20 17:14:07.930,"Privado — todo en tu Mac","com.apple.siri","Sin conexiones activas",false,7015,"Procesando solicitud…","-[CampoUISiriChatSession assistantConnection:receivedCommand:completion:] Received Command: StreamChunk aceId: <private>"
2026-09-20 17:14:07.930,"Privado — todo en tu Mac","com.apple.siri","Sin conexiones activas",false,7015,"Procesando solicitud…","-[AFConnection _dispatchCommand:isInterstitial:interstitialPhase:interstitialDelay:reply:] command = <private>, isInterstitial = 0"
2026-09-20 17:14:07.930,"Privado — todo en tu Mac","com.apple.siri","Sin conexiones activas",false,7015,"Procesando solicitud…","-[AFConnection _handleCommand:reply:] command = <private>"
2026-09-20 17:14:07.930,"Privado — todo en tu Mac","com.apple.siri","Sin conexiones activas",false,7015,"Procesando solicitud…","-[AFConnection _extendExistingRequestTimeoutForReason:durationInSeconds:] No existing timeout timer set. Skipping."
2026-09-20 17:14:07.930,"Privado — todo en tu Mac","com.apple.siri","Sin conexiones activas",false,7014,"Procesando solicitud…","-[AFConnection _extendExistingRequestTimeoutForReason:durationInSeconds:] reason = requestDidAskForTimeoutExtension:"
2026-09-20 17:14:07.930,"Privado — todo en tu Mac","com.apple.siri","Sin conexiones activas",false,7014,"Procesando solicitud…","-[CampoUISiriChatSession assistantConnection:receivedCommand:completion:] Received Command: StreamChunk aceId: <private>"
2026-09-20 17:14:07.930,"Privado — todo en tu Mac","com.apple.siri","Sin conexiones activas",false,7014,"Procesando solicitud…","-[AFConnection _dispatchCommand:isInterstitial:interstitialPhase:interstitialDelay:reply:] command = <private>, isInterstitial = 0"
2026-09-20 17:14:07.930,"Privado — todo en tu Mac","com.apple.siri","Sin conexiones activas",false,7014,"Procesando solicitud…","-[AFConnection _handleCommand:reply:] command = <private>"
2026-09-20 17:14:07.930,"Privado — todo en tu Mac","com.apple.siri","Sin conexiones activas",false,7014,"Procesando solicitud…","-[AFConnection _extendExistingRequestTimeoutForReason:durationInSeconds:] No existing timeout timer set. Skipping."
2026-09-20 17:14:07.930,"Privado — todo en tu Mac","com.apple.siri","Sin conexiones activas",false,7014,"Procesando solicitud…","-[AFConnection _extendExistingRequestTimeoutForReason:durationInSeconds:] reason = requestDidAskForTimeoutExtension:"
2026-09-20 17:14:07.930,"Privado — todo en tu Mac","com.apple.siri","Sin conexiones activas",false,7014,"Processsing latency progress update: <private>","Processsing latency progress update: <private>"
2026-09-20 17:14:07.930,"Privado — todo en tu Mac","com.apple.siri","Sin conexiones activas",false,7014,"Procesando solicitud…","-[AFConnection _extendExistingRequestTimeoutForReason:durationInSeconds:] No existing timeout timer set. Skipping."
2026-09-20 17:14:07.930,"Privado — todo en tu Mac","com.apple.siri","Sin conexiones activas",false,7013,"Procesando solicitud…","-[AFConnection _extendExistingRequestTimeoutForReason:durationInSeconds:] reason = requestDidAskForTimeoutExtension:"
2026-09-20 17:14:07.930,"Privado — todo en tu Mac","com.apple.siri","Sin conexiones activas",false,7013,"Procesando solicitud…","-[CampoUISiriChatSession assistantConnection:receivedCommand:completion:] Received Command: StreamChunk aceId: <private>"
2026-09-20 17:14:07.930,"Privado — todo en tu Mac","com.apple.siri","Sin conexiones activas",false,7013,"Procesando solicitud…","-[AFConnection _dispatchCommand:isInterstitial:interstitialPhase:interstitialDelay:reply:] command = <private>, isInterstitial = 0"
2026-09-20 17:14:07.930,"Privado — todo en tu Mac","com.apple.siri","Sin conexiones activas",false,7013,"Procesando solicitud…","-[AFConnection _handleCommand:reply:] command = <private>"
2026-09-20 17:14:07.930,"Privado — todo en tu Mac","com.apple.siri","Sin conexiones activas",false,7013,"Procesando solicitud…","-[AFConnection _extendExistingRequestTimeoutForReason:durationInSeconds:] No existing timeout timer set. Skipping."
2026-09-20 17:14:07.930,"Privado — todo en tu Mac","com.apple.siri","Sin conexiones activas",false,7013,"Procesando solicitud…","-[AFConnection _extendExistingRequestTimeoutForReason:durationInSeconds:] reason = requestDidAskForTimeoutExtension:"
2026-09-20 17:14:07.930,"Privado — todo en tu Mac","com.apple.siri","Sin conexiones activas",false,7013,"Procesando solicitud…","-[CampoUISiriChatSession assistantConnection:receivedCommand:completion:] Received Command: StreamChunk aceId: <private>"
2026-09-20 17:14:07.930,"Privado — todo en tu Mac","com.apple.siri","Sin conexiones activas",false,7013,"Procesando solicitud…","-[AFConnection _dispatchCommand:isInterstitial:interstitialPhase:interstitialDelay:reply:] command = <private>, isInterstitial = 0"
2026-09-20 17:14:07.930,"Privado — todo en tu Mac","com.apple.siri","Sin conexiones activas",false,7013,"Procesando solicitud…","-[AFConnection _handleCommand:reply:] command = <private>"
2026-09-20 17:14:07.930,"Privado — todo en tu Mac","com.apple.siri","Sin conexiones activas",false,7013,"Procesando solicitud…","-[AFConnection _extendExistingRequestTimeoutForReason:durationInSeconds:] No existing timeout timer set. Skipping."
2026-09-20 17:14:07.930,"Privado — todo en tu Mac","com.apple.siri","Sin conexiones activas",false,7013,"Procesando solicitud…","-[AFConnection _extendExistingRequestTimeoutForReason:durationInSeconds:] reason = requestDidAskForTimeoutExtension:"
2026-09-20 17:14:07.929,"Privado — todo en tu Mac","com.apple.siri","Sin conexiones activas",false,7013,"Procesando solicitud…","-[CampoUISiriChatPresentationController siriSessionDidReceiveAddViewsCommand:completion:] Received an empty SAUIAssistantUtteranceView with no dialog from a SAUIAddViews with aceID:<private> refID:<private>. Marking command as SACommandSucceeded"
2026-09-20 17:14:07.929,"Privado — todo en tu Mac","com.apple.siri","Sin conexiones activas",false,7013,"Procesando solicitud…","-[CampoUISiriChatPresentationController siriSessionDidReceiveAddViewsCommand:completion:] #modes SAUIAddViews view class: SAUIAssistantUtteranceView"
2026-09-20 17:14:07.929,"Privado — todo en tu Mac","com.apple.siri","Sin conexiones activas",false,7010,"Procesando solicitud…","-[CampoUISiriChatPresentationController siriSessionDidReceiveAddViewsCommand:completion:] #Replay isReplaying: 0, wrapper: 0x0"
2026-09-20 17:14:07.929,"Privado — todo en tu Mac","com.apple.siri","Sin conexiones activas",false,7010,"Procesando solicitud…","-[CampoUISiriChatPresentationController siriSessionDidReceiveAddViewsCommand:completion:] #Replay receivedReplayCommand SAUIAddViews: <private>"
2026-09-20 17:14:07.929,"Privado — todo en tu Mac","com.apple.siri","Sin conexiones activas",false,7010,"Procesando solicitud…","-[CampoUISiriChatSession assistantConnection:receivedCommand:completion:] Received Command: StreamChunk aceId: <private>"
2026-09-20 17:14:07.929,"Privado — todo en tu Mac","com.apple.siri","Sin conexiones activas",false,7010,"Procesando solicitud…","-[AFConnection _dispatchCommand:isInterstitial:interstitialPhase:interstitialDelay:reply:] command = <private>, isInterstitial = 0"
2026-09-20 17:14:07.929,"Privado — todo en tu Mac","com.apple.siri","Sin conexiones activas",false,7009,"Procesando solicitud…","-[AFConnection _handleCommand:reply:] command = <private>"
2026-09-20 17:14:07.929,"Privado — todo en tu Mac","com.apple.intelligenceplatform","Sin conexiones activas",false,7009,"SourceUpdater: Dropping notification for <private> - no action needed","SourceUpdater: Dropping notification for <private> - no action needed"
2026-09-20 17:14:07.928,"Privado — todo en tu Mac","com.apple.intelligenceplatform","Sin conexiones activas",false,7009,"Procesando solicitud…","ViewUpdate: <private>: Update is required"
2026-09-20 17:14:07.925,"Privado — todo en tu Mac","com.apple.intelligenceplatform","Sin conexiones activas",false,7009,"SourceUpdater: Dropping notification for <private> - no action needed","SourceUpdater: Dropping notification for <private> - no action needed"
2026-09-20 17:14:07.925,"Privado — todo en tu Mac","com.apple.intelligenceplatform","Sin conexiones activas",false,7009,"SourceUpdater: <private> triggered 32 to run on the live schedule","SourceUpdater: <private> triggered 32 to run on the live schedule"
2026-09-20 17:14:07.921,"Privado — todo en tu Mac","com.apple.siri","Sin conexiones activas",false,7008,"Procesando solicitud…","-[CampoUISiriChatPresentationController siriSessionDidReceiveUpdateVisualResponseSnippetCommand:completion:] command with viewId: <private> handled by presentation: YES"
2026-09-20 17:14:07.921,"Privado — todo en tu Mac","com.apple.siri","Sin conexiones activas",false,7008,"Procesando solicitud…","-[AFConnection _extendExistingRequestTimeoutForReason:durationInSeconds:] No existing timeout timer set. Skipping."
2026-09-20 17:14:07.921,"Privado — todo en tu Mac","com.apple.siri","Sin conexiones activas",false,7008,"Procesando solicitud…","-[AFConnection _extendExistingRequestTimeoutForReason:durationInSeconds:] reason = requestDidAskForTimeoutExtension:"
2026-09-20 17:14:07.920,"Privado — todo en tu Mac","com.apple.siri","Sin conexiones activas",false,7008,"Procesando solicitud…","-[CampoUISiriChatSession assistantConnection:receivedCommand:completion:] Received Command: StreamChunk aceId: <private>"
2026-09-20 17:14:07.920,"Privado — todo en tu Mac","com.apple.siri","Sin conexiones activas",false,7008,"Procesando solicitud…","-[AFConnection _dispatchCommand:isInterstitial:interstitialPhase:interstitialDelay:reply:] command = <private>, isInterstitial = 0"
2026-09-20 17:14:07.920,"Privado — todo en tu Mac","com.apple.siri","Sin conexiones activas",false,7007,"Procesando solicitud…","-[AFConnection _handleCommand:reply:] command = <private>"
2026-09-20 17:14:07.920,"Privado — todo en tu Mac","com.apple.intelligenceplatform","Sin conexiones activas",false,7007,"Procesando solicitud…","ViewUpdate: 32:ITDDatestampEventIDIndexView: Beginning view update attempt"
2026-09-20 17:14:07.920,"Privado — todo en tu Mac","com.apple.intelligenceplatform","Sin conexiones activas",false,7007,"SourceUpdater: Dropping notification for <private> - no action needed","SourceUpdater: Dropping notification for <private> - no action needed"
2026-09-20 17:14:07.920,"Privado — todo en tu Mac","com.apple.siri","Sin conexiones activas",false,7007,"Procesando solicitud…","-[AFConnection _extendExistingRequestTimeoutForReason:durationInSeconds:] No existing timeout timer set. Skipping."
2026-09-20 17:14:07.920,"Privado — todo en tu Mac","com.apple.siri","Sin conexiones activas",false,7006,"Procesando solicitud…","-[AFConnection _extendExistingRequestTimeoutForReason:durationInSeconds:] reason = requestDidAskForTimeoutExtension:"
2026-09-20 17:14:07.916,"Privado — todo en tu Mac","com.apple.intelligenceplatform","Sin conexiones activas",false,7006,"Procesando solicitud…","ViewUpdate: 32:ITDDatestampEventIDIndexView: Ending view update attempt"
2026-09-20 17:14:07.916,"Privado — todo en tu Mac","com.apple.intelligenceplatform","Sin conexiones activas",false,7006,"ViewUpdate: completed update","ViewUpdate: completed update"
2026-09-20 17:14:07.916,"Privado — todo en tu Mac","com.apple.intelligenceplatform","Sin conexiones activas",false,7006,"Procesando solicitud…","ViewUpdate: 32:ITDDatestampEventIDIndexView: View was updated"
2026-09-20 17:14:07.916,"Privado — todo en tu Mac","com.apple.intelligenceplatform","Sin conexiones activas",false,7006,"IntelligenceFlow.Transcript.Datastream","ViewUpdate: 32:ITDDatestampEventIDIndexView: re-adding to schedule live as source timestamp has changed since the update for SourceState(sourceId: 44, sourceType: IntelligencePlatformCore.ViewUpdate.SourceType.biome, sourceIdentifier: ""IntelligenceFlow.Transcript.Datastream"", updateType: IntelligencePlatformCore.ViewUpdate.UpdateType.normal, modifiedTimestamp: 811610047.907443, available: true, lastQueriedSourceData: nil)"
2026-09-20 17:14:07.914,"Privado — todo en tu Mac","com.apple.intelligenceplatform","Sin conexiones activas",false,7005,"Procesando solicitud…","ViewUpdate: <private>: <private>: Finished update"
2026-09-20 17:14:07.914,"Privado — todo en tu Mac","com.apple.intelligenceplatform","Sin conexiones activas",false,7005,"Procesando solicitud…","ViewUpdate: <private>: Finished update"
2026-09-20 17:14:07.912,"Privado — todo en tu Mac","com.apple.intelligenceplatform","Sin conexiones activas",false,7005,"SourceUpdater: <private> triggered 32 to run on the live schedule","SourceUpdater: <private> triggered 32 to run on the live schedule"
2026-09-20 17:14:07.911,"Privado — todo en tu Mac","com.apple.siri","Sin conexiones activas",false,7005,"Procesando solicitud…","-[CampoUISiriChatPresentationController siriSessionDidReceiveAddViewsCommand:completion:] Received an empty SAUIAssistantUtteranceView with no dialog from a SAUIAddViews with aceID:<private> refID:<private>. Marking command as SACommandSucceeded"
2026-09-20 17:14:07.911,"Privado — todo en tu Mac","com.apple.siri","Sin conexiones activas",false,7004,"Procesando solicitud…","-[CampoUISiriChatPresentationController siriSessionDidReceiveAddViewsCommand:completion:] #modes SAUIAddViews view class: SAUIAssistantUtteranceView"
2026-09-20 17:14:07.911,"Privado — todo en tu Mac","com.apple.siri","Sin conexiones activas",false,7004,"Procesando solicitud…","-[CampoUISiriChatPresentationController siriSessionDidReceiveAddViewsCommand:completion:] #Replay receivedReplayCommand SAUIAddViews: <private>"
2026-09-20 17:14:07.911,"Privado — todo en tu Mac","com.apple.siri","Sin conexiones activas",false,7004,"Procesando solicitud…","-[CampoUISiriChatPresentationController siriSessionDidReceiveUpdateVisualResponseSnippetCommand:completion:] command with viewId: <private> handled by presentation: YES"
2026-09-20 17:14:07.910,"Privado — todo en tu Mac","com.apple.intelligenceplatform","Sin conexiones activas",false,7004,"Using target provided in IntelligencePlatform for view: (<private>)","Using target provided in IntelligencePlatform for view: (<private>)"
2026-09-20 17:14:07.909,"Privado — todo en tu Mac","com.apple.intelligenceplatform","Sin conexiones activas",false,7004,"Procesando solicitud…","ViewUpdate: <private>: Update is required"
2026-09-20 17:14:07.905,"Privado — todo en tu Mac","com.apple.siri","Sin conexiones activas",false,7003,"Processsing latency progress update: <private>","Processsing latency progress update: <private>"
2026-09-20 17:14:07.905,"Privado — todo en tu Mac","com.apple.siri","Sin conexiones activas",false,7003,"Procesando solicitud…","-[CampoUISiriChatSession assistantConnection:receivedCommand:completion:] Received Command: StreamChunk aceId: <private>"
2026-09-20 17:14:07.905,"Privado — todo en tu Mac","com.apple.siri","Sin conexiones activas",false,7003,"Procesando solicitud…","-[AFConnection _dispatchCommand:isInterstitial:interstitialPhase:interstitialDelay:reply:] command = <private>, isInterstitial = 0"
2026-09-20 17:14:07.905,"Privado — todo en tu Mac","com.apple.siri","Sin conexiones activas",false,7003,"Procesando solicitud…","-[AFConnection _handleCommand:reply:] command = <private>"
2026-09-20 17:14:07.905,"Privado — todo en tu Mac","com.apple.siri","Sin conexiones activas",false,7003,"Procesando solicitud…","-[AFConnection _extendExistingRequestTimeoutForReason:durationInSeconds:] No existing timeout timer set. Skipping."
2026-09-20 17:14:07.905,"Privado — todo en tu Mac","com.apple.siri","Sin conexiones activas",false,7003,"Procesando solicitud…","-[AFConnection _extendExistingRequestTimeoutForReason:durationInSeconds:] reason = requestDidAskForTimeoutExtension:"
2026-09-20 17:14:07.905,"Privado — todo en tu Mac","com.apple.intelligenceplatform","Sin conexiones activas",false,7003,"Procesando solicitud…","ViewUpdate: 32:ITDDatestampEventIDIndexView: Beginning view update attempt"
2026-09-20 17:14:07.904,"Privado — todo en tu Mac","com.apple.intelligenceplatform","Sin conexiones activas",false,7002,"ViewUpdate: Initially have 3 views that may need updating","ViewUpdate: Initially have 3 views that may need updating"
2026-09-20 17:14:07.904,"Privado — todo en tu Mac","com.apple.intelligenceplatform","Sin conexiones activas",false,7002,"ViewUpdate: Starting schedule run <private>","ViewUpdate: Starting schedule run <private>"
2026-09-20 17:14:07.904,"Privado — todo en tu Mac","com.apple.intelligenceplatform","Sin conexiones activas",false,7002,"Procesando solicitud…","ViewUpdate: Beginning update job for live [runMode: update, checkSLA: true]"
2026-09-20 17:14:07.904,"Privado — todo en tu Mac","com.apple.intelligenceplatform","Sin conexiones activas",false,7002,"SourceUpdater: <private> triggered 100 to run on the live schedule","SourceUpdater: <private> triggered 100 to run on the live schedule"
2026-09-20 17:14:07.904,"Privado — todo en tu Mac","com.apple.intelligenceplatform","Sin conexiones activas",false,7001,"SourceUpdater: <private> triggered 99 to run on the live schedule","SourceUpdater: <private> triggered 99 to run on the live schedule"
2026-09-20 17:14:07.904,"Privado — todo en tu Mac","com.apple.intelligenceplatform","Sin conexiones activas",false,7001,"SourceUpdater: <private> triggered 32 to run on the live schedule","SourceUpdater: <private> triggered 32 to run on the live schedule"
2026-09-20 17:14:07.904,"Privado — todo en tu Mac","com.apple.siri","Sin conexiones activas",false,7001,"Procesando solicitud…","-[AFConnection _extendExistingRequestTimeoutForReason:durationInSeconds:] No existing timeout timer set. Skipping."
2026-09-20 17:14:07.904,"Privado — todo en tu Mac","com.apple.siri","Sin conexiones activas",false,7001,"Procesando solicitud…","-[AFConnection _extendExistingRequestTimeoutForReason:durationInSeconds:] reason = requestDidAskForTimeoutExtension:"
2026-09-20 17:14:07.878,"Privado — todo en tu Mac","com.apple.intelligenceplatform","Sin conexiones activas",false,7000,"ViewUpdate: Finished update job for live","ViewUpdate: Finished update job for live"
2026-09-20 17:14:07.878,"Privado — todo en tu Mac","com.apple.intelligenceplatform","Sin conexiones activas",false,7000,"ViewUpdate: Initially have 0 views that may need updating","ViewUpdate: Initially have 0 views that may need updating"
2026-09-20 17:14:07.878,"Privado — todo en tu Mac","com.apple.intelligenceplatform","Sin conexiones activas",false,7000,"ViewUpdate: Starting schedule run <private>","ViewUpdate: Starting schedule run <private>"
2026-09-20 17:14:07.878,"Privado — todo en tu Mac","com.apple.intelligenceplatform","Sin conexiones activas",false,7000,"Procesando solicitud…","ViewUpdate: Beginning update job for live [runMode: update, checkSLA: true]"
2026-09-20 17:14:07.878,"Privado — todo en tu Mac","com.apple.intelligenceplatform","Sin conexiones activas",false,7000,"ViewUpdate: Finished update job for live","ViewUpdate: Finished update job for live"
2026-09-20 17:14:07.878,"Privado — todo en tu Mac","com.apple.intelligenceplatform","Sin conexiones activas",false,7000,"Procesando solicitud…","ViewUpdate: 100:ITDDatestampClientSessionIDClientRequestIDIndexView: Ending view update attempt"
2026-09-20 17:14:07.878,"Privado — todo en tu Mac","com.apple.intelligenceplatform","Sin conexiones activas",false,6999,"ViewUpdate: completed update","ViewUpdate: completed update"
2026-09-20 17:14:07.878,"Privado — todo en tu Mac","com.apple.intelligenceplatform","Sin conexiones activas",false,6999,"Procesando solicitud…","ViewUpdate: 100:ITDDatestampClientSessionIDClientRequestIDIndexView: View was updated"
2026-09-20 17:14:07.876,"Privado — todo en tu Mac","com.apple.intelligenceplatform","Sin conexiones activas",false,6999,"Procesando solicitud…","ViewUpdate: <private>: <private>: Finished update"
2026-09-20 17:14:07.876,"Privado — todo en tu Mac","com.apple.intelligenceplatform","Sin conexiones activas",false,6999,"Procesando solicitud…","ViewUpdate: <private>: Finished update"
2026-09-20 17:14:07.864,"Privado — todo en tu Mac","com.apple.intelligenceplatform","Sin conexiones activas",false,6999,"Using target provided in IntelligencePlatform for view: (<private>)","Using target provided in IntelligencePlatform for view: (<private>)"
2026-09-20 17:14:07.863,"Privado — todo en tu Mac","com.apple.intelligenceplatform","Sin conexiones activas",false,6999,"Procesando solicitud…","ViewUpdate: <private>: Update is required"
2026-09-20 17:14:07.860,"Privado — todo en tu Mac","com.apple.intelligenceplatform","Sin conexiones activas",false,6999,"Procesando solicitud…","ViewUpdate: 100:ITDDatestampClientSessionIDClientRequestIDIndexView: Beginning view update attempt"
2026-09-20 17:14:07.859,"Privado — todo en tu Mac","com.apple.intelligenceplatform","Sin conexiones activas",false,6999,"Procesando solicitud…","ViewUpdate: 99:ITDDatestampSessionIDIndexView: Ending view update attempt"
2026-09-20 17:14:07.859,"Privado — todo en tu Mac","com.apple.intelligenceplatform","Sin conexiones activas",false,6998,"ViewUpdate: completed update","ViewUpdate: completed update"
2026-09-20 17:14:07.859,"Privado — todo en tu Mac","com.apple.intelligenceplatform","Sin conexiones activas",false,6998,"Procesando solicitud…","ViewUpdate: 99:ITDDatestampSessionIDIndexView: View was updated"
2026-09-20 17:14:07.858,"Privado — todo en tu Mac","com.apple.intelligenceplatform","Sin conexiones activas",false,6998,"Procesando solicitud…","ViewUpdate: <private>: <private>: Finished update"
2026-09-20 17:14:07.858,"Privado — todo en tu Mac","com.apple.intelligenceplatform","Sin conexiones activas",false,6998,"Procesando solicitud…","ViewUpdate: <private>: Finished update"
2026-09-20 17:14:07.853,"Privado — todo en tu Mac","com.apple.intelligenceplatform","Sin conexiones activas",false,6998,"Using target provided in IntelligencePlatform for view: (<private>)","Using target provided in IntelligencePlatform for view: (<private>)"
2026-09-20 17:14:07.852,"Privado — todo en tu Mac","com.apple.intelligenceplatform","Sin conexiones activas",false,6998,"Procesando solicitud…","ViewUpdate: <private>: Update is required"
2026-09-20 17:14:07.848,"Privado — todo en tu Mac","com.apple.intelligenceplatform","Sin conexiones activas",false,6998,"Procesando solicitud…","ViewUpdate: 99:ITDDatestampSessionIDIndexView: Beginning view update attempt"
2026-09-20 17:14:07.847,"Privado — todo en tu Mac","com.apple.intelligenceplatform","Sin conexiones activas",false,6998,"Procesando solicitud…","ViewUpdate: 32:ITDDatestampEventIDIndexView: Ending view update attempt"
2026-09-20 17:14:07.847,"Privado — todo en tu Mac","com.apple.intelligenceplatform","Sin conexiones activas",false,6997,"ViewUpdate: completed update","ViewUpdate: completed update"
2026-09-20 17:14:07.847,"Privado — todo en tu Mac","com.apple.intelligenceplatform","Sin conexiones activas",false,6997,"Procesando solicitud…","ViewUpdate: 32:ITDDatestampEventIDIndexView: View was updated"
2026-09-20 17:14:07.846,"Privado — todo en tu Mac","com.apple.intelligenceplatform","Sin conexiones activas",false,6997,"Procesando solicitud…","ViewUpdate: <private>: <private>: Finished update"
2026-09-20 17:14:07.846,"Privado — todo en tu Mac","com.apple.intelligenceplatform","Sin conexiones activas",false,6997,"Procesando solicitud…","ViewUpdate: <private>: Finished update"
2026-09-20 17:14:07.839,"Privado — todo en tu Mac","com.apple.intelligenceplatform","Sin conexiones activas",false,6997,"Using target provided in IntelligencePlatform for view: (<private>)","Using target provided in IntelligencePlatform for view: (<private>)"
2026-09-20 17:14:07.838,"Privado — todo en tu Mac","com.apple.intelligenceplatform","Sin conexiones activas",false,6997,"Procesando solicitud…","ViewUpdate: <private>: Update is required"
2026-09-20 17:14:07.833,"Privado — todo en tu Mac","com.apple.intelligenceplatform","Sin conexiones activas",false,6997,"Procesando solicitud…","ViewUpdate: 32:ITDDatestampEventIDIndexView: Beginning view update attempt"
2026-09-20 17:14:07.833,"Privado — todo en tu Mac","com.apple.intelligenceplatform","Sin conexiones activas",false,6997,"Procesando solicitud…","ViewUpdate: 99:ITDDatestampSessionIDIndexView: Ending view update attempt"
2026-09-20 17:14:07.833,"Privado — todo en tu Mac","com.apple.intelligenceplatform","Sin conexiones activas",false,6997,"ViewUpdate: completed update","ViewUpdate: completed update"
2026-09-20 17:14:07.832,"Privado — todo en tu Mac","com.apple.intelligenceplatform","Sin conexiones activas",false,6997,"Procesando solicitud…","ViewUpdate: 99:ITDDatestampSessionIDIndexView: View was updated"
2026-09-20 17:14:07.832,"Privado — todo en tu Mac","com.apple.intelligenceplatform","Sin conexiones activas",false,6997,"IntelligenceFlow.Transcript.Datastream","ViewUpdate: 99:ITDDatestampSessionIDIndexView: re-adding to schedule live as source timestamp has changed since the update for SourceState(sourceId: 44, sourceType: IntelligencePlatformCore.ViewUpdate.SourceType.biome, sourceIdentifier: ""IntelligenceFlow.Transcript.Datastream"", updateType: IntelligencePlatformCore.ViewUpdate.UpdateType.normal, modifiedTimestamp: 811610047.818311, available: true, lastQueriedSourceData: nil)"
2026-09-20 17:14:07.831,"Privado — todo en tu Mac","com.apple.intelligenceplatform","Sin conexiones activas",false,6997,"Procesando solicitud…","ViewUpdate: <private>: <private>: Finished update"
2026-09-20 17:14:07.831,"Privado — todo en tu Mac","com.apple.intelligenceplatform","Sin conexiones activas",false,6997,"Procesando solicitud…","ViewUpdate: <private>: Finished update"
2026-09-20 17:14:07.824,"Privado — todo en tu Mac","com.apple.intelligenceplatform","Sin conexiones activas",false,6997,"SourceUpdater: Dropping notification for <private> - no action needed","SourceUpdater: Dropping notification for <private> - no action needed"
2026-09-20 17:14:07.824,"Privado — todo en tu Mac","com.apple.siri","Sin conexiones activas",false,6996,"Procesando solicitud…","-[CampoUISiriChatPresentationController siriSessionDidReceiveAddViewsCommand:completion:] Received an empty SAUIAssistantUtteranceView with no dialog from a SAUIAddViews with aceID:<private> refID:<private>. Marking command as SACommandSucceeded"
2026-09-20 17:14:07.824,"Privado — todo en tu Mac","com.apple.siri","Sin conexiones activas",false,6996,"Procesando solicitud…","-[CampoUISiriChatPresentationController siriSessionDidReceiveAddViewsCommand:completion:] #modes SAUIAddViews view class: SAUIAssistantUtteranceView"
2026-09-20 17:14:07.824,"Privado — todo en tu Mac","com.apple.siri","Sin conexiones activas",false,6996,"Procesando solicitud…","-[CampoUISiriChatPresentationController siriSessionDidReceiveAddViewsCommand:completion:] #Replay isReplaying: 0, wrapper: 0x0"
2026-09-20 17:14:07.824,"Privado — todo en tu Mac","com.apple.siri","Sin conexiones activas",false,6996,"Procesando solicitud…","-[CampoUISiriChatPresentationController siriSessionDidReceiveAddViewsCommand:completion:] #Replay receivedReplayCommand SAUIAddViews: <private>"
2026-09-20 17:14:07.824,"Privado — todo en tu Mac","com.apple.siri","Sin conexiones activas",false,6993,"Procesando solicitud…","-[CampoUISiriChatPresentationController siriSessionDidReceiveUpdateVisualResponseSnippetCommand:completion:] command with viewId: <private> handled by presentation: YES"
2026-09-20 17:14:07.824,"Privado — todo en tu Mac","com.apple.siri","Sin conexiones activas",false,6993,"Procesando solicitud…","-[CampoUISiriChatPresentationController siriSessionDidReceiveAddViewsCommand:completion:] Received an empty SAUIAssistantUtteranceView with no dialog from a SAUIAddViews with aceID:<private> refID:<private>. Marking command as SACommandSucceeded"
2026-09-20 17:14:07.824,"Privado — todo en tu Mac","com.apple.siri","Sin conexiones activas",false,6993,"Procesando solicitud…","-[CampoUISiriChatPresentationController siriSessionDidReceiveAddViewsCommand:completion:] #modes SAUIAddViews view class: SAUIAssistantUtteranceView"
2026-09-20 17:14:07.824,"Privado — todo en tu Mac","com.apple.siri","Sin conexiones activas",false,6993,"Procesando solicitud…","-[CampoUISiriChatPresentationController siriSessionDidReceiveAddViewsCommand:completion:] #Replay receivedReplayCommand SAUIAddViews: <private>"
2026-09-20 17:14:07.824,"Privado — todo en tu Mac","com.apple.siri","Sin conexiones activas",false,6993,"Procesando solicitud…","-[CampoUISiriChatPresentationController siriSessionDidReceiveUpdateVisualResponseSnippetCommand:completion:] command with viewId: <private> handled by presentation: YES"
2026-09-20 17:14:07.823,"Privado — todo en tu Mac","com.apple.siri","Sin conexiones activas",false,6993,"Procesando solicitud…","-[CampoUISiriChatPresentationController siriSessionDidReceiveAddViewsCommand:completion:] Received an empty SAUIAssistantUtteranceView with no dialog from a SAUIAddViews with aceID:<private> refID:<private>. Marking command as SACommandSucceeded"
2026-09-20 17:14:07.823,"Privado — todo en tu Mac","com.apple.siri","Sin conexiones activas",false,6992,"Procesando solicitud…","-[CampoUISiriChatPresentationController siriSessionDidReceiveAddViewsCommand:completion:] #modes SAUIAddViews view class: SAUIAssistantUtteranceView"
2026-09-20 17:14:07.823,"Privado — todo en tu Mac","com.apple.siri","Sin conexiones activas",false,6992,"Procesando solicitud…","-[CampoUISiriChatPresentationController siriSessionDidReceiveAddViewsCommand:completion:] #Replay isReplaying: 0, wrapper: 0x0"
2026-09-20 17:14:07.823,"Privado — todo en tu Mac","com.apple.siri","Sin conexiones activas",false,6992,"Procesando solicitud…","-[CampoUISiriChatPresentationController siriSessionDidReceiveAddViewsCommand:completion:] #Replay receivedReplayCommand SAUIAddViews: <private>"
2026-09-20 17:14:07.822,"Privado — todo en tu Mac","com.apple.intelligenceplatform","Sin conexiones activas",false,6992,"SourceUpdater: <private> triggered 99 to run on the live schedule","SourceUpdater: <private> triggered 99 to run on the live schedule"
2026-09-20 17:14:07.822,"Privado — todo en tu Mac","com.apple.intelligenceplatform","Sin conexiones activas",false,6992,"SourceUpdater: <private> triggered 32 to run on the live schedule","SourceUpdater: <private> triggered 32 to run on the live schedule"
2026-09-20 17:14:07.822,"Privado — todo en tu Mac","com.apple.siri","Sin conexiones activas",false,6992,"Procesando solicitud…","-[CampoUISiriChatPresentationController siriSessionDidReceiveUpdateVisualResponseSnippetCommand:completion:] command with viewId: <private> handled by presentation: YES"
2026-09-20 17:14:07.822,"Privado — todo en tu Mac","com.apple.siri","Sin conexiones activas",false,6991,"Procesando solicitud…","-[CampoUISiriChatPresentationController siriSessionDidReceiveAddViewsCommand:completion:] Received an empty SAUIAssistantUtteranceView with no dialog from a SAUIAddViews with aceID:<private> refID:<private>. Marking command as SACommandSucceeded"
2026-09-20 17:14:07.822,"Privado — todo en tu Mac","com.apple.siri","Sin conexiones activas",false,6991,"Procesando solicitud…","-[CampoUISiriChatPresentationController siriSessionDidReceiveAddViewsCommand:completion:] #modes SAUIAddViews view class: SAUIAssistantUtteranceView"
2026-09-20 17:14:07.822,"Privado — todo en tu Mac","com.apple.siri","Sin conexiones activas",false,6991,"Procesando solicitud…","-[CampoUISiriChatPresentationController siriSessionDidReceiveAddViewsCommand:completion:] #Replay receivedReplayCommand SAUIAddViews: <private>"
2026-09-20 17:14:07.822,"Privado — todo en tu Mac","com.apple.siri","Sin conexiones activas",false,6991,"Procesando solicitud…","-[CampoUISiriChatPresentationController siriSessionDidReceiveUpdateVisualResponseSnippetCommand:completion:] command with viewId: <private> handled by presentation: YES"
2026-09-20 17:14:07.822,"Privado — todo en tu Mac","com.apple.siri","Sin conexiones activas",false,6991,"Procesando solicitud…","-[CampoUISiriChatPresentationController siriSessionDidReceiveAddViewsCommand:completion:] Received an empty SAUIAssistantUtteranceView with no dialog from a SAUIAddViews with aceID:<private> refID:<private>. Marking command as SACommandSucceeded"
2026-09-20 17:14:07.822,"Privado — todo en tu Mac","com.apple.siri","Sin conexiones activas",false,6991,"Procesando solicitud…","-[CampoUISiriChatPresentationController siriSessionDidReceiveAddViewsCommand:completion:] #modes SAUIAddViews view class: SAUIAssistantUtteranceView"
2026-09-20 17:14:07.822,"Privado — todo en tu Mac","com.apple.siri","Sin conexiones activas",false,6991,"Procesando solicitud…","-[CampoUISiriChatPresentationController siriSessionDidReceiveAddViewsCommand:completion:] #Replay receivedReplayCommand SAUIAddViews: <private>"
2026-09-20 17:14:07.821,"Privado — todo en tu Mac","com.apple.siri","Sin conexiones activas",false,6990,"Procesando solicitud…","-[CampoUISiriChatPresentationController siriSessionDidReceiveUpdateVisualResponseSnippetCommand:completion:] command with viewId: <private> handled by presentation: YES"
2026-09-20 17:14:07.821,"Privado — todo en tu Mac","com.apple.siri","Sin conexiones activas",false,6990,"Procesando solicitud…","-[CampoUISiriChatPresentationController siriSessionDidReceiveAddViewsCommand:completion:] Received an empty SAUIAssistantUtteranceView with no dialog from a SAUIAddViews with aceID:<private> refID:<private>. Marking command as SACommandSucceeded"
2026-09-20 17:14:07.821,"Privado — todo en tu Mac","com.apple.siri","Sin conexiones activas",false,6990,"Procesando solicitud…","-[CampoUISiriChatPresentationController siriSessionDidReceiveAddViewsCommand:completion:] #modes SAUIAddViews view class: SAUIAssistantUtteranceView"
2026-09-20 17:14:07.821,"Privado — todo en tu Mac","com.apple.siri","Sin conexiones activas",false,6990,"Procesando solicitud…","-[CampoUISiriChatPresentationController siriSessionDidReceiveAddViewsCommand:completion:] #Replay receivedReplayCommand SAUIAddViews: <private>"
2026-09-20 17:14:07.821,"Privado — todo en tu Mac","com.apple.siri","Sin conexiones activas",false,6990,"Procesando solicitud…","-[CampoUISiriChatPresentationController siriSessionDidReceiveUpdateVisualResponseSnippetCommand:completion:] command with viewId: <private> handled by presentation: YES"
2026-09-20 17:14:07.821,"Privado — todo en tu Mac","com.apple.siri","Sin conexiones activas",false,6989,"Procesando solicitud…","-[CampoUISiriChatPresentationController siriSessionDidReceiveAddViewsCommand:completion:] Received an empty SAUIAssistantUtteranceView with no dialog from a SAUIAddViews with aceID:<private> refID:<private>. Marking command as SACommandSucceeded"
2026-09-20 17:14:07.821,"Privado — todo en tu Mac","com.apple.siri","Sin conexiones activas",false,6989,"Procesando solicitud…","-[CampoUISiriChatPresentationController siriSessionDidReceiveAddViewsCommand:completion:] #modes SAUIAddViews view class: SAUIAssistantUtteranceView"
2026-09-20 17:14:07.821,"Privado — todo en tu Mac","com.apple.siri","Sin conexiones activas",false,6989,"Procesando solicitud…","-[CampoUISiriChatPresentationController siriSessionDidReceiveAddViewsCommand:completion:] #Replay isReplaying: 0, wrapper: 0x0"
2026-09-20 17:14:07.821,"Privado — todo en tu Mac","com.apple.siri","Sin conexiones activas",false,6989,"Procesando solicitud…","-[CampoUISiriChatPresentationController siriSessionDidReceiveAddViewsCommand:completion:] #Replay receivedReplayCommand SAUIAddViews: <private>"
2026-09-20 17:14:07.820,"Privado — todo en tu Mac","com.apple.siri","Sin conexiones activas",false,6988,"Procesando solicitud…","-[CampoUISiriChatPresentationController siriSessionDidReceiveUpdateVisualResponseSnippetCommand:completion:] command with viewId: <private> handled by presentation: YES"
2026-09-20 17:14:07.818,"Privado — todo en tu Mac","com.apple.siri","Sin conexiones activas",false,6988,"Processsing latency progress update: <private>","Processsing latency progress update: <private>"
2026-09-20 17:14:07.818,"Privado — todo en tu Mac","com.apple.siri","Sin conexiones activas",false,6987,"Procesando solicitud…","-[AFConnection _extendExistingRequestTimeoutForReason:durationInSeconds:] No existing timeout timer set. Skipping."
2026-09-20 17:14:07.818,"Privado — todo en tu Mac","com.apple.siri","Sin conexiones activas",false,6987,"Procesando solicitud…","-[AFConnection _extendExistingRequestTimeoutForReason:durationInSeconds:] reason = requestDidAskForTimeoutExtension:"
2026-09-20 17:14:07.818,"Privado — todo en tu Mac","com.apple.siri","Sin conexiones activas",false,6987,"Processsing latency progress update: <private>","Processsing latency progress update: <private>"
2026-09-20 17:14:07.818,"Privado — todo en tu Mac","com.apple.siri","Sin conexiones activas",false,6987,"Procesando solicitud…","-[AFConnection _extendExistingRequestTimeoutForReason:durationInSeconds:] No existing timeout timer set. Skipping."
2026-09-20 17:14:07.818,"Privado — todo en tu Mac","com.apple.siri","Sin conexiones activas",false,6987,"Procesando solicitud…","-[AFConnection _extendExistingRequestTimeoutForReason:durationInSeconds:] reason = requestDidAskForTimeoutExtension:"
2026-09-20 17:14:07.818,"Privado — todo en tu Mac","com.apple.siri","Sin conexiones activas",false,6987,"Processsing latency progress update: <private>","Processsing latency progress update: <private>"
2026-09-20 17:14:07.818,"Privado — todo en tu Mac","com.apple.siri","Sin conexiones activas",false,6987,"Procesando solicitud…","-[AFConnection _extendExistingRequestTimeoutForReason:durationInSeconds:] No existing timeout timer set. Skipping."
2026-09-20 17:14:07.818,"Privado — todo en tu Mac","com.apple.siri","Sin conexiones activas",false,6986,"Procesando solicitud…","-[AFConnection _extendExistingRequestTimeoutForReason:durationInSeconds:] reason = requestDidAskForTimeoutExtension:"
2026-09-20 17:14:07.818,"Privado — todo en tu Mac","com.apple.siri","Sin conexiones activas",false,6986,"Processsing latency progress update: <private>","Processsing latency progress update: <private>"
2026-09-20 17:14:07.818,"Privado — todo en tu Mac","com.apple.siri","Sin conexiones activas",false,6986,"Procesando solicitud…","-[AFConnection _extendExistingRequestTimeoutForReason:durationInSeconds:] No existing timeout timer set. Skipping."
2026-09-20 17:14:07.818,"Privado — todo en tu Mac","com.apple.siri","Sin conexiones activas",false,6986,"Procesando solicitud…","-[AFConnection _extendExistingRequestTimeoutForReason:durationInSeconds:] reason = requestDidAskForTimeoutExtension:"
2026-09-20 17:14:07.818,"Privado — todo en tu Mac","com.apple.siri","Sin conexiones activas",false,6986,"Processsing latency progress update: <private>","Processsing latency progress update: <private>"
2026-09-20 17:14:07.818,"Privado — todo en tu Mac","com.apple.siri","Sin conexiones activas",false,6986,"Procesando solicitud…","-[AFConnection _extendExistingRequestTimeoutForReason:durationInSeconds:] No existing timeout timer set. Skipping."
2026-09-20 17:14:07.818,"Privado — todo en tu Mac","com.apple.siri","Sin conexiones activas",false,6986,"Procesando solicitud…","-[AFConnection _extendExistingRequestTimeoutForReason:durationInSeconds:] reason = requestDidAskForTimeoutExtension:"
2026-09-20 17:14:07.818,"Privado — todo en tu Mac","com.apple.siri","Sin conexiones activas",false,6985,"Processsing latency progress update: <private>","Processsing latency progress update: <private>"
2026-09-20 17:14:07.818,"Privado — todo en tu Mac","com.apple.siri","Sin conexiones activas",false,6985,"Procesando solicitud…","-[CampoUISiriChatSession assistantConnection:receivedCommand:completion:] Received Command: StreamChunk aceId: <private>"
2026-09-20 17:14:07.818,"Privado — todo en tu Mac","com.apple.siri","Sin conexiones activas",false,6985,"Procesando solicitud…","-[AFConnection _dispatchCommand:isInterstitial:interstitialPhase:interstitialDelay:reply:] command = <private>, isInterstitial = 0"
2026-09-20 17:14:07.818,"Privado — todo en tu Mac","com.apple.siri","Sin conexiones activas",false,6985,"Procesando solicitud…","-[AFConnection _handleCommand:reply:] command = <private>"
2026-09-20 17:14:07.818,"Privado — todo en tu Mac","com.apple.siri","Sin conexiones activas",false,6985,"Procesando solicitud…","-[AFConnection _extendExistingRequestTimeoutForReason:durationInSeconds:] No existing timeout timer set. Skipping."
2026-09-20 17:14:07.818,"Privado — todo en tu Mac","com.apple.siri","Sin conexiones activas",false,6985,"Procesando solicitud…","-[AFConnection _extendExistingRequestTimeoutForReason:durationInSeconds:] reason = requestDidAskForTimeoutExtension:"
2026-09-20 17:14:07.818,"Privado — todo en tu Mac","com.apple.siri","Sin conexiones activas",false,6985,"Procesando solicitud…","-[AFConnection _extendExistingRequestTimeoutForReason:durationInSeconds:] No existing timeout timer set. Skipping."
2026-09-20 17:14:07.818,"Privado — todo en tu Mac","com.apple.siri","Sin conexiones activas",false,6985,"Procesando solicitud…","-[AFConnection _extendExistingRequestTimeoutForReason:durationInSeconds:] reason = requestDidAskForTimeoutExtension:"
2026-09-20 17:14:07.818,"Privado — todo en tu Mac","com.apple.siri","Sin conexiones activas",false,6985,"Processsing latency progress update: <private>","Processsing latency progress update: <private>"
2026-09-20 17:14:07.818,"Privado — todo en tu Mac","com.apple.siri","Sin conexiones activas",false,6984,"Procesando solicitud…","-[AFConnection _extendExistingRequestTimeoutForReason:durationInSeconds:] No existing timeout timer set. Skipping."
2026-09-20 17:14:07.818,"Privado — todo en tu Mac","com.apple.siri","Sin conexiones activas",false,6984,"Procesando solicitud…","-[AFConnection _extendExistingRequestTimeoutForReason:durationInSeconds:] reason = requestDidAskForTimeoutExtension:"
2026-09-20 17:14:07.818,"Privado — todo en tu Mac","com.apple.siri","Sin conexiones activas",false,6984,"Procesando solicitud…","-[CampoUISiriChatSession assistantConnection:receivedCommand:completion:] Received Command: StreamChunk aceId: <private>"
2026-09-20 17:14:07.818,"Privado — todo en tu Mac","com.apple.siri","Sin conexiones activas",false,6984,"Procesando solicitud…","-[AFConnection _dispatchCommand:isInterstitial:interstitialPhase:interstitialDelay:reply:] command = <private>, isInterstitial = 0"
2026-09-20 17:14:07.818,"Privado — todo en tu Mac","com.apple.siri","Sin conexiones activas",false,6984,"Procesando solicitud…","-[AFConnection _handleCommand:reply:] command = <private>"
2026-09-20 17:14:07.818,"Privado — todo en tu Mac","com.apple.siri","Sin conexiones activas",false,6984,"Procesando solicitud…","-[AFConnection _extendExistingRequestTimeoutForReason:durationInSeconds:] No existing timeout timer set. Skipping."
2026-09-20 17:14:07.818,"Privado — todo en tu Mac","com.apple.siri","Sin conexiones activas",false,6984,"Procesando solicitud…","-[AFConnection _extendExistingRequestTimeoutForReason:durationInSeconds:] reason = requestDidAskForTimeoutExtension:"
2026-09-20 17:14:07.818,"Privado — todo en tu Mac","com.apple.siri","Sin conexiones activas",false,6984,"Procesando solicitud…","-[CampoUISiriChatSession assistantConnection:receivedCommand:completion:] Received Command: StreamChunk aceId: <private>"
2026-09-20 17:14:07.818,"Privado — todo en tu Mac","com.apple.siri","Sin conexiones activas",false,6983,"Procesando solicitud…","-[AFConnection _dispatchCommand:isInterstitial:interstitialPhase:interstitialDelay:reply:] command = <private>, isInterstitial = 0"
2026-09-20 17:14:07.818,"Privado — todo en tu Mac","com.apple.siri","Sin conexiones activas",false,6983,"Procesando solicitud…","-[AFConnection _handleCommand:reply:] command = <private>"
2026-09-20 17:14:07.818,"Privado — todo en tu Mac","com.apple.siri","Sin conexiones activas",false,6983,"Procesando solicitud…","-[AFConnection _extendExistingRequestTimeoutForReason:durationInSeconds:] No existing timeout timer set. Skipping."
2026-09-20 17:14:07.818,"Privado — todo en tu Mac","com.apple.siri","Sin conexiones activas",false,6983,"Procesando solicitud…","-[AFConnection _extendExistingRequestTimeoutForReason:durationInSeconds:] reason = requestDidAskForTimeoutExtension:"
2026-09-20 17:14:07.818,"Privado — todo en tu Mac","com.apple.siri","Sin conexiones activas",false,6983,"Procesando solicitud…","-[CampoUISiriChatSession assistantConnection:receivedCommand:completion:] Received Command: StreamChunk aceId: <private>"
2026-09-20 17:14:07.818,"Privado — todo en tu Mac","com.apple.siri","Sin conexiones activas",false,6983,"Procesando solicitud…","-[AFConnection _dispatchCommand:isInterstitial:interstitialPhase:interstitialDelay:reply:] command = <private>, isInterstitial = 0"
2026-09-20 17:14:07.818,"Privado — todo en tu Mac","com.apple.siri","Sin conexiones activas",false,6983,"Procesando solicitud…","-[AFConnection _handleCommand:reply:] command = <private>"
2026-09-20 17:14:07.818,"Privado — todo en tu Mac","com.apple.siri","Sin conexiones activas",false,6983,"Procesando solicitud…","-[AFConnection _extendExistingRequestTimeoutForReason:durationInSeconds:] No existing timeout timer set. Skipping."
2026-09-20 17:14:07.817,"Privado — todo en tu Mac","com.apple.siri","Sin conexiones activas",false,6983,"Procesando solicitud…","-[AFConnection _extendExistingRequestTimeoutForReason:durationInSeconds:] reason = requestDidAskForTimeoutExtension:"
2026-09-20 17:14:07.817,"Privado — todo en tu Mac","com.apple.siri","Sin conexiones activas",false,6982,"Procesando solicitud…","-[CampoUISiriChatSession assistantConnection:receivedCommand:completion:] Received Command: StreamChunk aceId: <private>"
2026-09-20 17:14:07.817,"Privado — todo en tu Mac","com.apple.siri","Sin conexiones activas",false,6982,"Procesando solicitud…","-[AFConnection _dispatchCommand:isInterstitial:interstitialPhase:interstitialDelay:reply:] command = <private>, isInterstitial = 0"
2026-09-20 17:14:07.817,"Privado — todo en tu Mac","com.apple.siri","Sin conexiones activas",false,6982,"Procesando solicitud…","-[AFConnection _handleCommand:reply:] command = <private>"
2026-09-20 17:14:07.817,"Privado — todo en tu Mac","com.apple.siri","Sin conexiones activas",false,6982,"Procesando solicitud…","-[AFConnection _extendExistingRequestTimeoutForReason:durationInSeconds:] No existing timeout timer set. Skipping."
2026-09-20 17:14:07.817,"Privado — todo en tu Mac","com.apple.siri","Sin conexiones activas",false,6982,"Procesando solicitud…","-[AFConnection _extendExistingRequestTimeoutForReason:durationInSeconds:] reason = requestDidAskForTimeoutExtension:"
2026-09-20 17:14:07.817,"Privado — todo en tu Mac","com.apple.siri","Sin conexiones activas",false,6982,"Procesando solicitud…","-[CampoUISiriChatSession assistantConnection:receivedCommand:completion:] Received Command: StreamChunk aceId: <private>"
2026-09-20 17:14:07.817,"Privado — todo en tu Mac","com.apple.siri","Sin conexiones activas",false,6982,"Procesando solicitud…","-[AFConnection _dispatchCommand:isInterstitial:interstitialPhase:interstitialDelay:reply:] command = <private>, isInterstitial = 0"
2026-09-20 17:14:07.817,"Privado — todo en tu Mac","com.apple.siri","Sin conexiones activas",false,6982,"Procesando solicitud…","-[AFConnection _handleCommand:reply:] command = <private>"
2026-09-20 17:14:07.817,"Privado — todo en tu Mac","com.apple.siri","Sin conexiones activas",false,6982,"Procesando solicitud…","-[AFConnection _extendExistingRequestTimeoutForReason:durationInSeconds:] No existing timeout timer set. Skipping."
2026-09-20 17:14:07.817,"Privado — todo en tu Mac","com.apple.siri","Sin conexiones activas",false,6982,"Procesando solicitud…","-[AFConnection _extendExistingRequestTimeoutForReason:durationInSeconds:] reason = requestDidAskForTimeoutExtension:"
2026-09-20 17:14:07.817,"Privado — todo en tu Mac","com.apple.siri","Sin conexiones activas",false,6981,"Procesando solicitud…","-[CampoUISiriChatSession assistantConnection:receivedCommand:completion:] Received Command: StreamChunk aceId: <private>"
2026-09-20 17:14:07.817,"Privado — todo en tu Mac","com.apple.siri","Sin conexiones activas",false,6981,"Procesando solicitud…","-[AFConnection _dispatchCommand:isInterstitial:interstitialPhase:interstitialDelay:reply:] command = <private>, isInterstitial = 0"
2026-09-20 17:14:07.817,"Privado — todo en tu Mac","com.apple.siri","Sin conexiones activas",false,6981,"Procesando solicitud…","-[AFConnection _handleCommand:reply:] command = <private>"
2026-09-20 17:14:07.817,"Privado — todo en tu Mac","com.apple.siri","Sin conexiones activas",false,6981,"Procesando solicitud…","-[AFConnection _extendExistingRequestTimeoutForReason:durationInSeconds:] No existing timeout timer set. Skipping."
2026-09-20 17:14:07.817,"Privado — todo en tu Mac","com.apple.siri","Sin conexiones activas",false,6981,"Procesando solicitud…","-[AFConnection _extendExistingRequestTimeoutForReason:durationInSeconds:] reason = requestDidAskForTimeoutExtension:"
2026-09-20 17:14:07.806,"Privado — todo en tu Mac","com.apple.intelligenceplatform","Sin conexiones activas",false,6981,"Using target provided in IntelligencePlatform for view: (<private>)","Using target provided in IntelligencePlatform for view: (<private>)"
2026-09-20 17:14:07.805,"Privado — todo en tu Mac","com.apple.intelligenceplatform","Sin conexiones activas",false,6981,"Procesando solicitud…","ViewUpdate: <private>: Update is required"
2026-09-20 17:14:07.802,"Privado — todo en tu Mac","com.apple.intelligenceplatform","Sin conexiones activas",false,6981,"Procesando solicitud…","ViewUpdate: 99:ITDDatestampSessionIDIndexView: Beginning view update attempt"
2026-09-20 17:14:07.802,"Privado — todo en tu Mac","com.apple.intelligenceplatform","Sin conexiones activas",false,6980,"Procesando solicitud…","ViewUpdate: 32:ITDDatestampEventIDIndexView: Ending view update attempt"
2026-09-20 17:14:07.802,"Privado — todo en tu Mac","com.apple.intelligenceplatform","Sin conexiones activas",false,6980,"ViewUpdate: completed update","ViewUpdate: completed update"
2026-09-20 17:14:07.801,"Privado — todo en tu Mac","com.apple.intelligenceplatform","Sin conexiones activas",false,6980,"Procesando solicitud…","ViewUpdate: 32:ITDDatestampEventIDIndexView: View was updated"
2026-09-20 17:14:07.800,"Privado — todo en tu Mac","com.apple.intelligenceplatform","Sin conexiones activas",false,6980,"Procesando solicitud…","ViewUpdate: <private>: <private>: Finished update"
2026-09-20 17:14:07.800,"Privado — todo en tu Mac","com.apple.intelligenceplatform","Sin conexiones activas",false,6980,"Procesando solicitud…","ViewUpdate: <private>: Finished update"
2026-09-20 17:14:07.796,"Privado — todo en tu Mac","com.apple.intelligenceplatform","Sin conexiones activas",false,6980,"Using target provided in IntelligencePlatform for view: (<private>)","Using target provided in IntelligencePlatform for view: (<private>)"
2026-09-20 17:14:07.795,"Privado — todo en tu Mac","com.apple.intelligenceplatform","Sin conexiones activas",false,6980,"Procesando solicitud…","ViewUpdate: <private>: Update is required"
2026-09-20 17:14:07.791,"Privado — todo en tu Mac","com.apple.intelligenceplatform","Sin conexiones activas",false,6980,"Procesando solicitud…","ViewUpdate: 32:ITDDatestampEventIDIndexView: Beginning view update attempt"
2026-09-20 17:14:07.790,"Privado — todo en tu Mac","com.apple.intelligenceplatform","Sin conexiones activas",false,6980,"Procesando solicitud…","ViewUpdate: 32:ITDDatestampEventIDIndexView: Ending view update attempt"
2026-09-20 17:14:07.790,"Privado — todo en tu Mac","com.apple.intelligenceplatform","Sin conexiones activas",false,6980,"ViewUpdate: completed update","ViewUpdate: completed update"
2026-09-20 17:14:07.790,"Privado — todo en tu Mac","com.apple.intelligenceplatform","Sin conexiones activas",false,6980,"Procesando solicitud…","ViewUpdate: 32:ITDDatestampEventIDIndexView: View was updated"
2026-09-20 17:14:07.790,"Privado — todo en tu Mac","com.apple.intelligenceplatform","Sin conexiones activas",false,6980,"IntelligenceFlow.Transcript.Datastream","ViewUpdate: 32:ITDDatestampEventIDIndexView: re-adding to schedule live as source timestamp has changed since the update for SourceState(sourceId: 44, sourceType: IntelligencePlatformCore.ViewUpdate.SourceType.biome, sourceIdentifier: ""IntelligenceFlow.Transcript.Datastream"", updateType: IntelligencePlatformCore.ViewUpdate.UpdateType.normal, modifiedTimestamp: 811610047.772075, available: true, lastQueriedSourceData: nil)"
2026-09-20 17:14:07.788,"Privado — todo en tu Mac","com.apple.intelligenceplatform","Sin conexiones activas",false,6977,"Procesando solicitud…","ViewUpdate: <private>: <private>: Finished update"
2026-09-20 17:14:07.788,"Privado — todo en tu Mac","com.apple.intelligenceplatform","Sin conexiones activas",false,6976,"Procesando solicitud…","ViewUpdate: <private>: Finished update"
2026-09-20 17:14:07.780,"Privado — todo en tu Mac","com.apple.intelligenceplatform","Sin conexiones activas",false,6975,"SourceUpdater: Dropping notification for <private> - no action needed","SourceUpdater: Dropping notification for <private> - no action needed"
2026-09-20 17:14:07.779,"Privado — todo en tu Mac","com.apple.intelligenceplatform","Sin conexiones activas",false,6975,"Using target provided in IntelligencePlatform for view: (<private>)","Using target provided in IntelligencePlatform for view: (<private>)"
2026-09-20 17:14:07.778,"Privado — todo en tu Mac","com.apple.intelligenceplatform","Sin conexiones activas",false,6975,"Procesando solicitud…","ViewUpdate: <private>: Update is required"
2026-09-20 17:14:07.778,"Privado — todo en tu Mac","com.apple.intelligenceplatform","Sin conexiones activas",false,6974,"SourceUpdater: Dropping notification for <private> - no action needed","SourceUpdater: Dropping notification for <private> - no action needed"
2026-09-20 17:14:07.777,"Privado — todo en tu Mac","com.apple.intelligenceplatform","Sin conexiones activas",false,6974,"SourceUpdater: <private> triggered 32 to run on the live schedule","SourceUpdater: <private> triggered 32 to run on the live schedule"
2026-09-20 17:14:07.769,"Privado — todo en tu Mac","com.apple.intelligenceplatform","Sin conexiones activas",false,6973,"Procesando solicitud…","ViewUpdate: 32:ITDDatestampEventIDIndexView: Beginning view update attempt"
2026-09-20 17:14:07.769,"Privado — todo en tu Mac","com.apple.intelligenceplatform","Sin conexiones activas",false,6973,"Procesando solicitud…","ViewUpdate: 32:ITDDatestampEventIDIndexView: Ending view update attempt"
2026-09-20 17:14:07.769,"Privado — todo en tu Mac","com.apple.intelligenceplatform","Sin conexiones activas",false,6973,"ViewUpdate: completed update","ViewUpdate: completed update"
2026-09-20 17:14:07.769,"Privado — todo en tu Mac","com.apple.intelligenceplatform","Sin conexiones activas",false,6973,"Procesando solicitud…","ViewUpdate: 32:ITDDatestampEventIDIndexView: View was updated"
2026-09-20 17:14:07.769,"Privado — todo en tu Mac","com.apple.intelligenceplatform","Sin conexiones activas",false,6973,"IntelligenceFlow.Transcript.Datastream","ViewUpdate: 32:ITDDatestampEventIDIndexView: re-adding to schedule live as source timestamp has changed since the update for SourceState(sourceId: 44, sourceType: IntelligencePlatformCore.ViewUpdate.SourceType.biome, sourceIdentifier: ""IntelligenceFlow.Transcript.Datastream"", updateType: IntelligencePlatformCore.ViewUpdate.UpdateType.normal, modifiedTimestamp: 811610047.73778, available: true, lastQueriedSourceData: nil)"
2026-09-20 17:14:07.768,"Privado — todo en tu Mac","com.apple.intelligenceplatform","Sin conexiones activas",false,6972,"Procesando solicitud…","ViewUpdate: <private>: <private>: Finished update"
2026-09-20 17:14:07.768,"Privado — todo en tu Mac","com.apple.intelligenceplatform","Sin conexiones activas",false,6972,"Procesando solicitud…","ViewUpdate: <private>: Finished update"
2026-09-20 17:14:07.753,"Privado — todo en tu Mac","com.apple.intelligenceplatform","Sin conexiones activas",false,6971,"SourceUpdater: Dropping notification for <private> - no action needed","SourceUpdater: Dropping notification for <private> - no action needed"
2026-09-20 17:14:07.751,"Privado — todo en tu Mac","com.apple.siri","Sin conexiones activas",false,6971,"Processsing latency progress update: <private>","Processsing latency progress update: <private>"
2026-09-20 17:14:07.751,"Privado — todo en tu Mac","com.apple.siri","Sin conexiones activas",false,6971,"Procesando solicitud…","-[AFConnection _extendExistingRequestTimeoutForReason:durationInSeconds:] No existing timeout timer set. Skipping."
2026-09-20 17:14:07.751,"Privado — todo en tu Mac","com.apple.siri","Sin conexiones activas",false,6971,"Procesando solicitud…","-[AFConnection _extendExistingRequestTimeoutForReason:durationInSeconds:] reason = requestDidAskForTimeoutExtension:"
2026-09-20 17:14:07.751,"Privado — todo en tu Mac","com.apple.siri","Sin conexiones activas",false,6971,"Processsing latency progress update: <private>","Processsing latency progress update: <private>"
2026-09-20 17:14:07.750,"Privado — todo en tu Mac","com.apple.siri","Sin conexiones activas",false,6970,"Procesando solicitud…","-[AFConnection _extendExistingRequestTimeoutForReason:durationInSeconds:] No existing timeout timer set. Skipping."
2026-09-20 17:14:07.750,"Privado — todo en tu Mac","com.apple.siri","Sin conexiones activas",false,6970,"Procesando solicitud…","-[AFConnection _extendExistingRequestTimeoutForReason:durationInSeconds:] reason = requestDidAskForTimeoutExtension:"
